﻿{
	"ACHIEVEMENTS": {
		"X_ACHIEVEMENTS_EARNED": "{1} prestationer upplåsta ({2}%)",
		"ACHIEVEMENTS_DISABLED_MODS_NOTIFICATION": "Prestationer är inaktiverade. För att aktivera dem, starta ett nytt spel utan mods.",
		"ACHIEVEMENTS_DISABLED_OLD_SAVEGAME_NOTIFICATION@2025-01-30 23:32:11": "Prestationer är inaktiverade. För att aktivera dem, starta ett nytt spel eller ladda ett sparat spel från en nyare sparfil.",
		"ACHIEVEMENTS_DISABLED_WARNING@2024-11-06 17:21:00": "Prestationer kan inte låsas upp medan mods är aktiverade.",
		"ACHIEVEMENT_UNLOCKED": "Prestation upplåst!",
		"ACHIEVEMENT_PROGRESS": "Prestations Framsteg",
		"X_HIDDEN_ACHIEVEMENTS_REMAINING": "{1} dold(a) prestation(er)",
		"ACHIEVEMENT_DETAILS_REVEALED_ONCE_UNLOCKED@2024-11-06 17:21:00": "Detaljer för varje prestation kommer att avslöjas när de har låsts upp",
		"ACHIEVEMENTS_DISABLED_IN_BUILD": "Prestationer är inaktiverade i den här versionen"
	}
}