﻿{
	"ACHIEVEMENTS": {
		"ACH_PURCHASE_YOUR_FIRST_HEX_NAME@~2025-01-29 15:59:17": "Expansion",
		"ACH_PURCHASE_YOUR_FIRST_HEX_DESC@~2025-01-29 16:19:21": "Köp ditt första territorium",
		"ACH_OWNTERRITORY_30_NAME": "Ett län för långt",
		"ACH_OWNTERRITORY_30_DESC": "Äg 30 territorium",
		"ACH_OWNTERRITORY_30_CHALLENGE_NAME@~2024-12-20 00:20:41": "Feodalherre",
		"ACH_OWNTERRITORY_30_CHALLENGE_DESC@2025-01-14 23:01:25": "Äg minst 30 territorier (Utmanande regler eller svårare)",
		"ACH_100_POP_NAME@~2025-01-29 15:59:23": "En växande by!",
		"ACH_100_POP_DESC@~2025-01-29 15:59:26": "Nå 100 invånare",
		"ACH_500_POP_NAME@~2025-01-29 15:59:30": "En välmående stad!",
		"ACH_500_POP_DESC@~2025-01-29 15:59:33": "Nå 500 invånare",
		"ACH_POPULATION_500_CHALLENGE_NAME@~2024-12-20 00:21:30": "Civitas Maxima",
		"ACH_POPULATION_500_CHALLENGE_DESC@2025-01-14 23:01:25": "Ha en befolkning på 500 eller fler (Utmanande regler eller svårare)",
		"ACH_PRODUCE_TOOLS_NAME": "Dags för hammare!",
		"ACH_PRODUCE_TOOLS_DESC": "Producera verktyg",
		"ACH_RUSTIC_CHURCH_NAME@~2025-01-29 15:59:38": "Din första kyrka",
		"ACH_RUSTIC_CHURCH_DESC@~2025-01-29 15:59:41": "Bygg en rustik kyrka",
		"ACH_BUILD_EXTENSION_NAME": "Finns det plats för en till?",
		"ACH_BUILD_EXTENSION_DESC": "Bygg till arbetsplatsen",
		"ACH_TRADE_ROUTE_FIRST_NAME": "Livets kryddor",
		"ACH_TRADE_ROUTE_FIRST_DESC": "Starta en handelsväg",
		"ACH_TRADE_ROUTE_UPGRADE_2_NAME": "Hanseatisk anda",
		"ACH_TRADE_ROUTE_UPGRADE_2_DESC": "Uppgradera alla handelsvägar minst en gång",
		"ACH_TRADE_ROUTE_UPGRADE_5_NAME": "Handelsprinsen",
		"ACH_TRADE_ROUTE_UPGRADE_5_DESC@2025-01-14 22:58:01": "Uppgradera en handelsväg till nivå 5",
		"ACH_10000_GOLD_NAME@~2025-01-29 16:01:32": "Badar i guld",
		"ACH_10000_GOLD_DESC@~2025-01-29 16:19:32": "Samla ihop 10 000 mynt",
		"ACH_PROFIT_MONTHLY_1000000_NAME": "Kung Midas",
		"ACH_PROFIT_MONTHLY_1000000_DESC": "Tjäna 15 000 mynt under 30 dagar",
		"ACH_LEVY_MANDATE_NAME": "Bara den här gången... Jag lovar!",
		"ACH_LEVY_MANDATE_DESC": "Tjäna mynt från uttaxeringsmandatet",
		"ACH_ENACT_EDICT_NAME": "Utlysande av förbud",
		"ACH_ENACT_EDICT_DESC": "Utfärda ett förordnande",
		"ACH_SPAWN_BLACK_SHEEP_NAME@~2025-01-29 16:01:40": "HERREGUD, ett svart får. Omöjligt!!",
		"ACH_SPAWN_BLACK_SHEEP_DESC@~2025-01-29 16:01:44": "Framkalla ett svart får",
		"ACH_TAX_VILLAGER_NAME": "Serf och gräs",
		"ACH_TAX_VILLAGER_DESC": "Beskatta en invånare",
		"ACH_ALL_TAXES_NAME": "Saltskattsgambiten",
		"ACH_ALL_TAXES_DESC": "Inför alla sju skatter",
		"ACH_TAXE_MONTHLY_5000_NAME@2025-01-14 22:58:01": "Finansministerns uttag",
		"ACH_TAXE_MONTHLY_5000_DESC@2025-01-14 22:58:01": "Samla 5,000 skattemynt på en enda månad",
		"ACH_PRODUCE_TAVERN_MEAL_NAME@2025-01-14 22:58:01": "Festmåltiden Vildsvinshuvud",
		"ACH_PRODUCE_TAVERN_MEAL_DESC": "Producera en värdshusmåltid",
		"ACH_VILLAGER_HAPPINESS_150_NAME@~2024-12-17 01:03:01": "Glad som en lärka",
		"ACH_VILLAGER_HAPPINESS_150_DESC@~2024-12-19 20:57:14": "Ha en Invånare med 150% Glädje",
		"ACH_GREAT_HALL_SPLENDOR_100_NAME": "Den stora osten av Cheddarpalatset",
		"ACH_GREAT_HALL_SPLENDOR_100_DESC@2025-01-14 22:58:01": "Bygg en Stor Hall med 100 Arbetarprakt",
		"ACH_PRIVILEGE_TRADE_TAXATION_CHALLENGE_NAME@~2024-12-20 00:20:28": "Teloneum",
		"ACH_PRIVILEGE_TRADE_TAXATION_CHALLENGE_DESC@2025-01-20 20:47:26": "Lagstifta om \"Handelsskatter\"-privilegiet (utmaningsregler eller svårare)",
		"ACH_VC_PRESTIGIOUS_BURG_NAME@~2024-12-17 01:14:10": "En av folket",
		"ACH_VC_PRESTIGIOUS_BURG_DESC@2025-01-14 22:58:01": "Uppnå strävan: \"En framgångsrik stad\"",
		"ACH_VC_PRESTIGIOUS_BURG_CHALLENGE_NAME@~2024-12-20 00:21:13": "Borgmästaren",
		"ACH_VC_PRESTIGIOUS_BURG_CHALLENGE_DESC@2025-01-14 23:01:25": "Slutför aspirationen: \"En prestigefylld borg\" (Utmaningsregler eller svårare)",
		"ACH_FORM_COMPANY_NAME@2025-01-14 22:58:01": "Vi marscherar vidare!",
		"ACH_FORM_COMPANY_DESC": "Bilda ett kompani",
		"ACH_FIRST_MILITARY_MISSION_NAME@~2025-01-29 16:01:48": "Hör trumpeterna!",
		"ACH_FIRST_MILITARY_MISSION_DESC@~2025-01-29 16:01:53": "Slutföra ett militärt uppdrag",
		"ACH_MISSION_GRADE_3_NAME@~2024-12-17 01:00:03": "Veni, Vidi, Vici",
		"ACH_MISSION_GRADE_3_DESC@2025-01-14 23:01:25": "Slutför ett militärt uppdrag av grad 3",
		"ACH_DEPLOY_CAMPAIGN_NAME@~2024-09-09 19:50:10": "Montjoie! Saint Denis!",
		"ACH_DEPLOY_CAMPAIGN_DESC@~2024-12-18 15:03:28": "Utplacera en bataljon i en militär kampanj",
		"ACH_MILITARY_CAMPAIGN_CHALLENGE_NAME@~2024-12-20 00:20:57": "Mot alla odds",
		"ACH_MILITARY_CAMPAIGN_CHALLENGE_DESC@~2024-12-20 00:20:52": "Slutför en militär kampanj (utmaningsregler eller svårare)",
		"ACH_PROMOTE_KNIGHT_NAME@~2025-01-29 16:01:58": "En legend är född",
		"ACH_PROMOTE_KNIGHT_DESC@~2025-01-29 16:02:04": "Befordra en soldat till riddare",
		"ACH_HOST_ROYAL_KNIGHTS_NAME": "Skam den, som tänker illa därom!",
		"ACH_HOST_ROYAL_KNIGHTS_DESC@2025-01-14 22:58:01": "Framgångsrikt värd för ett kompani av kungliga riddare",
		"ACH_QUARTERS_SPLENDOR_100_NAME": "Passar för en kung",
		"ACH_QUARTERS_SPLENDOR_100_DESC@2025-01-14 22:58:01": "Bygga privata kvarter värda 100 Kungarikesprakt",
		"ACH_STOCK_RATION_400_NAME": "Salt fisk och pottage",
		"ACH_STOCK_RATION_400_DESC": "Lager 400 Krigsransoner",
		"ACH_ARMYSIZE_100_NAME": "Centuria",
		"ACH_ARMYSIZE_100_DESC": "Har en armé på 100 kombattanter",
		"ACH_VC_KINGDOM_FORTRESS_NAME": "Järn och ek",
		"ACH_VC_KINGDOM_FORTRESS_DESC@2025-01-14 22:58:01": "Slutför ambitionen: \"Ett mäktigt fäste\"",
		"ACH_VC_KINGDOM_FORTRESS_CHALLENGE_NAME@~2024-12-20 00:21:18": "Stål och sten",
		"ACH_VC_KINGDOM_FORTRESS_CHALLENGE_DESC@2025-01-14 23:01:25": "Slutför aspirationen: \"A Mighty Stronghold\" (Utmaningsregler eller svårare)",
		"ACH_HOST_PILGRIM_NAME": "Den helige Jakobs väg",
		"ACH_HOST_PILGRIM_DESC": "Ta emot en pilgrim",
		"ACH_PRODUCE_MONASTIC_MEAL_NAME": "Ora et Labora",
		"ACH_PRODUCE_MONASTIC_MEAL_DESC": "Producera en klostermåltid",
		"ACH_MONTHLY_TRADE_VOLUME_500_NAME": "Via Commercii, Via Dei",
		"ACH_MONTHLY_TRADE_VOLUME_500_DESC@~2024-09-11 17:29:18": "Utbyta 500 resurser med Kinstorp kloster under 30 dagar",
		"ACH_ABBATIAL_SPLENDOR_100_NAME": "Gudomlig arkitektur",
		"ACH_ABBATIAL_SPLENDOR_100_DESC@2025-01-14 22:58:01": "Bygg en abbatialkyrka värd 100 Prästerskapets prakt",
		"ACH_PRIVILEGE_WINE_IMPORT_CHALLENGE_NAME@~2024-12-20 00:20:36": "Första tillväxten",
		"ACH_PRIVILEGE_WINE_IMPORT_CHALLENGE_DESC@~2025-01-20 20:47:34": "Anta privilegiet \"Seal of Prestige\" (utmaningsregler eller svårare)",
		"ACH_VC_PROSPEROUS_PRIORY_NAME": "Prior av välstånd",
		"ACH_VC_PROSPEROUS_PRIORY_DESC@2025-01-14 22:58:01": "Slutför ambitionen: \"Ett välmående kloster\"",
		"ACH_VC_PROSPEROUS_PRIORY_CHALLENGE_NAME@~2024-12-20 00:21:23": "Överflödets kloster",
		"ACH_VC_PROSPEROUS_PRIORY_CHALLENGE_DESC@2025-01-14 23:01:25": "Slutför ambitionen: \"En välmående prästgård\" (utmaningsregler eller svårare)",
		"ACH_PRODUCE_WEAPONS_3_NAME": "Instrument från Agincourt",
		"ACH_PRODUCE_WEAPONS_3_DESC@2025-01-14 22:58:01": "Tillverka vapen av typen långsvärd, långbåge och gädda",
		"ACH_CUMULATIVE_COINS_100000000_NAME@~2024-12-20 00:19:31": "Whittingtons katt",
		"ACH_CUMULATIVE_COINS_100000000_DESC@~2024-12-20 19:08:22": "Tjäna 100.000.000 mynt (kumulativt)",
		"ACH_CUMULATIVE_IMMIGRANTS_1000_NAME@~2024-12-20 00:19:25": "Den stora livegenskapsmigrationen",
		"ACH_CUMULATIVE_IMMIGRANTS_1000_DESC@2025-01-14 23:01:25": "Välkomna 1.000 nyanlända genom invandring (kumulativt)",
		"ACH_CUMULATIVE_TERRITORY_100_NAME@~2024-12-20 00:19:17": "Herrgårdens storman",
		"ACH_CUMULATIVE_TERRITORY_100_DESC@~2024-12-20 00:19:15": "Köp 100 Territorier (kumulativt)",
		"ACH_CUMULATIVE_INFLUENCE_KINGDOM_100000_NAME@~2024-12-20 00:19:10": "En plats vid det höga bordet",
		"ACH_CUMULATIVE_INFLUENCE_KINGDOM_100000_DESC@~2024-12-20 00:19:07": "Tjäna 100.000 Kingdom Influence (kumulativt)",
		"ACH_CUMULATIVE_INFLUENCE_CLERGY_100000_NAME@~2024-12-20 00:18:57": "Trons stöttepelare",
		"ACH_CUMULATIVE_INFLUENCE_CLERGY_100000_DESC@~2024-12-20 00:18:55": "Tjäna 100 000 prästerskapsinflytande (kumulativt)",
		"ACH_CUMULATIVE_INFLUENCE_LABOR_100000_NAME@~2024-12-20 00:18:52": "Folkets hjälte",
		"ACH_CUMULATIVE_INFLUENCE_LABOR_100000_DESC@~2024-12-20 00:18:49": "Tjäna 100.000 arbetskraftens inflytande (kumulativt)",
		"ACH_CUMULATIVE_BEAUTIFICATION_1000_NAME@~2024-12-20 00:18:39": "Karl den stores trädgårdar",
		"ACH_CUMULATIVE_BEAUTIFICATION_1000_DESC@~2024-12-20 00:18:36": "Bygga 1.000 dekorationer för förskönande ändamål (kumulativt)",
		"ACH_CUMULATIVE_PRODUCE_MANUSCRIPTS_10000_NAME@~2024-12-20 00:18:24": "Djävulsbibeln",
		"ACH_CUMULATIVE_PRODUCE_MANUSCRIPTS_10000_DESC@~2024-12-20 00:18:19": "Producera 10.000 manuskript (kumulativt)",
		"ACH_CUMULATIVE_HOST_PILGRIM_500_NAME@~2024-12-20 00:18:16": "Hundra hörda berättelser",
		"ACH_CUMULATIVE_HOST_PILGRIM_500_DESC@~2024-12-20 00:18:13": "Ta emot 500 grupper av pilgrimer i ditt kloster (kumulativt)",
		"ACH_CUMULATIVE_PRODUCE_GEMS_1000_NAME@~2024-12-20 00:18:10": "Dyrbara stenar",
		"ACH_CUMULATIVE_PRODUCE_GEMS_1000_DESC@~2024-12-20 00:18:06": "Producera 1.000 ädelstenar (kumulativt)"
	}
}