﻿{
	"BUILDING_MENUS": {
		"CREATE_A_SUB_BUILDING": "Skapa delbyggnad",
		"SELECT_A_FUNCTION": "Lägg till delbyggnad",
		"EMPTY_SUB_BUILDING": "Bygg fritt",
		"FREE_BUILD": "Bygg fritt",
		"CONFIRM_FUNCTION_SWITCH": "Bekräfta funktionsbyte?",
		"CONFIRM_FUNCTION_SWITCH_DETAILS": "Är du säker på att du vill byta din {1} från {2} till {3}?",
		"CONFIRM_FUNCTION_SWITCH_DESTROY_PARTS": "Detta kommer att förstöra dessa {1} inkompatibla delar: {2}.",
		"CONFIRM_FUNCTION_SWITCH_NO_PART_DESTROYED": "Inga delar kommer förstöras.",
		"CONFIRM_SWITCH": "Bekräfta byte",
		"SWITCH_SUB_BUILDING_FUNCTION": "Byt funktion för denna delbyggnad",
		"INTERIOR_ACCESSIBILITY@~2024-10-24 15:41:13": "Växla synlighet för invändig åtkomst",
		"INTERIOR_ACCESSIBILITY_DESC@2024-11-06 17:21:00": "När den är påslagen är inre tillträde som är anslutet till entréer markerat med grönt, medan inre tillträde utan entréer är markerat med rött och inte kan nås.",
		"REMOVE_WORKER@~2024-07-17 13:14:26": "Sparka arbetare",
		"BUILDING_UNDO@~2024-10-11 20:08:27": "Ångra",
		"BUILDING_REDO@~2024-10-11 20:08:30": "Ångra",
		"NO_PARTS_IN_BUILDING_YET@~2024-10-24 15:30:10": "Inga byggnadsdelar än",
		"LOAD_BLUEPRINT@~2024-10-24 15:32:11": "Läs in ritning",
		"SAVE_AS_BLUEPRINT@~2024-10-24 15:51:34": "Spara som ritning",
		"TOGGLE_PART_LEVEL_MODE@~2024-10-24 15:41:04": "Växla läge för delnivå",
		"BUILDING_STATS@~2024-10-29 17:02:14": "Byggnadsstatistik",
		"ADD_MODE@~2024-11-21 14:23:39": "Tilläggsläge",
		"REPLACE_MODE@~2024-11-21 14:23:51": "Ersättningsläge",
		"DESTROY_MODE@~2024-11-21 14:24:03": "Demoleringsläge",
		"MOVE_MODE@~2024-11-21 14:24:13": "Flyttläge"
	},
	"BUILDINGS": {
		"UNKNOWN_BUILDING@2024-11-06 17:21:00": "Okänd byggnad",
		"LUMBER_CAMP": "Timmerläger",
		"BAKERY": "Bageri",
		"GATHERING_HUT": "Bärplockarhydda",
		"BLACKSMITH": "Smedja",
		"BREWERY": "Bryggeri",
		"COAL_HUT": "Kolmila",
		"FORESTER_CAMP": "Skogvaktarläger",
		"HOP_FARM": "Humlegård",
		"IRON_MINE@~2024-12-16 22:41:57": "Järnbrytningsläger",
		"IRON_SMELTER": "Järnhytta",
		"SAWMILL": "Sågverk",
		"SHEEP_FARM": "Fårfarm",
		"STONECUTTER_CAMP": "Stenhuggarläger",
		"STONEMASON_HUT": "Stenhuggarhydda",
		"WEAVER_HUT": "Väveri",
		"WHEAT_FARM": "Vetegård",
		"WINDMILL": "Väderkvarn",
		"MANOR_HOUSE": "Stadshus",
		"INN": "Värdshus",
		"HOUSE": "Hus",
		"MARKET@~2024-12-11 22:04:19": "Bymarknad",
		"CHURCH": "Stenkyrka",
		"VILLAGE_CENTER@2024-11-06 17:21:00": "Bycentrum",
		"WELL": "Brunn",
		"WAREHOUSE": "Lagerhus",
		"GRANARY": "Magasin",
		"WOODEN_GATE": "Palissadport",
		"ROAD_SIGN": "Vägskylt",
		"FENCE@~2024-10-24 18:54:27": "Rustikt staket",
		"FOUNTAIN": "Fontän",
		"WOODEN_BRIDGE@~2024-05-13 20:32:36": "Byns träbro",
		"STONE_BRIDGE@~2024-05-13 20:32:24": "Stadens stenbro",
		"RUSTIC_CHURCH": "Rustik kyrka",
		"CYPRESS": "Cypress",
		"HUNTERS_HUT": "Jägarhydda",
		"FISHERS_HUT": "Fiskehydda",
		"WEAPONSMITH": "Vapensmedja",
		"MONASTERY": "Kloster",
		"LEGACY_MONASTERY": "Historiskt kloster",
		"MILITARY_KEEP@~2023-08-28 23:25:18": "Rustik befäst borg",
		"WOODEN_KEEP@~2023-08-28 23:25:21": "Rustik förvaring i trä",
		"BUILDER_WORKSHOP": "Byggarens verkstad",
		"SCULPTURE_WORKSHOP": "Skulpturverkstad",
		"STAINEDGLASS_WORKSHOP": "Glasmåleri",
		"TAILORS_WORKSHOP": "Skrädderi",
		"PLANT_ARCH": "Pergola",
		"COOPERAGE": "Tunnbinderi",
		"GREAT_HALL": "Stor sal",
		"TAVERN": "Värdshus",
		"CHEESE_MAKER": "Ysteri",
		"SHEEP_STATUE": "Fårstaty",
		"KNIGHT_STATUE@~2025-01-20 23:35:54": "Hjältarnas domstol",
		"MONK_STATUE": "Munkstaty",
		"CHANGE_QUOTE": "Ändra citat",
		"RENAME_AUTHOR": "Byt namn på upphovsperson",
		"IRON_QUARRY": "Järnbrott",
		"GOLD_QUARRY": "Guldbrott",
		"STONE_QUARRY": "Stenbrott",
		"MARBLE_QUARRY": "Marmorbrott",
		"QUARTZ_QUARRY": "Kvartsbrott",
		"IRON_DEPOSIT": "Järnfyndighet",
		"GOLD_DEPOSIT": "Guldfyndighet",
		"MARBLE_DEPOSIT": "Marmorfyndighet",
		"QUARTZ_DEPOSIT": "Kvartsfyndighet",
		"STONE_DEPOSIT": "Stenfyndighet",
		"GOLD_SMELTER": "Guldhytta",
		"GLASS_SMELTER": "Glashytta",
		"COMMON_WARES_WORKSHOP": "Verkstad för allmänna varor",
		"CLOISTER": "Korsgång",
		"CLOISTER_RUSTIC": "Rustik korsgång",
		"CLOISTER_MODEST": "Modest korsgång",
		"CLOISTER_STONE": "Stenkorsgång",
		"MARKET_STALL_COURT": "Marknadsplats",
		"CATEGORY_SUB_BUILDINGS": "Delbyggnader",
		"MONASTERY_GARDEN": "Klosterträdgård",
		"BUTCHERY": "Slakteri",
		"PART_BAILIFF_MONASTIC": "Sändebudsbyrå",
		"SPEARMAKER@~2023-07-14 18:44:46": "Spjutmakarens hydda",
		"SWORDSMITH@~2023-07-17 16:38:52": "Svärdsmed",
		"BOWYER@~2023-07-17 20:41:11": "Bowyers stuga",
		"CASTLE_QUARTERS@~2023-07-21 14:27:18": "Privata rum",
		"CASTLE_MESSHALL@~2023-07-24 16:39:05": "Mässhall",
		"STONE_KEEP@~2023-08-28 23:25:23": "Rustikt stenhus",
		"KINGDOM_CASTLE@~2023-08-28 21:33:53": "Slott",
		"CASTLE_FORTIFICATION@~2023-12-14 23:34:46": "Slottsbefästning",
		"ENCAMPMENT_BOW@~2023-09-20 14:39:18": "Bågskytteläger",
		"ENCAMPMENT_SPEAR@~2023-09-20 14:39:24": "Spjutläger",
		"ENCAMPMENT_SWORD@~2023-09-20 14:39:28": "Svärdläger",
		"CASTLE_WALL@~2023-09-20 14:50:32": "Slottsmur",
		"CASTLE_PROVISIONER@~2023-09-20 18:01:48": "Tillhandahållare",
		"CITY_WALL@~2023-09-22 17:13:59": "Stadsmur",
		"VILLAGE_WALL@~2023-09-22 17:14:04": "Bymur",
		"WATCHPOST@~2023-09-22 17:17:46": "Utkikspost",
		"CASTLE_ARMORY@2024-11-06 17:21:00": "Arsenal",
		"CASTLE_HEALINGHOUSE@~2023-11-15 20:39:09": "Läkande hus",
		"WOOD_CASTLE_WALL@~2023-11-23 19:35:18": "Träslott vägg",
		"STONE_CASTLE_WALL@~2023-11-23 19:35:22": "Stenslottets mur",
		"MONASTERY_BERRIES_GARDEN@~2023-07-25 19:28:24": "Bärträdgård",
		"MONASTERY_HERBS_GARDEN@~2023-07-25 19:28:27": "Örtträdgård",
		"MONASTIC_GRANGE@~2023-11-28 19:14:27": "Klostergård",
		"MONASTIC_GRANGE_EXTENSION@~2023-11-28 20:41:28": "Klosterdepå",
		"CASTLE_KEEP@~2023-12-14 23:34:21": "Slottsborg",
		"HEALING_HOUSE_PLUR@~2024-01-18 14:12:15": "Läkande hus",
		"ENCAMPMENT_PLUR@~2024-02-07 20:12:54": "Läger",
		"ENCAMPMENT@~2024-02-07 20:43:43": "Läger",
		"VEGETABLE_FARM@~2024-04-23 16:14:15": "Grönsaksträdgård",
		"PART_BAILIFF_KINGDOM@~2024-04-24 21:02:02": "Kungliga kansliet",
		"MEDIUM_STONE_BRIDGE@~2024-05-13 20:32:30": "Byn Stenbron",
		"WAREHOUSE_DEPOT@~2024-07-25 14:59:17": "Lagerförvaring",
		"GRANARY_DEPOT@~2024-07-25 14:59:22": "Spannmålsmagasin",
		"CITY_BELFRY@~2024-10-02 21:09:21": "Stadens klocktorn",
		"MARKET_HALL@~2024-10-02 21:51:30": "Saluhall",
		"CITY_MARKET@~2024-10-02 21:51:49": "Stadsmarknad",
		"VILLAGE_FENCE@~2024-11-28 15:40:52": "Village Staket",
		"SPLENDID_CITY_FENCE@~2025-01-10 21:10:25": "Elegant staket",
		"SPLENDID_CITY_GATE@~2025-01-10 21:11:30": "Elegant port"
	},
	"BUILDING_PARTS": {
		"UNNAMED_PART": "Namnlös del",
		"TREASURY": "Skattkammare",
		"CHIMNEY": "Skorsten",
		"PART_LORD_MANOR_DOOR": "Stendörr",
		"LARGE_STONE_DOOR": "Stor stendörr",
		"PART_TALL_BANNER": "Lång banderoll",
		"PART_WALL_FOUNTAIN": "Väggfontän",
		"PART_LORD_MANOR_CHIMNEY@~2025-01-17 00:44:08": "Kort skorsten",
		"SMALL_TREASURY": "Liten skattkammare",
		"PART_FENCE": "Staket",
		"DECORATIVE_BUSH@~2024-10-24 18:30:55": "Rosenbuske",
		"DECORATIVE_TREE@~2024-10-24 19:08:46": "Planteringsmaskin av ung ek",
		"PART_DOOR": "Dörr",
		"STAIRED_DOOR@2024-11-06 17:21:00": "Dörr med trappor",
		"PART_STONE_BRIDGE": "Stenbro",
		"PART_WOODEN_BRIDGE": "Träbro",
		"MARKET_FOOD": "Matstånd",
		"MARKET_GOODS": "Varustånd",
		"MARKET_LUXURY": "Lyxmarknad",
		"PART_EXTENSION@~2024-07-22 16:55:55": "Utbyggnad av verkstad",
		"PART_TOWER@~2024-07-22 16:56:01": "Verkstadstorn",
		"PART_BAILIFF_OFFICE": "Fogdehus",
		"PART_HERBS_GARDEN": "Örtträdgård",
		"PART_BEE_KEEPING": "Bigårdshydda",
		"PART_COPY_ROOM": "Scriptorium",
		"PART_TAX_OFFICE": "Skattekontor",
		"PART_STUDY_ROOM": "Studierum",
		"PART_WOODEN_GATE": "Träport",
		"DECORATIVE_FLAG": "Dekorativ flagga",
		"WOODEN_TOP_A@~2023-08-28 22:38:24": "Rustikt hålltak, öppet",
		"WOODEN_TOP_B@~2023-08-28 22:38:20": "Rustikt hålltak, slutet",
		"WOODEN_TOP_C@~2023-08-28 22:38:16": "Rustikt hålltak, veranda",
		"WOODEN_TOWER": "Trätorn",
		"CROSS": "Kors",
		"MONASTERY_CROSS": "Stenkors",
		"DORMS": "Sovsal",
		"MONK_DORMS": "Sovsalar för munkar",
		"NUN_DORMS": "Sovsalar för nunnor",
		"HOSPITIUM": "Hospits",
		"MONASTERY_KITCHEN": "Klosterkök",
		"MONASTERY_ABBATIAL": "Abottlig kyrka",
		"REFECTORY": "Refektorium",
		"MARKET_BARRELS": "Provianttunnor",
		"MARKET_BENCH@~2024-10-24 19:00:38": "Terracotta bänk",
		"MARKET_FENCE": "Repstaket",
		"MARKET_SIGN_GOODS": "Varustånds skylt",
		"MARKET_SIGN_FOOD": "Matstånds skylt",
		"MARKET_SIGN_LUXURY": "Lyxvarustånds skylt",
		"MARKET_BLUE_TENT": "Blått marknadstält",
		"MARKET_GREEN_TENT": "Grönt marknadstält",
		"MARKET_RED_TENT": "Rött marknadstält",
		"MARKET_WHITE": "Rustikt marknadstält",
		"MARKET_FOOD_STALL": "Matstånd",
		"MARKET_GOODS_STALL": "Varustånd",
		"MARKET_LUXURY_STALL": "Lyxvarustånd",
		"BELL_TOWER": "Klocktorn",
		"EXTENSION_STONE_A@~2024-04-11 20:17:46": "Rustikt stenkapell, större",
		"EXTENSION_STONE_B@~2024-04-11 20:17:41": "Rustikt stenkapell, mindre",
		"EXTENSION_WOOD_A@~2024-04-11 20:54:55": "Rustikt halmtäckt kapell, fönster",
		"EXTENSION_WOOD_B@~2024-04-11 21:01:51": "Rustikt halmtakskapell, lutande",
		"STONE_GRAVE": "Gravsten",
		"WOODEN_CROSS": "Träkors",
		"VINEYARD": "Vingård",
		"WINERY": "Vineri",
		"CHAPEL": "Kapell",
		"STONE_HALL": "Stensal",
		"INN_WALL_FLAG@~2024-12-17 16:33:07": "Värdshusbanderoll",
		"ROOF_STABLES": "Stall med tak",
		"INN_DOOR_D@~2024-12-17 16:34:25": "Entré med halmtäckt skärmtak",
		"INN_SHED": "Träskjul",
		"INN_BREWERY_BUILDING": "Bärbryggeri",
		"RUSTIC_INN_CORE@~2024-12-17 16:13:43": "Hall med halmtak",
		"STRAW_ROOF_EXTENSION@~2024-12-17 16:13:54": "Stuga med halmtak",
		"INN_STONE_EXTENSION_B@~2024-12-17 16:25:31": "Raffinerat burspråk",
		"INN_WOOD_EXTENSION_A@~2024-12-17 16:17:48": "Halmtak i nock",
		"INN_STONE_CHIMNEY_A@~2025-01-17 00:44:06": "Förstärkt skorsten",
		"INN_CABINE_A@~2024-12-17 16:18:01": "Trähörna",
		"KITCHEN": "Kök",
		"TAVERN_KITCHEN": "Värdshuskök",
		"SKYLIGHT": "Takfönster",
		"STABLES": "Stall",
		"STABLE_FENCE": "Stallstaket",
		"TERRACE": "Terrass",
		"WOODEN_EXTENSION@~2024-12-17 17:27:06": "Rustikt skjul",
		"SHED": "Skjul",
		"BALCONY": "Balkong",
		"TAVERN_WALL": "Värdshusmur",
		"WALL": "Mur",
		"WALLS": "Murar",
		"GATEWAY": "Portgång",
		"ROOF_CHIMNEY@~2025-01-17 00:44:11": "Smal skorsten",
		"FLAG": "Flagga",
		"BRIDGE": "Bro",
		"ARCH": "Valv",
		"WEATHER_VANE": "Vindflöjel",
		"WATER_BASSIN": "Fyrpassbassäng",
		"RUSTIC_CORE@2024-11-06 17:21:00": "Rustik kärna",
		"WOOD_EXTENSION@~2024-12-17 17:09:14": "Förfinad hörna",
		"CABINE": "Stuga",
		"WOODEN_RAILING": "Träbalustrad",
		"SMALL_EXTENSION": "Liten Utbyggnad",
		"LARGE_PORCH": "Stor Veranda",
		"SMALL_PORCH": "Liten Veranda",
		"WOODEN_FENCE_AND_GATE": "Träportgång",
		"WINDOW": "Fönster",
		"DECORATIVE_WINDOW": "Dekorativt Fönster",
		"PRUNED_HEDGE": "Beskuren Häck",
		"ROUND_PRUNED_HEDGE@~2024-10-24 18:57:39": "Hög beskuren häck",
		"SQUARE_PRUNED_HEDGE": "Fyrkantig Beskuren Häck",
		"LOW_PRUNED_HEDGE": "Lågt beskuren häck",
		"TOWERING_PRUNED_HEDGE": "Hög beskuren häck",
		"OVAL_PRUNED_HEDGE": "Ovalt beskuren häck",
		"JEWELER_WORKSHOP@2024-11-06 17:21:00": "Juvelerarens verkstad",
		"CUSTOM_FOUNTAIN": "Anpassningsbar fontän",
		"BASIN": "Bassäng",
		"CART": "Vagn",
		"SMALL_CRANE": "Liten Kran",
		"CRANE": "Kran",
		"CRANE_STORAGE": "Kranförvaring",
		"ROCK_HOLDER": "Stenhållare",
		"STATUE": "Staty",
		"VISITOR_LOCATION": "Besöksplats",
		"GUARD_LOCATION": "Vaktplats",
		"BUSH": "Buske",
		"PLANTS": "Växter",
		"STEPS": "Trappsteg",
		"STONE": "Sten",
		"FLOWER": "Blomma",
		"CANDLE": "Stearinljus",
		"WATCHTOWER": "Vakttorn",
		"BUTTRESS": "Stödpelare",
		"BARRACKS": "Barack",
		"BANNER": "Banderoll",
		"COLUMN": "Pelare",
		"SPIRE": "Spira",
		"ROUND_TOWER": "Stort torn, runt",
		"RESOURCE_DEPOT": "Resursdepå",
		"CANDLE_WORKSHOP": "Stearinljusmakeri",
		"BERRIES_PLANTER@2024-11-06 17:21:00": "Bärplantering",
		"HERBS_PLANTER": "Örtplanterare",
		"MONASTERY_RUSTIC_SPLENDOR_SET@2024-11-06 17:21:00": "Klostret Rustik prakt",
		"MONASTERY_MODEST_SET": "Kloster modest arkitektur",
		"MONASTERY_MODEST_DECORATIVE_SET": "Kloster modest dekoration",
		"MONASTERY_ABBATIAL_DECORATIVE_SET": "Abottlig klosterkyrka, dekorativ",
		"MONASTERY_RUSTIC_CHIMNEY@~2025-01-17 00:44:14": "Tung skorsten",
		"MONASTERY_RUSTIC_BENCH_A": "Polerad bänk",
		"MONASTERY_RUSTIC_BENCH_B": "Ryggstödsbänk",
		"MONASTERY_RUSTIC_BENCH_C": "Enkel bänk",
		"MONASTERY_RUSTIC_CROSS": "Rustikt kors",
		"MONASTERY_RUSTIC_TREE_PLANTER": "Enkel trädplantering",
		"MONASTERY_RUSTIC_VASE": "Fin rabatt",
		"MONASTERY_ROUND_BUSH": "Rund buske",
		"MONASTERY_DECORATIVE_PLANTER_A": "Dekorativ plantering, pinnar",
		"MONASTERY_DECORATIVE_PLANTER_B": "Dekorativ plantering, öppen",
		"MONAS_RUSTIC_STATUE_MONK_01_A": "Rustik staty",
		"MONASTERY_CHIMNEY": "Skorsten",
		"RUSTIC_CHURCH_CORE@~2024-04-11 20:54:45": "Rustikt stennav",
		"RUSTIC_CHURCH_ENTRANCE_A": "Stenport",
		"RUSTIC_CHURCH_ENTRANCE_B": "Enkel port",
		"RUSTIC_CHURCH_ENTRANCE_C@~2024-04-11 21:01:27": "Port med halmtak",
		"PART_CHURCH_RUSTIC_TOWER_SMALL_A@~2024-04-11 20:54:35": "Rustikt klocktorn i sten",
		"PART_CHURCH_RUSTIC_TOWER_SMALL_B@~2024-04-11 20:58:57": "Rustikt klocktorn i trä, större",
		"PART_CHURCH_RUSTIC_TOWER_SMALL_D@~2024-04-11 20:55:19": "Rustikt torn i trä",
		"RUSTIC_CHURCH_EXTENSION_WOOD_D@~2024-04-11 20:57:50": "Rustikt kapell med halmtak",
		"CHURCH_ROOM_WOOD_A@~2024-04-11 20:58:07": "Rustik halmtaksvåning, större",
		"CHURCH_ROOM_WOOD_B@~2024-04-11 20:58:17": "Rustik träkällare",
		"CHURCH_ROOM_WOOD_C@~2024-04-11 20:58:30": "Rustik halmtaksvåning, mindre",
		"PART_CHURCH_RUSTIC_TOWER_SMALL_C@~2024-04-11 20:58:44": "Rustikt klocktorn i trä, mindre",
		"PART_CHURCH_RUSTIC_TOWER_SMALL_E@~2024-05-06 19:34:28": "Rustikt halmtak på tornet",
		"PART_CHURCH_RUSTIC_TOWER_SMALL_F@~2024-05-06 19:34:34": "Rustik trätorn",
		"RUSTIC_MANOR_DOOR_A@~2024-10-24 21:46:16": "Enkel ingång i sten",
		"RUSTIC_MANOR_CORE_A@~2024-10-24 21:11:39": "Gablet Tak Hall",
		"RUSTIC_MANOR_EXTENSION_A@~2024-10-24 21:11:59": "Enkel vindslucka",
		"RUSTIC_MANOR_EXTENSION_B@~2024-10-24 21:12:19": "Herrgårdsbudoar",
		"RUSTIC_MANOR_TOWER_A@~2024-10-24 21:33:19": "Herrgårdstorn, mindre",
		"RUSTIC_MANOR_TOWER_B@~2024-10-24 21:36:21": "Observatorium i sten",
		"SCRIPTORIUM": "Klosterskriptorium",
		"APIARY": "Bigård",
		"MANOR_HOUSE_STONE_CORE@~2024-10-24 21:29:43": "Herrgårdsgalleri, mindre",
		"MANOR_HOUSE_STONE_EXTENSION_A@~2024-10-24 21:12:06": "Budoar med gavelformigt tak",
		"MANOR_HOUSE_STONE_EXTENSION_B@~2024-10-24 21:29:37": "Herrgårdsgalleri, större",
		"MANOR_HOUSE_STONE_EXTENSION_C": "Stenkontor",
		"MANOR_HOUSE_STONE_PART_TOWER@~2024-10-24 21:33:51": "Stentorn, mindre",
		"MANOR_HOUSE_STONE_DOOR_A@~2024-10-24 21:46:21": "Elegant herrgårdsentré, enkel",
		"MANOR_HOUSE_STONE_DOOR_B@~2024-10-24 21:46:29": "Elegant herrgårdsentré, upphöjd",
		"TAVERN_WALL_SECTION@~2024-01-04 15:30:04": "Väggsektion",
		"COMMON_WATCHTOWER_MODEST@~2023-09-22 17:08:17": "Stadens vakttorn",
		"COMMON_WATCHTOWER_RUSTIC@~2023-09-22 17:08:24": "Vakttornet i byn",
		"COMMON_MODEST_GATEHOUSE@~2023-10-26 18:37:22": "Porthus för stad",
		"COMMON_RUSTIC_GATEHOUSE@~2023-10-26 18:37:19": "Grindhus för by",
		"WALL_CONTROL_POINT@~2024-02-16 18:25:07": "Kontrollpunkt för vägg",
		"RUSTIC_FENCE@~2024-02-01 16:16:46": "Rustikt staket",
		"KING_RUSTIC_BENCH_A@~2024-06-21 15:32:21": "Austere Bänk, Dubbel",
		"KING_RUSTIC_BENCH_B@~2024-06-21 15:32:27": "Akterbänk",
		"KING_RUSTIC_BENCH_C@~2024-06-21 15:37:09": "Avskild sittplats",
		"KING_RUSTIC_BENCH_D@~2024-06-21 15:32:39": "Austere Bench, Enkel",
		"KING_RUSTIC_CHAIR_A@~2024-06-21 15:32:42": "Stol Stern",
		"LUMBER_STORAGE_1@2024-11-06 17:21:00": "Vagn av trä",
		"LUMBER_STORAGE_2@~2024-07-22 20:36:11": "Trävarumagasin",
		"LUMBER_STORAGE_3@2024-11-06 17:21:00": "Bedrägligt stor trävarudepå",
		"LUMBER_WORKER_1@~2024-07-22 21:16:37": "Verktygshylla för skogsmän",
		"LUMBER_WORKER_2@~2024-07-22 21:16:41": "Verktygsställ för skogsmän, vattentät",
		"LUMBER_WORKER_3@~2024-07-22 21:16:47": "Limning Post",
		"LUMBER_WORKER_4@~2024-07-22 21:19:49": "Lunchdel",
		"LUMBER_WORKER_5@~2024-07-22 21:16:54": "Vilodel",
		"LUMBER_WORKER_6@2024-11-06 17:21:00": "Snarkning inlägg",
		"LUMBER_WORKER_7@~2024-07-22 21:17:17": "Kokdel",
		"LUMBER_WORKER_8@~2024-07-22 21:17:13": "Dricka inlägg",
		"ROADCARETAKER@2024-11-06 17:21:00": "Vägläggarens gård",
		"FLOWER_VASE_TERRACOTA@~2024-10-24 19:00:29": "Blomstervas i terrakotta",
		"HEDGE_PERGOLA@~2024-10-24 19:01:12": "Häckpergola",
		"HEDGE_PILLAR@~2024-10-24 19:01:33": "Häckplanterare",
		"ROSE_PERGOLA@2024-11-06 17:21:00": "Pergola med rosor",
		"DECORATIVE_TREE_2@~2024-10-24 19:06:48": "Planteringskärl City Elm",
		"DECORATIVE_TREE_3@~2024-10-24 19:02:34": "Kruka med krokig björk",
		"DECORATIVE_TREE_4@~2024-10-24 19:06:15": "Terracotta planteringslåda i bok",
		"LORDMANOR_CHIMNEY_01B@~2025-01-17 00:44:18": "Ingjuten skorsten",
		"LORDMANOR_CHIMNEY_02A@~2025-01-17 00:44:20": "Täckt skorsten",
		"LORDMANOR_DORMER_01A@~2024-10-24 21:37:18": "Sovalkov för herrgård",
		"LORDMANOR_DOOR_04A@~2024-10-24 21:46:36": "Stor herrgårdsentré",
		"LORDMANOR_DOOR_05A@~2024-10-24 21:46:43": "Enkel herrgårdsentré",
		"LORDMANOR_DOOR_06A@~2024-10-24 21:46:49": "Manor Gate, kort",
		"LORDMANOR_DOOR_07A@~2024-10-24 21:46:55": "Herrgårdsport, sten",
		"LORDMANOR_DOOR_08A@~2024-10-24 21:47:01": "Manor Gate, hög",
		"LORDMANOR_BALCONY_01A@~2024-10-24 21:38:05": "Manor Balkong, Hörn",
		"LORDMANOR_BALCONY_02A@~2024-10-24 21:38:11": "Manor Balkong, Vägg",
		"LORDMANOR_CORE_03A@~2024-10-24 21:28:41": "Herrgårdsbyggnad, större",
		"LORDMANOR_EXTENSION_03A@~2024-10-24 21:24:01": "Manor kammare",
		"LORDMANOR_EXTENSION_04A@~2024-10-24 21:28:05": "Herrgårdsbyggnad, mindre",
		"LORDMANOR_ROOM_02A@~2024-10-24 21:12:27": "Stor vindfång",
		"LORDMANOR_ROOM_02B@~2024-10-24 21:19:48": "Enkel passage",
		"LORDMANOR_ROOM_04A@~2024-10-24 21:27:26": "Gångväg för herrgård",
		"LORDMANOR_ROOM_05A@~2024-10-24 21:12:40": "Stenkammare",
		"LORDMANOR_TOWER_03A@~2024-10-24 21:34:14": "Stentorn, större",
		"LORDMANOR_TOWER_05A@~2024-10-24 21:36:09": "Manor Observatorium",
		"LORDMANOR_TOWER_06A@~2024-10-24 21:33:28": "Herrgårdstorn, större",
		"WOOD_FENCE_WALL@~2024-11-28 16:57:50": "Trästaket",
		"WOOD_FENCE_GATE@~2024-11-28 16:58:00": "Trästaket Grind",
		"WATTLE_FENCE_GATE@~2024-11-28 16:58:06": "Wattle Staket Grind",
		"WATTLE_FENCE_WALL@~2024-11-28 16:58:10": "Gärdesgård av bovete",
		"STONE_FENCE_WALL@~2024-11-28 16:58:14": "Stenstaket",
		"STONE_FENCE_GATE@~2024-11-28 16:58:27": "Stenstaket Grind",
		"STONE_FENCE_END@~2024-11-28 17:01:34": "Stenstängsel Slut",
		"CASTLE_MODEST_BRAZERO_A@~2024-06-11 18:27:33": "Fyrfat på marken, mindre",
		"CASTLE_MODEST_BRAZERO_B@~2024-06-11 18:27:37": "Fyrfat på marken, större",
		"TAVERN_EXTENSION_DECO_01@~2024-12-17 17:00:47": "Salgavel för värdshus",
		"TAVERN_CORE_DECO_01@~2024-12-17 17:00:43": "Gavel för värdshusstuga",
		"TAVERN_BRIDGE_WOOD_01@~2024-12-17 17:13:31": "Träspång för värdshus",
		"TAVERN_BRIDGE_THATCH_01@~2024-12-17 17:13:26": "Halmtäckt gångbro för värdshus",
		"TAVERN_BALCONY_02@~2024-12-17 17:14:06": "Liten balkong för värdshus",
		"TAVERN_BALCONY_01@~2024-12-17 17:14:11": "Stor balkong för värdshus",
		"TAVERN_DORMER_01@~2024-12-17 17:00:39": "Halmtäckt takkupa för värdshus",
		"TAVERN_IVY_DECO_01@~2024-12-19 01:06:54": "Lummig murgröna för värdshus",
		"TAVERN_IVY_DECO_02@~2024-12-19 01:02:36": "Sprudlande murgröna för värdshus",
		"TAVERN_TABLE_DECO_01@~2024-12-17 17:30:10": "Sittplatser på terrassen",
		"METAL_POLE_02@~2024-12-17 16:44:05": "Elegant metallstolpe",
		"ENCAMPMENT_HQ@~2024-12-19 01:46:20": "Kommandopost",
		"PART_WOODEN_BRIDGE_DECO_A@~2025-01-02 20:50:41": "Kingpost fackverk",
		"PART_WOODEN_BRIDGE_DECO_B@~2025-01-02 20:52:48": "Täckt fackverk, mitt",
		"PART_WOODEN_BRIDGE_DECO_C@~2025-01-02 20:52:45": "Täckt fackverk, gavel",
		"CASTLE_MODEST_TORCH_A@~2025-01-06 21:19:28": "Slottfackla i trä",
		"CASTLE_MODEST_TORCH_B@~2025-01-06 21:19:32": "Järnslottets fackla",
		"VILLAGE_TORCH_A@~2025-01-06 20:02:16": "Byns fackla",
		"VILLAGE_TORCH_B@~2025-01-06 20:02:22": "Lykta från byn",
		"CASTLE_DECO_COOKINGPOT_04@~2025-01-06 20:09:03": "Spott från lägereld",
		"CASTLE_DECO_FLAG_04@~2025-01-06 20:19:54": "Framstående flagga",
		"TAVERN_WALL_SEGMENT@~2025-01-06 21:40:30": "Väggsegment",
		"DECO_TORCH_01A@~2025-01-09 18:50:22": "Fackelstativ av trä",
		"DECO_TORCH_02A@~2025-01-09 18:53:47": "Hängande lykta stolpe",
		"DECO_TORCH_02B@~2025-01-09 18:59:46": "Lyktstolpe Twin",
		"DECO_TORCH_03A@~2025-01-09 18:59:49": "Dubbelfacklorpost",
		"MARKET_HALL_STORAGE_A@~2025-01-15 22:48:38": "Saluhallen, City Square",
		"MARKET_HALL_STORAGE_B@~2025-01-15 22:49:35": "Saluhall, magasin",
		"MARKET_MODEST_LUXURY_STALL@~2025-01-15 22:44:23": "Stadens lyxiga stall",
		"MARKET_MODEST_GOODS_STALL@~2025-01-15 22:44:27": "Stadens varustall",
		"MARKET_MODEST_FOOD_STALL@~2025-01-15 22:44:29": "Matstånd i staden",
		"MARKET_MODEST_TENT_A@~2025-01-15 22:42:25": "Blå saluhallstält",
		"MARKET_MODEST_TENT_B@~2025-01-15 22:36:05": "Gröna saluhallens tält",
		"MARKET_MODEST_TENT_C@~2025-01-15 22:35:58": "Röda saluhallstältet",
		"MARKET_HALL_DOOR_A@~2025-01-15 22:50:00": "Entré till saluhallen",
		"MARKET_HALL_DORMER_A@~2025-01-15 22:50:07": "Saluhall Dormer",
		"CITY_BELFRY_DOOR_A@~2025-01-15 22:50:18": "Stad Belfry Gate",
		"MONASTERY_GARDEN_STORAGE_BERRY@~2025-01-15 22:51:59": "Stuga i bärträdgård",
		"HERBS_PLANTER_01@~2025-01-27 18:06:24": "Örtplantering, repspaljé",
		"HERBS_PLANTER_02@~2025-01-27 18:06:32": "Örtplantering, träspaljé",
		"HERBS_PLANTER_03@~2025-01-15 23:10:04": "Örtkruka, delikat",
		"HERBS_PLANTER_04@~2025-01-15 23:09:54": "Örtplantering, doftande",
		"HERBS_PLANTER_05@~2025-01-15 23:08:43": "Örtplantering, hörn",
		"HERBS_PLANTER_06@~2025-01-15 23:08:36": "Örtkruka, rund",
		"CASTLE_MODEST_TORCH_C@~2025-01-15 22:56:33": "Väggfackla i trä",
		"CASTLE_MODEST_TORCH_D@~2025-01-15 22:56:41": "Väggfackla i järn",
		"DECO_TORCH_04A@~2025-01-15 22:52:49": "Väggfackla",
		"DECO_TORCH_05A@~2025-01-15 22:53:04": "Vägglykta",
		"BERRIES_PLANTER_01@~2025-01-27 18:06:39": "Bärplantering, repspaljé",
		"BERRIES_PLANTER_02@~2025-01-15 23:07:47": "Bärplantering, fyrkantig",
		"BERRIES_PLANTER_03@~2025-01-15 22:58:14": "Bärplantering, rund"
	},
	"BUILDING_DESCRIPTIONS": {
		"SELLS_RESOURCE_TO_VILLAGERS": "Säljer resurstyp(er) {IMG1} till byborna.",
		"USED_AS_DECORATION": "Används som dekoration.",
		"PROVIDES_RESOURCE_TO_VILLAGERS": "Erbjuder {IMG1} till byborna.",
		"PRODUCE_RESOURCE_IN_EXCHANGE_FOR": "Producerar {IMG1} i utbyte mot {IMG2}.",
		"PRODUCE_RESOURCE": "Producerar {IMG1}.",
		"EXTRACT_RESOURCE": "Extraherar {IMG1} från {IMG2}.",
		"DESC_FORESTER": "Planterar träd i skogsplanteringszoner.",
		"DESC_WAREHOUSE@2024-11-06 17:21:00": "Används för att lagra och handla med resurser av typen {IMG1}.",
		"DESC_MINERAL_STORAGE": "En resursdepå för lagring av mineralmalm och ädelstenar.",
		"DESC_GRANARY@2024-11-06 17:21:00": "Används för förvaring och handel med livsmedel.",
		"DESC_VILLAGE_CENTER": "En liten resursdepå.",
		"DESC_CHURCH": "Erbjuder Tro till byborna.",
		"DESC_MANOR_HOUSE@2025-01-07 19:25:07": "En herrgård med kontor och salar tillägnade byns härskare.",
		"DESC_TREASURY": "Utökar din skattkammare med {1}.",
		"DESC_WOODEN_GATE": "Används som entré.",
		"DESC_BRIDGE@2024-11-06 17:21:00": "Gör det möjligt att korsa luckor.",
		"DESC_MARKET@~2024-12-11 17:19:23": "Tillhandahåller resurser till dina bybor.",
		"DESC_HOUSE": "En plats för dina bybor att kalla för hem.",
		"X_PER_SLOT": "({1} per plats)",
		"DISPLAY_FOOD_AND_GOOD": "Visar mat och varor till salu ({1} per plats)",
		"STORE_RESOURCES": "Lagrar resurser ({1} per plats)",
		"MARKET_UNSET": "Lossa",
		"BUILDING_FUNCTION_ASSIGNABLE": "Tilldelningsbar",
		"BUILDING_FUNCTION_ASSIGNABLE_DESC": "Kan tilldelas en uppgift",
		"ASSIGN_FUNCTION": "Tilldela funktion",
		"SELECTED_FUNCTION": "Vald uppgift: ",
		"BUILDING_FUNCTIONS": "Byggnadsfunktioner",
		"MAXIMUM_FUNCTION_INSTANCE": "Nuvarande tilldelad till: {IMG1}",
		"DESC_HALL@~2025-01-07 19:26:04": "Sätet för ditt styre, där mandat upprätthålls och sändebud tas emot.",
		"MULTIPLY_SPLENDOR@2025-01-14 23:01:25": "Multiplicera den här byggnadens Prakt-värde med {IMG1}.",
		"DESC_BAILIFF@2024-11-06 17:21:00": "Ger dig möjlighet att utse en fogde som kan utföra olika uppdrag i Stora salen.",
		"SPLENDOR_BOOST_GENERAL@2024-11-06 17:21:00": "Effekten förstärks av byggnadsdelens prakt",
		"SPLENDOR_BOOST_DETAILED@2024-11-06 17:21:00": "Byggnadsdelens prakt av {IMG1} ökar effekten med {IMG2}",
		"ADDS_CAPACITY_TO@2024-11-06 17:21:00": "Ökar {IMG2} kapacitet med {IMG1}.",
		"DESC_TAX_OFFICE": "Skapar intäkter genom att samla in skatter från dina bybor.",
		"TREE_TYPES_ASSIGNED": "Tilldelade trädtyper: ",
		"QUARRY_DESC": "Ger {IMG1} när ett brott byggs på fyndigheten.",
		"DEPOSIT_DESC": "Kan utvinnas genom att bygga ett brott på den.",
		"BUILDER_WORKSHOP_DESC": "Byggare kan bli anställda här för att arbeta på konstruktioner runt om i byn.",
		"INCREASES_CHURCH_CAPACITY": "Ökar kyrkans kapacitet",
		"DESC_TREASURY_FUNCTION@2024-11-06 17:21:00": "Utökar din kassakapacitet: ju större rum, desto mer guld kan du förvara.",
		"WALL_DESC": "Kontrollera förflyttningar runt ditt land.",
		"MONUMENT_DOOR_DESC": "Tillåt åtkomst till det anslutna monumentet.",
		"MONUMENT_DECORATIVE_DESC": "En dekorativ del för monumentet.",
		"MONUMENT_ROOM_DESC": "Husera funktioner för ditt monument.",
		"VISITOR_LOCATION_DESC": "Det här stället är där besökare tålmodigt väntar tills du bestämmer dig för att lyssna på dem.",
		"GUARD_LOCATION_DESC@~2024-03-07 15:57:09": "Patrullerare kommer att se över denna plats. Täcker ett litet område med Light Fortification.",
		"CHURCH_ROOM_DESC@2024-11-06 17:21:00": "Ökar den maximala närvarokapaciteten.",
		"BELL_TOWER_DESC@2024-11-06 17:21:00": "En klocka för att påminna byborna om deras plikt mot Faith. Den är också praktisk för att vakna på utsatt tid.",
		"BEAUTIFICATION_PROP_DESC": "En dekoration som ger Försköning.",
		"MONUMENT_ROOM_MANOR_RUSTIC_SMALL_DESC@2024-11-06 17:21:00": "Ett litet rum som borde räcka till en kvast eller två.",
		"EMPTY_SUB_BUILDING_DESC": "Bygg utan funktion.",
		"MONASTERY_CHIMNEY_DESC@2024-11-06 17:21:00": "En varm eldstad är mat för själen.",
		"MARKET_TENT_DESC@2024-11-06 17:21:00": "Ett välkommet skydd för dina dyrbara varor - och för dem som säljer dem.",
		"GATEHOUSE_DESC": "Både imponerande och välkomnande, porthus är stoltheten för alla befästa byar.",
		"DESC_BAILIFF_MONASTIC@2024-11-06 17:21:00": "Ger dig möjlighet att utse ett sändebud som kan utföra olika uppdrag i Stora salen.",
		"WORKPLACE_EXT_IMPROVE_DESC": "Förbättrar arbetsplatsfunktionen.",
		"WATCHTOWER_LIGHT_FORTIFICATION_DESC@~2024-05-08 21:29:02": "Täcker ett litet område med lätt aktiv befästning. Patrullerare tillbringar tid med att besöka dem.",
		"WATCHTOWER_HEAVY_FORTIFICATION_DESC@~2024-05-08 21:29:06": "Täcker ett stort område med tung aktiv befästning. Patrullerare tillbringar tid med att besöka dem.",
		"WALL_LIGHT_FORTIFICATION_DESC@2024-11-06 17:21:00": "Ger lätt passiv befästning inom sitt angivna område.",
		"WALL_HEAVY_FORTIFICATION_DESC@2024-11-06 17:21:00": "Ger tung passiv befästning inom sitt utvalda område.",
		"STRUCTURE_LIGHT_FORTIFICATION_DESC@~2024-05-08 21:40:17": "Ger lätt passiv förstärkning till sin omgivning.",
		"STRUCTURE_HEAVY_FORTIFICATION_DESC@~2024-05-08 21:40:00": "Ger tung passiv befästning till omgivningen.",
		"MONUMENT_ROOM_LIGHT_FORTIFICATION_DESC@2024-11-06 17:21:00": "Rymmer funktioner för ditt monument och ger passivt ljusförstärkning till omgivningen.",
		"MONUMENT_ROOM_HEAVY_FORTIFICATION_DESC@2024-11-06 17:21:00": "Rymmer funktioner för ditt monument och ger passiv tung befästning till omgivningen.",
		"DESC_RESOURCE_DEPOT@~2025-01-23 16:20:24": "Kan lagra upp till {1} utgångsresurser.",
		"DESC_WORKER_CAPACITY_EXTENDER@2024-11-06 17:21:00": "Lägger till {1} till den totala arbetskapaciteten.",
		"WATCHPOST_DESC@2024-11-06 17:21:00": "En befäst position där byborna kan organisera patruller.",
		"EMPTY_INVENTORY@~2024-02-09 16:18:50": "Tomt",
		"CUT_WOOD_PRODUCE_RESOURCE@~2024-04-30 17:23:29": "Fäller träd och producerar {IMG1}.",
		"DESC_WAREHOUSE_DEPOT@~2024-07-25 14:58:50": "Ytterligare förvaringsutrymme för lagerresurser.",
		"DESC_GRANARY_DEPOT@~2024-07-25 14:58:47": "Ytterligare förvaringsutrymme för Granary-resurser.",
		"DESC_ENCAMPMENT_CAPACITY_EXTENDER@~2024-12-19 01:31:09": "Öka dess kompanistorlek med {1}.",
		"DESC_RESOURCE_DEPOT_INPUT@~2025-01-24 15:43:43": "Lägger till {1} till ditt lager för ingångsresurser."
	},
	"BUILDING_NAV": {
		"BUILDING_OVERVIEW_TAB": "Byggnadsöversikt",
		"BUILDING_PARTS_TAB": "Lista över delar",
		"BUILDING_EDIT_TAB@2024-11-06 17:21:00": "Ändra byggnad",
		"VIEW_PARENT_X": "Visa huvudbyggnad {1}",
		"MONUMENT_OVERVIEW_TAB": "Monumentöversikt"
	},
	"BUILDING_SUBBUILDING": {
		"CREATE_SUBBUILDING": "Skapa delbyggnad",
		"SELECT_FUNCTION": "Välj en funktion"
	},
	"BUILDING_PARTS_SECTIONS": {
		"PARTS_WITH_FUNCTIONS": "Delar med funktion",
		"PARTS_IN_CONSTRUCTION@2024-11-06 17:21:00": "Delar under konstruktion",
		"PARTS_WITHOUT_FUNCTION": "Enkla delar",
		"PARTS_IN_PREVIEW": "Delar i förhandsgranskning"
	},
	"BUILDING_TYPES": {
		"BUILDING_TYPE_ALL": "Alla",
		"BUILDING_TYPE_LOGISTICS": "Logistik",
		"BUILDING_TYPE_RESOURCE_PRODUCTION": "Resursproduktion",
		"BUILDING_TYPE_FOOD_PRODUCTION": "Matproduktion",
		"BUILDING_TYPE_GOODS_PRODUCTION": "Varuproduktion",
		"BUILDING_TYPE_SERVICE": "Tjänster",
		"BUILDING_TYPE_ADMINISTRATION": "Administrering",
		"BUILDING_TYPE_DECORATION": "Vanlig dekoration",
		"BUILDING_TYPE_TRANSPORTATION": "Transport",
		"BUILDING_TYPE_WALL": "Murar",
		"BUILDING_TYPE_MODS": "Moderatorer",
		"BUILDING_TYPE_GENERAL": "Generella",
		"BUILDING_TYPE_HOUSING": "Husrum",
		"BUILDING_TYPE_FORTIFICATION@~2025-01-21 16:49:13": "Befästning",
		"BUILDING_TYPE_BRIDGE@~2025-01-24 17:01:23": "Bro"
	},
	"BUILDING_THEMES": {
		"BUILDING_THEME_DEFAULT": "Standardtema",
		"BUILDING_THEME_RED": "Röd",
		"BUILDING_THEME_BLUE": "Blå",
		"BUILDING_THEME_STONE": "Sten",
		"BUILDING_THEME_LIGHT": "Ljus",
		"BUILDING_THEME_DARK": "Mörk",
		"BUILDING_THEME_BROWN": "Brun",
		"BUILDING_THEME_PURPLE": "Lila",
		"BUILDING_THEME_GREEN@~2024-08-22 18:36:33": "Grön",
		"BUILDING_THEME_DARK_BROWN@~2024-11-28 15:56:42": "Mörkbrun",
		"BUILDING_THEME_LIGHT_BROWN@~2024-11-28 15:56:53": "Ljusbrun",
		"BUILDING_THEME_BLACK@~2025-01-06 19:31:15": "Svart",
		"BUILDING_THEME_YELLOW@~2025-01-06 19:31:29": "Gult",
		"BUILDING_THEME_RED_BLACK@~2025-01-06 19:32:00": "Röd och svart",
		"BUILDING_THEME_RED_YELLOW@~2025-01-06 19:32:11": "Röd och gul"
	},
	"BUILDING_PART_SETS": {
		"CORE": "Kärna",
		"MANDATORY": "Obligatoriska",
		"MANDATORY_PARTS": "Obligatoriska delar",
		"CONSTRUCTION_REQUIREMENTS@2024-11-06 17:21:00": "Krav på konstruktion",
		"DECORATIVE": "Dekorerande",
		"STRUCTURE": "Byggnad",
		"TOWERS": "Torn",
		"SET_STONE": "Sten set",
		"ADDITIONNAL_PARTS": "Tilläggsdelar",
		"WINE_PRODUCTION@2024-11-06 17:21:00": "Produktion av vin",
		"TAX_OFFICE": "Skattekontor",
		"EXTENSIONS": "Utbyggnader",
		"FRONTAGE": "Fasad",
		"DOOR": "Dörr",
		"QUARRY": "Brott",
		"PILLARS": "Pelare",
		"STATUES": "Statyer",
		"BASINS": "Bassänger",
		"TREE": "Träd",
		"BENCH": "Bänk"
	},
	"BUILDING_CONTROLS": {
		"SNAP": "Fäst"
	},
	"BUILDING_PART_SETUP": {
		"CAN_BE_MOVED_AFTER_BUILT": "Kan flyttas efter konstruktion",
		"HIDDEN_WHEN_BUILT": "Dold när den byggs"
	},
	"BUILDING_STATUS": {
		"CURRENT_ISSUES": "Lista över problem",
		"BUILDING_STATUS": "Byggnadsstatus",
		"CURRENTLY_AFFECTED_BY": "Denna byggnad har för närvarande:",
		"RUNNING_SMOOTHLY": "Går fint",
		"PART_BEING_PLACED": "Placeras",
		"PART_UNDER_CONSTRUCTION": "Pågående konstruktion",
		"PART_UNDER_CONSTRUCTION_DESC": "Byggarbetsplatser kan vara allt från en ny arbetsplats till en utbyggnad av en befintlig byggnad. Tillgängliga byggare tilldelas dem automatiskt.",
		"READY_TO_BUILD": "Redo att bygga",
		"BEING_BUILT": "Byggs",
		"LACKING": "Saknar",
		"WORKPLACE_LACK_WORKER": "Inga arbetare tilldelade",
		"WORKPLACE_LACK_WORKER_DESC": "Arbetsplatser kan inte fungera utan arbetare som tilldelats dem.",
		"WORKPLACE_LACK_RESOURCE": "Brist på råvaror",
		"WORKPLACE_LACK_RESOURCE_DESC": "Vissa arbetsplatser kräver råvaror för att producera resurser.",
		"WORKPLACE_STORAGE_FULL": "Lagret är fullt",
		"WORKPLACE_STORAGE_FULL_DESC": "När lagret på en arbetsplats är fullt stoppas dess produktion tills resurser transporterats någon annanstans.",
		"CONSTRUCTIONSITE_LACK_RESOURCE": "Saknar resurser för konstruktion",
		"CONSTRUCTIONSITE_LACK_RESOURCE_DESC": "Byggnader kräver en lista med resurser för att slutföra bygget. Se till att du har dem alla till hands.",
		"PAINT_ZONE_ISSUE": "Problem med färgzoner",
		"PAINT_ZONE_ISSUE_DESC": "Vissa arbetsplatser kräver korrekt målade zoner för att fungera.",
		"EXTRACTION_ZONE_EMPTY": "Inga resurser att utvinna",
		"EXTRACTION_ZONE_EMPTY_DESC@2024-11-06 17:21:00": "För att byborna ska kunna utvinna resurser (som träd, stenar, bär och så vidare), måla över dem för att skapa en utvinningszon.",
		"EXTRACTION_ZONE_MISSING": "Saknar utvinningszon",
		"EXTRACTION_ZONE_MISSING_DESC@2024-11-06 17:21:00": "Vissa arbetsplatser kräver en \"Extraction\"-zon för att fungera korrekt.",
		"REFORESTATION_ZONE_MISSING": "Ingen skogsplanteringszon i närheten",
		"REFORESTATION_ZONE_FULL": "Närliggande skogsplanteringszon är full",
		"HUNTING_ZONE_MISSING": "Saknar jaktzon",
		"FARM_ZONE_MISSING": "Saknar åkerzon",
		"FARM_ZONE_FULL": "Åkermark är full",
		"SHEEP_FARM_MISSING_RESOURCE": "Inga får att klippa",
		"DAIRY_FARM_MISSING_RESOURCE": "Inga kor att mjölka",
		"MISSING_MATURE_LIVESTOCK": "Saknar mogen boskap",
		"WORKPLACE_WORKING": "Fungerar bra",
		"WORKPLACE_WORKING_DESC@2024-11-06 17:21:00": "Det finns inga problem. Tid att koppla av.",
		"WORKPLACE_PAUSED": "Produktion pausad",
		"WORKPLACE_PAUSED_DESC": "Arbetsplatsen pausad, produktionen stoppad tills den återupptas.",
		"WORKPLACE_NO_TREE_TYPE": "Inget trädslag har valts",
		"CLOSE_X_TO_VISITORS": "Pausa härbärgering",
		"BUILDING_MISSING_REQUIREMENTS": "Inte uppfyllt konstruktionskrav",
		"NEED_CONSTRUCTION_CONFIRMATION": "Kräver konstruktionskonfirmering",
		"PART_NORMAL": "Inget att rapportera",
		"NO_FISH_SOURCE@2024-11-06 17:21:00": "Ingen fiskkälla i närheten",
		"NO_FISH_SOURCE_DESC@2024-11-06 17:21:00": "Vi kunde inte hitta, eller har inte tillgång till, en fiskekälla.",
		"WORKPLACE_IN_CONSTRUCTION@2024-11-06 17:21:00": "Arbetsplats under uppbyggnad",
		"NO_WORKERS_REQUIRED": "Inga arbetare krävs",
		"MISSING_HOUSING_REQUIREMENT": "Boendekrav ej uppnådda",
		"NOT-ENCLOSED": "Inte tillräckligt förslutet",
		"UNREACHABLE": "Interiören är oåtkomlig",
		"NO_WORKER_SPACE_AVAILABLE@2024-11-06 17:21:00": "Ingen ledig plats för arbetare",
		"WORKPLACE_NO_STORAGE@~2023-07-20 22:39:30": "Arbetsplatsen har ingen förvaring",
		"ZONE_MISSING@~2024-11-28 16:11:40": "Saknad zon"
	},
	"BUILDING_BUNDLES": {
		"TOOLTIP_BUILDING_CONSTRUCTION": "Byggnadskonstruktion summering",
		"TOOLTIP_PART_CONSTRUCTION@2024-11-06 17:21:00": "Byggnad Delkonstruktion",
		"TOOLTIP_PART_CONSTRUCTION_DESC": "Det kommer monteras i följande ordning:",
		"BUNDLE_X_STATUS": "Bunt {1}",
		"BUNDLE_STATUS_COMPLETE": "(komplett)",
		"BUNDLE_STATUS_INCOMPLETE": "(inkomplett)",
		"X_PARTS_UNDER_CONSTRUCTION": "{1} del(ar) för närvarande under konstruktion.",
		"X_PARTS_BLOCKED": "{1} del(ar) för närvarande blockerad.",
		"RESOURCES_UNAVAILABLE_LIST": "Resurser för närvarande otillgängliga:",
		"X_RESOURCES_UNAVAILABLE": "{1} resurs(er) för närvarande otillgängliga:",
		"ALL_RESOURCES_AVAILABLE": "Alla resurser är tillgängliga.",
		"PART_HAS_X_BUNDLES": "Denna del består av {1} bunt(ar) som ska monteras i följande ordning:"
	},
	"CONSTRUCTION_REQUIREMENTS": {
		"SPECIAL_REQUIREMENTS": "Speciella krav",
		"ENCLOSED_AREA": "Inhägnat område",
		"ENTRANCE_REQUIREMENT": "Entré till inhägnat område",
		"CLOISTER_SIZE@2024-11-06 17:21:00": "Klostrets storlek",
		"X_PARTS_REQ_DESC@2024-11-06 17:21:00": "Placera ut erforderligt antal delar kategoriserade som \"{1}\".",
		"X_SPECIFIC_PARTS_REQ_DESC@~2024-03-05 12:36:30": "Placera ut önskat antal delar med beteckningen \"{1}\".",
		"ENCLOSED_AREA_REQ_DESC@2024-11-06 17:21:00": "Skapa ett område som är avgränsat på alla sidor av Building Parts.",
		"AREA_SIZE_REQ_DESC": "Placera delarna så att storleken på det slutna området är lämpligt. Om storlekskravet ligger utom räckvidd, flytta runt delar för att antingen minska eller öka ytan.",
		"WORKER_CAPACITY_REQ_DESC@2024-11-06 17:21:00": "Vissa delar till denna byggnad kommer att öka antalet tillgängliga arbetsplatser när den är uppförd. Håll muspekaren över delarna för att se vilken som erbjuder denna ökning och med hur mycket. Vertikal expansion av dessa delar kommer ofta att öka arbetskapaciteten ytterligare.",
		"INTERIOR_ACCESS": "Åtkomst till interiör",
		"INTERIOR_ACCESS_DESC@2024-11-06 17:21:00": "Anslut en entré eller ett annat redan tillgängligt område för att göra byggnadens interiör tillgänglig.",
		"ENCLOSED_AREA_ACCESS": "Åtkomst till förslutet område",
		"ENCLOSED_AREA_ACCESS_DESC": "Anslut en ingång från det förslutna området till dess omgivande interiöråtkomst. Den omgivande interiöråtkomsten måste också vara ansluten utifrån.",
		"BUILT_IN_X@~2023-10-20 19:04:44": "Byggdes i {1}",
		"X_SPECIFIC_PARTS_REQ@~2024-03-05 12:42:33": "Kräver {1} del(ar) med namnet \"{2}\""
	},
	"BUILDING_HOUSE": {
		"HOUSE_DENSITY@~2023-09-15 15:05:53": "Husdensitet",
		"HOUSING_PAVED_ROADS_TITLE_TOOLTIP@~2024-10-23 23:11:36": "Asfalterad väg",
		"HOUSING_PAVED_ROADS_TOOLTIP@2024-11-06 17:21:00": "Husen måste ligga i närheten av asfalterade vägar. Täck över närliggande grusvägar med en Road Paving-målning och låt en Paviour uppgradera den.",
		"HOUSE_DENSITY_LOW@~2024-12-19 12:28:48": "Låg",
		"HOUSE_DENSITY_MEDIUM@~2024-12-19 12:58:06": "Medium",
		"HOUSE_DENSITY_HIGH@~2024-12-19 12:58:23": "Hög",
		"HOUSE_QUALITY_LOW@~2024-12-19 12:58:37": "Låg",
		"HOUSE_QUALITY_MEDIUM@~2024-12-19 12:58:51": "Medium",
		"HOUSE_QUALITY_HIGH@~2024-12-19 12:59:02": "Hög",
		"HOUSE_QUALITY@~2024-12-19 12:59:30": "Husets kvalitet"
	}
}