﻿{
	"SHEEP_STATUE_DEFAULT_QUOTES": {
		"SHEEP_STATUE_DEFAULT_QUOTE_2@2025-01-14 22:58:01": "På bilden syns Mr Fluffy, den ändlösa kylans räddare, som gav byborna tillräckligt med ull för att värma dem i över 120 dagar!"
	},
	"BUILDING_MENUS": {
		"CONSTRUCTION_STEPS@~2024-10-24 15:51:43": "Steg för konstruktion"
	},
	"BUILDINGS": {
		"LEGACY_RUSTIC_CHURCH": "Legacy Rustik kyrka",
		"ROMAN_CHURCH": "Romansk kyrka",
		"PROVISIONER_BERRY_CHEESE@2025-01-14 23:01:25": "Laga mat med bär och mjölk",
		"PROVISIONER_BERRY_MEAT@2025-01-14 23:01:25": "Laga mat med bär och vildsvin",
		"PROVISIONER_BERRY_BREAD@2025-01-14 23:01:25": "Laga mat med bär och vete",
		"PROVISIONER_FISH_CHEESE@2025-01-14 23:01:25": "Laga mat med fisk & mjölk",
		"PROVISIONER_FISH_MEAT@2025-01-14 23:01:25": "Laga mat med fisk & vildsvin",
		"PROVISIONER_FISH_BREAD@2025-01-14 23:01:25": "Laga mat med fisk & vete",
		"MONASTERY_KITCHEN_GARNISHEDGREENS@~2024-04-23 19:05:27": "Koka garnerade grönsaker",
		"MONASTERY_KITCHEN_GOLDENGRUEL@~2024-04-23 19:05:34": "Koka gyllene välling",
		"MONASTERY_KITCHEN_ROBUSTROAST@~2024-04-23 19:05:39": "Tillaga Robust Roast",
		"MONASTERY_KITCHEN_SIMPLESTEW@~2024-04-23 19:05:44": "Laga enkel gryta",
		"TAVERN_LODGE@~2024-12-11 22:03:50": "Gästgiveri"
	},
	"BUILDING_PARTS": {
		"PART_CHURCH_ARK": "Polerad stenbåge",
		"PART_CHURCH_CORE": "Nef av sten",
		"PART_CHURCH_EXTENSION_A@~2024-04-11 20:17:24": "Anspråkslöst stenkapell",
		"PART_CHURCH_EXTENSION_B": "Stengalleri",
		"PART_CHURCH_ROUND_TOWER": "Stentorn, mindre",
		"PART_CHURCH_TOWER_BIG": "Klocktornet av sten, spetsigt",
		"PART_CHURCH_TOWER_SMALL": "Klocktornet av sten, sluttande",
		"PART_CHURCH_CROSS": "Stenkors",
		"PART_CHURCH_DOOR": "Stenport",
		"PART_CHURCH_GARGOYLE": "Gargoyle",
		"PART_CHURCH_STAINED_GLASS": "Glasmålning",
		"KEEP_DOOR_D@~2023-08-28 23:22:51": "Rustik övre grind, balkong",
		"KEEP_DOOR_A@~2023-08-28 23:22:41": "Rustik övre grind, balustrad",
		"KEEP_DOOR_B@~2023-08-28 23:22:45": "Rustik Övre grind, Tak",
		"KEEP_DOOR_C@~2023-08-28 23:22:48": "Rustik övre grind, öppen",
		"KEEP_DOOR_LOW_OPEN_LEFT@~2023-12-19 19:02:33": "Rustik lägre grind, vänstersidig",
		"KEEP_DOOR_LOW_COVER@~2023-08-28 23:22:58": "Rustik Lägre grind, Veranda",
		"STONE_BRIDGE_GATE_PART": "Stenvalv",
		"STONE_BRIDGE_METAL_GATE_PART": "Portcullis i trä",
		"STONE_BRIDGE_ARK_PART": "Sten Rampart",
		"STONE_BRIDGE_MACHICOLATION_PART": "Machikolering",
		"STONE_BRIDGE_TOWER_PART": "Sten torn, mindre",
		"STONE_BRIDGE_BIG_TOWER_PART": "Sten torn, större",
		"BRATTICE": "Gitter av trä",
		"BRATTICE_STONE": "Stengaller",
		"SMALL_WINDOW_CLOSED": "Litet fönster, stängt",
		"SMALL_WINDOW_PLANK": "Litet fönster, befäst",
		"WALL_FLAG": "Väggflagga",
		"WALL_BANNER_PART": "Väggbanner",
		"BIG_WALL_BANNER_PART": "Stor väggbanner",
		"CLOISTER_CENTER": "Stenkloster, gångväg",
		"CLOISTER_CORNER": "Stenkloster, hörningång",
		"CLOISTER_CENTER_B": "Stenkloster, passage",
		"RUSTIC_CLOISTER_A": "Rustikt kloster, gångväg",
		"RUSTIC_CLOISTER_CORNER_A": "Rustikt kloster, hörn",
		"RUSTIC_CLOISTER_DOOR_A": "Rustikt kloster, ingång",
		"RUSTIC_CLOISTER_END_A": "Rustikt kloster, vägg",
		"MODEST_CLOISTER_A": "Modest Cloister, gångväg",
		"MODEST_CLOISTER_CORNER_A": "Modest Cloister, hörnet",
		"MODEST_CLOISTER_DOOR_A": "Modest Cloister, Entré",
		"ABBEY_A": "Stensal, större",
		"ABBEY_B": "Stenhall, mindre",
		"TRAINING_DUMMY": "Träningsdocka",
		"INN_DOOR_A@~2024-12-17 16:34:48": "Välkomnande entré",
		"INN_DOOR_B@~2024-12-17 16:30:13": "Rustik entré till värdshuset",
		"INN_DOOR_C@~2024-12-17 16:30:07": "Enkel entré till värdshuset",
		"INN_KITCHEN_BUILDING": "Värdshuskök",
		"BARREL_SIGN": "Fatskylt",
		"BOAR_SIGN@2025-01-14 22:58:01": "Vildsvinets tecken",
		"WOODEN_POLE@~2024-12-17 16:48:19": "Träpinne",
		"METAL_POLE@2025-01-14 23:01:25": "Enkel metallstolpe",
		"INN_SIGN": "Skylt för värdshus",
		"SERVICE_COUNTER": "Servicedisk",
		"PUBLIC_LOUNGE": "Allmän lounge",
		"MONASTERY_STONE_DOOR_A": "Stenport, mindre",
		"MONASTERY_STONE_DOOR_B": "Stenport, större",
		"MONASTERY_STONE_DOOR_C": "Stone Gate, Service",
		"MONASTERY_STONE_TOWER_A": "Stentorn, mindre",
		"MONASTERY_STONE_TOWER_B": "Stenvalv",
		"MONSATERY_STONE_EXTENSION_A": "Stengalleri, större",
		"MONSATERY_STONE_EXTENSION_B": "Stengalleri, mindre",
		"MONSATERY_STONE_EXTENSION_D": "Stenkvarter",
		"MONASTERY_RUSTIC_ROOM_A": "Rustik hall",
		"MONASTERY_RUSTIC_ROOM_B": "Rustik passage",
		"MONASTERY_RUSTIC_ROOM_C": "Rustik stuga, trä",
		"MONASTERY_RUSTIC_ROOM_D": "Rustikt galleri",
		"MONASTERY_RUSTIC_ROOM_E": "Rustikt rum, större",
		"MONASTERY_RUSTIC_ROOM_F": "Rustik stuga, sten",
		"MONASTERY_RUSTIC_ROOM_G": "Rustikt rum, mindre",
		"MONASTERY_RUSTIC_TOWER_A": "Rustikt klocktorn, öppen klockstapel",
		"MONASTERY_RUSTIC_TOWER_B": "Rustikt klocktorn, sluten klockstapel",
		"MONASTERY_RUSTIC_TOWER_C": "Rustikt klocktorn, klockstapel i trä",
		"MONASTERY_RUSTIC_TOWER_D": "Rustikt torn",
		"MONASTERY_RUSTIC_DOOR_A": "Rustic Gate, ödmjuk",
		"MONASTERY_RUSTIC_DOOR_B": "Rustik grind, upphöjd",
		"MONASTERY_RUSTIC_DOOR_C": "Rustik grind, mindre",
		"MONASTERY_RUSTIC_DOOR_D": "Rustik port, större",
		"MONASTERY_RUSTIC_FRONTAGE": "Rustik fasad",
		"MONASTERY_MODEST_CORE_A": "Enkel sal, större",
		"MONASTERY_MODEST_ROOM_A": "Enkel sal, mindre",
		"MONASTERY_MODEST_ROOM_B": "Modest galleri",
		"MONASTERY_MODEST_ROOM_C": "Blygsam passage",
		"MONASTERY_MODEST_TOWER_A": "Modest klocktorn, större",
		"MONASTERY_MODEST_TOWER_B": "Blygsamt klocktorn, öppen klockstapel",
		"MONASTERY_MODEST_TOWER_C": "Blygsamt klocktorn, sluten klockstapel",
		"MONASTERY_MODEST_DOOR_A": "Enkel port, större",
		"MONASTERY_MODEST_DOOR_B": "Modest grind, mindre",
		"MONASTERY_MODEST_FACADE_A": "Blygsam fasad",
		"MONASTERY_MODEST_BUTTRESS_B": "Modest Buttress, stående",
		"MONASTERY_MODEST_BUTTRESS_A": "Enkel strävpelare, murad",
		"MONASTERY_MODEST_CROSS_A": "Enkelt kors",
		"MONASTERY_MODEST_CROSS_B": "Blygsam prydnad",
		"MONAS_ABBA_BENCH_01_A": "Raffinerad bänk",
		"MONAS_ABBA_BENCH_02_A": "Utsökt bänk",
		"MONAS_ABBA_BENCH_03_A": "Graciös bänk",
		"MONAS_ABBA_FOUNTAIN_01_A": "Stora fontänen",
		"MONAS_ABBA_MODEST_01_A": "Elegant fontän",
		"MONAS_ABBA_VASE_01_A": "Abbatial Marble Stoup",
		"MONAS_ABBA_WALL_FOUNTAIN_01_A": "Marmorbassäng",
		"MONAS_MODEST_ALCOVE_01_A": "Blygsam stenhelgedom",
		"MONAS_MODEST_ARCH_01_A": "Elegant stenbåge",
		"MONAS_MODEST_BENCH_01_A": "Elegant bänk",
		"MONAS_MODEST_TREE_01_A": "Elegant trädplanterare",
		"MONAS_MODEST_TREE_02_A": "Stor trädplantering",
		"MONAS_MODEST_VASE_01_A": "Modest Stoup, åttkantig",
		"MONAS_MODEST_VASE_02_A": "Modest Stoup, rund",
		"MONAS_MODEST_WALL_01_A": "Elegant balustrad",
		"MONAS_MODEST_WALL_COLUMN_01_A": "Elegant inlägg",
		"MONAS_MODEST_WALL_FOUNTAIN_01_A": "Polerad bassäng",
		"MONAS_MODEST_WALL_FOUNTAIN_02_A": "Stor dopfunt",
		"MONAS_MODEST_WALL_FOUNTAIN_03_A": "Liten dopfunt",
		"MONAS_ABBA_CROSS_01_A": "Gyllene korset",
		"MONAS_ABBA_CROSS_02_A": "Marmorkorset",
		"MONAS_ABBA_VITRAIL_01_A": "Om fred och kärlek, glasmålning",
		"MONAS_MODEST_FOUNTAIN_01_A": "Polerad fontän",
		"MONAS_MODEST_VASE_03_A": "Marmor Stoup, rund",
		"KEEP_STONE_EXTENSION_A@~2023-08-28 23:24:27": "Rustika stenkvarter",
		"KEEP_EXTENSION_A@~2023-08-28 23:24:24": "Rustika träkvarter",
		"KEEP_EXTENSION_B@~2023-08-28 23:24:40": "Rustik stuga i trä",
		"KEEP_EXTENSION_C@~2023-08-28 23:24:47": "Rustikt trägalleri, lång",
		"KEEP_SMALL_EXTENSION@~2023-08-28 23:24:50": "Rustikt trägalleri, kort",
		"KEEP_EXTENSION_D@~2023-08-28 23:24:52": "Rustik passage i trä",
		"MILITARY_TRAINING_GROUNDS": "Träningsplatser",
		"ROMAN_CHURCH_CORE": "Romanskt långhus",
		"ROMAN_CHURCH_EXTENSION_A": "Romanskt galleri",
		"ROMAN_CHURCH_EXTENSION_B": "Romansk alkov",
		"ROMAN_CHURCH_EXTENSION_C": "Romanskt torn",
		"ROMAN_CHURCH_FRONTAGE_A": "Romansk fasad, Runda klockor",
		"ROMAN_CHURCH_FRONTAGE_B": "Romansk fasad, sluttande klockor",
		"ROMAN_CHURCH_FRONTAGE_C": "Romansk fasad, enkel klocka",
		"ROMAN_CHURCH_TOWER_A": "Romanskt torn, balkong",
		"ROMAN_CHURCH_TOWER_B": "Romanskt torn, Lancet",
		"ROMAN_CHURCH_DOOR_A": "Romansk port, enkel",
		"ROMAN_CHURCH_DOOR_B": "Romansk port, större",
		"ROMAN_CHURCH_DOOR_C": "Romansk port, mindre",
		"ROMAN_CHURCH_FRONTAGE_DECO_A": "Romansk fasad Fönster, runt",
		"ROMAN_CHURCH_FRONTAGE_DECO_B": "Fönster med romansk fasad, lansett",
		"LEGACY_RUSTIC_CHURCH_EXTENSION_A": "Legacy rustikt galleri, böjd",
		"LEGACY_RUSTIC_CHURCH_EXTENSION_B": "Legacy Rustikt torn",
		"LEGACY_RUSTIC_CHURCH_EXTENSION_C": "Legacy Rustic Gallery, Kvadratisk",
		"LEGACY_RUSTIC_CHURCH_TOWER_A": "Legacy Rustic Klocktornet, rundat",
		"LEGACY_RUSTIC_CHURCH_TOWER_B": "Legacy Rustikt klocktorn, fyrkantigt",
		"LEGACY_RUSTIC_CHURCH_TOWER_C": "Legacy Rustic Klocktornet, Spired",
		"LEGACY_RUSTIC_CHURCH_CORE_A": "Legacy Rustik långhus, tälttak",
		"LEGACY_RUSTIC_CHURCH_CORE_B": "Rustikt långhus, lansettfönster",
		"LEGACY_RUSTIC_CHURCH_CORE_C": "Rustikt långhus, sadeltak",
		"LEGACY_RUSTIC_CHURCH_DOOR_A": "Föråldrad rustik port, enkel",
		"LEGACY_RUSTIC_CHURCH_DOOR_B": "Legacy Rustic Gate, vinklat tak",
		"LEGACY_RUSTIC_CHURCH_DOOR_C": "Legacy Rustic Gate, välvt tak",
		"LEGACY_RUSTIC_CHURCH_DOOR_D": "Äldre rustik port, stagat tak",
		"LEGACY_RUSTIC_CHURCH_DOOR_E": "Legacy Rustic Gate, svängt tak",
		"LEGACY_RUSTIC_CHURCH_DOOR_F": "Legacy Rustic Gate, sluttande tak",
		"ABBATIAL_CORE_A": "Abbatialskepp",
		"ABBATIAL_DOOR_A": "Abbatial Gate, Major",
		"ABBATIAL_DOOR_B": "Abbatial Gate, Minor",
		"ABBATIAL_BELL_TOWER_A": "Klocktornet i Abbatial",
		"ABBATIAL_EXTENSION_A": "Abbatial Gallery, Major",
		"ABBATIAL_EXTENSION_B": "Abbatial Gallery, Minor",
		"ABBATIAL_EXTENSION_C": "Abbatialkapell",
		"CASTLE_RUSTIC_STONE_TOWER@~2023-08-28 23:23:57": "Vakttorn i rustik sten",
		"CASTLE_RUSTIC_WOOD_TOWER@~2023-08-28 23:23:59": "Vakttorn i rustikt trä",
		"KEEP_EXTENSION_E@~2023-08-28 23:24:02": "Rustika befästa kvarter, mindre",
		"KEEP_EXTENSION_F@~2023-08-28 23:24:05": "Rustika befästa kvarter, större",
		"CASTLE_RUSTIC_TOWER_ROOF_A@~2023-08-28 23:24:09": "Rustikt vakttornstak, sluttande",
		"CASTLE_RUSTIC_TOWER_ROOF_B@~2023-08-28 23:24:11": "Rustikt vakttornstak, spetsigt",
		"RUSTIC_CASTLE_MACHICOLATION_A@~2023-09-15 19:34:36": "Rustikt galler, enkelt",
		"RUSTIC_CASTLE_MACHICOLATION_B@~2023-09-15 19:34:51": "Rustikt spjälverk, befäst",
		"RUSTIC_CASTLE_HOARDINGS_A@~2023-08-28 22:57:02": "Rustika skyltar, upphängda",
		"RUSTIC_CASTLE_HOARDINGS_B@~2023-08-28 22:58:09": "Rustic Hoardings, med stöd av",
		"KEEP_DOOR_UPPER_STONE_LEFT@~2023-08-28 23:17:52": "Rustik stenport, vänstersidig",
		"KEEP_DOOR_UPPER_STONE_RIGHT@~2023-08-28 23:17:55": "Rustik stengrind, högersidig",
		"KEEP_DOOR_LOWER_SIDED@~2023-08-28 23:23:10": "Rustik lägre grind, dubbelsidig",
		"KEEP_DOOR_UPPER_WOOD_LEFT@~2023-08-28 23:18:55": "Rustik trägrind, vänstersidig",
		"KEEP_DOOR_UPPER_WOOD_RIGHT@~2023-08-28 23:19:00": "Rustik trägrind, högersidig",
		"KEEP_DOOR_LOW_COVER_STAIRS@~2023-08-28 23:23:14": "Rustik nedre grind, kaklat",
		"KEEP_DOOR_SIMPLE@~2023-08-28 23:23:17": "Rustik enkel grind",
		"KEEP_DOOR_LOW_ENTRYWAY@~2023-08-28 23:23:20": "Rustik lägre grind, ingång",
		"KEEP_DOOR_UPPER_ENTRYWAY@~2023-08-28 23:23:23": "Rustik övre grind, ingång",
		"CASTLE_MODEST_SET@~2023-08-30 20:48:20": "Slottet Modest Arkitektur",
		"CASTLE_MODEST_CHIMNEY_1@~2025-01-17 00:44:24": "Bred skorsten",
		"CASTLE_MODEST_KEEP_1@~2023-09-15 19:20:14": "Enkelt kärntorn",
		"CASTLE_MODEST_DOOR_1@~2023-09-15 19:20:26": "Enkel port i blygsam skala",
		"CASTLE_MODEST_DOOR_2@~2023-09-15 19:21:03": "Modest Gate, dubbelsidig",
		"CASTLE_MODEST_DOOR_3@~2023-09-15 19:21:35": "Modest Gate, öppen",
		"CASTLE_MODEST_DOOR_4@~2023-09-15 19:26:51": "Blygsam befäst port",
		"CASTLE_MODEST_ROOM_1@~2023-09-15 19:26:57": "Modest befäst hall, med tak",
		"CASTLE_MODEST_ROOM_2@~2023-09-15 19:27:01": "Modest befäst hall, öppen",
		"CASTLE_MODEST_ROOM_3@~2023-09-15 19:27:25": "Blygsam befäst passage, takförsedd",
		"CASTLE_MODEST_ROOM_4@~2023-09-15 19:27:43": "Modest Fortified Extension, öppen",
		"CASTLE_MODEST_SKYLIGHT_1@~2023-09-15 19:35:18": "Blygsamt takfönster",
		"CASTLE_MODEST_TOWER_1@~2023-09-15 19:32:27": "Enkelt stentorn, fyrkantigt",
		"CASTLE_MODEST_TOWER_2@~2023-09-15 19:32:31": "Anspråkslöst stentorn, cirkel",
		"CASTLE_MODEST_TOWER_3@~2023-09-15 19:32:40": "Modest stentorn",
		"CASTLE_WATCHTOWER_MODEST@2025-01-14 22:58:01": "Modest Castle Watchtower",
		"CASTLE_WATCHTOWER_RUSTIC@2025-01-14 22:58:01": "Rustikt vakttorn för slott",
		"KINGDOM_RUSTIC_GATEHOUSE@~2023-10-26 18:37:30": "Wood Castle Gatehouse",
		"KINGDOM_MODEST_GATEHOUSE@~2023-10-26 18:37:55": "Stone Castle Gatehouse",
		"ENCAMPMENT_GROUND@~2023-11-01 19:59:57": "Lägerplats Mark",
		"ENCAMPMENT_ARCHER_TRAINING_1@~2023-11-01 20:04:58": "Halm bågskytt mål",
		"ENCAMPMENT_ARCHER_TRAINING_2@~2023-11-01 20:05:01": "Plankan Bågskytte Mål",
		"ENCAMPMENT_BARREL_TRAINING_1@~2023-11-01 20:05:21": "Enkel skärmad dummy",
		"ENCAMPMENT_BARREL_TRAINING_2@2025-01-14 22:58:01": "Pansarsköldförsedd docka",
		"ENCAMPMENT_DUMMY_TRAINING_1@~2023-11-01 20:05:37": "Enkel sugrörsdocka",
		"ENCAMPMENT_DUMMY_TRAINING_2@2025-01-14 22:58:01": "Pansrad halmdocka",
		"ENCAMPMENT_MODEST_BIGTENT_1@~2023-11-01 20:21:50": "Modest tältkåta",
		"ENCAMPMENT_MODEST_TENT_1@~2023-11-01 20:21:54": "Blygsamt paviljongtält",
		"ENCAMPMENT_RUSTIC_BIGTENT_1@~2023-11-01 20:21:59": "Rustikt tält för markiser",
		"ENCAMPMENT_RUSTIC_TENT_1@~2023-11-01 20:22:02": "Rustikt paviljongtält",
		"ENCAMPMENT_RUSTIC_TENT_2@~2023-11-01 20:22:09": "Rustikt kilformigt tält",
		"ENCAMPMENT_RUSTIC_TENT_3@~2023-11-01 20:22:14": "Rustik baldakin",
		"CASTLE_MODEST_BUTTRESS_1@~2023-12-01 22:17:39": "Blygsam stenknapp",
		"MONASTERY_GARDEN_STORAGE@~2025-01-15 22:51:44": "Kryddgårdsstuga",
		"KEEP_DOOR_LOW_OPEN_RIGHT@~2023-12-19 19:02:41": "Rustik nedre grind, högersidig",
		"SOLDIER_GATHERING_LOCATION@~2024-02-28 16:14:45": "Kompaniets mötesplats",
		"CASTLE_MODEST_DECO_ARCH_A@~2024-03-25 21:03:28": "Blygsam stenbåge",
		"CASTLE_MODEST_DECO_COLUMN_A@~2024-03-25 21:02:38": "Blygsam stenpelare",
		"CASTLE_MODEST_DECO_COLUMN_B@~2024-03-25 21:02:43": "Modest befäst Buttress",
		"CASTLE_MODEST_DECO_DUNGEON_A@~2024-03-25 21:30:21": "Oubliette av åldrad sten",
		"CASTLE_MODEST_DECO_DUNGEON_B@~2024-03-25 21:20:22": "Sten Oubliette",
		"CASTLE_MODEST_DECO_WALL_A@~2024-03-25 21:19:30": "Mur av åldrad sten",
		"CASTLE_MODEST_DECO_WALL_B@~2024-03-25 21:19:32": "Blygsam stenmur",
		"CASTLE_RUSTIC_DECO_BUTTRESS_A@~2024-03-25 21:16:23": "Äldre sten Buttress",
		"CASTLE_RUSTIC_DECO_BUTTRESS_B@~2024-03-25 21:03:03": "Rustik stensättning",
		"CASTLE_RUSTIC_DECO_BUTTRESS_C@~2024-03-25 21:03:09": "Rustik Buttress i trä",
		"CASTLE_RUSTIC_DECO_DOOR_A@~2024-03-25 21:20:46": "Aged Barricaded Passage",
		"CASTLE_RUSTIC_DECO_PIKE_A@~2024-03-25 21:28:11": "Hotfulla pålar, små",
		"CASTLE_RUSTIC_DECO_PIKE_B@~2024-03-25 21:28:27": "Menacing Stakes, lång",
		"CASTLE_RUSTIC_DECO_PIKE_C@~2024-03-25 21:28:37": "Menacing Stakes, buntade",
		"CASTLE_RUSTIC_DECO_PIKE@~2024-05-15 14:29:19": "Hotfulla pålar",
		"CASTLE_MODEST_BRAZERO_C@~2024-06-11 18:27:41": "Järnbrasa Pelare",
		"CASTLE_MODEST_BRAZERO_D@~2024-06-11 18:27:46": "Fyrfatspelare i sten, mindre",
		"CASTLE_MODEST_BRAZERO_E@~2024-06-11 18:27:54": "Fyrfatspelare i sten, större",
		"STONEMASON_STORAGE_07@~2024-07-24 21:11:06": "Stenrack",
		"STONEMASON_STORAGE_08@~2024-07-24 21:10:42": "Stenvagn",
		"STONEMASON_STORAGE_09@~2024-07-24 21:11:15": "Stenlådor",
		"STONEMASON_STORAGE_10@~2024-07-24 21:11:21": "Stenuppställning, täckt",
		"STONEMASON_WORKER_02@~2024-07-24 21:19:09": "Tält för snideri",
		"STONEMASON_WORKER_03@~2024-07-24 21:19:14": "Verktygsbord",
		"STONEMASON_WORKER_04@~2024-07-24 21:30:20": "Fridfull lägereld",
		"STONEMASON_WORKER_05@~2024-07-24 21:21:18": "Verktygsbord",
		"STONEMASON_WORKER_06@~2024-07-24 21:24:08": "Täljbord",
		"WHEAT_FARM_HAYCHARIOT_1@~2024-07-29 16:49:36": "Vetevagn",
		"WHEAT_FARM_HAYSTACK_1@~2024-07-03 18:44:26": "Sparsam höstack",
		"WHEAT_FARM_HAYSTACK_2@~2024-07-03 18:44:21": "Hjärtlig höstack",
		"WHEAT_FARM_HAYSTACK_3@~2024-07-03 18:44:16": "Generös höstack",
		"WHEAT_FARM_SCARECROW_1@2025-01-14 22:58:01": "Vaksam fågelskrämma",
		"WHEAT_FARM_BARN_1@~2024-07-22 20:33:15": "Ladugård för vete",
		"WHEAT_FARM_EXTENSION_1@~2024-07-29 16:51:44": "Verktygsskjul",
		"VINEYARD_STORAGE_1@~2024-12-17 17:35:46": "Vingårdsskjul",
		"VINEYARD_WORKER_1@~2024-12-17 17:41:45": "Alkove för vila",
		"CASTLE_DECO_CLOTHESLINE_01@~2024-12-12 22:02:27": "Krigsliknande klädstreck",
		"CASTLE_DECO_COOKINGPOT_01@~2024-12-12 22:03:23": "Köttkokare",
		"CASTLE_DECO_COOKINGPOT_02@~2024-12-12 22:03:12": "Kraftig kokgryta",
		"CASTLE_DECO_COOKINGPOT_03@2025-01-14 22:58:01": "Soltorkande köttrack",
		"CASTLE_DECO_DEPOT_01@~2024-12-12 22:06:49": "Omfattade bestämmelser",
		"CASTLE_DECO_DEPOT_02@~2024-12-12 22:06:28": "Skuggig post",
		"CASTLE_DECO_FLAG_01@~2024-12-12 22:07:29": "Flagga för råolja",
		"CASTLE_DECO_FLAG_02@~2024-12-12 22:08:08": "Hövisk flagga",
		"CASTLE_DECO_FLAG_03@~2024-12-12 22:09:13": "Expeditionsflagga",
		"CASTLE_DECO_RACK_BOW_01@~2024-12-12 22:09:35": "Bogställ",
		"CASTLE_DECO_RACK_SPEAR_01@~2024-12-12 22:09:44": "Spjutstativ",
		"CASTLE_DECO_RACK_SWORD_01@~2024-12-12 22:09:49": "Svärdställ",
		"CASTLE_MODEST_BALCONY_01@~2024-12-12 22:18:54": "Blygsam balkong i sten",
		"CASTLE_MODEST_DOOR_5@~2024-12-12 22:18:47": "Blygsam stenport, vänstersidig",
		"CASTLE_MODEST_DOOR_6@~2024-12-12 22:18:44": "Blygsam stenport, högersidig",
		"CASTLE_MODEST_DECO_FLAG_01@~2024-12-12 22:20:38": "Majestätisk flagga",
		"CASTLE_MODEST_HOARDING_01@~2024-12-12 22:17:55": "Rustika skyltfönster, befästa",
		"CASTLE_MODEST_PASSAGEWAY_01@~2024-12-12 22:16:11": "Blygsam passage av sten",
		"CASTLE_MODEST_ROOM_5@~2024-12-12 22:19:44": "Enkel befäst kammare",
		"CASTLE_MODEST_DECO_BAYWINDOW_01@~2024-12-12 22:18:59": "Fönster i blygsam sten",
		"CASTLE_MODEST_TOWER_4@~2024-12-12 22:21:27": "Blygsam stenbulbark",
		"CASTLE_MODEST_TOWER_5@~2024-12-12 22:23:17": "Enkel turell, kvadratisk",
		"CASTLE_MODEST_TOWER_6@~2024-12-12 22:23:27": "Modest Turret, rund",
		"CASTLE_MODEST_TOWER_7@~2024-12-12 22:24:03": "Modest observationstorn",
		"CASTLE_MODEST_TUNNELROOM_01@~2024-12-12 22:15:08": "Blygsam befäst port",
		"ENCAMPMENT_MODEST_TENT_2@~2024-12-12 22:12:10": "Blygsamt kilformigt tält",
		"CITY_STONE_FENCE@~2024-12-12 22:11:38": "Stadsstängsel",
		"CITY_STONE_GATE@~2024-12-12 22:11:41": "Stadens port",
		"CASTLE_MODEST_DECO_ROOF_01A@~2025-01-09 20:48:44": "Stram slottsfial",
		"CASTLE_MODEST_DECO_ROOF_02A@~2025-01-14 19:07:23": "Skarp slottsfial",
		"FEMALE_KNIGHT_STATUE_GOLDEN": "The Vanquisher, Guld",
		"MALE_KNIGHT_STATUE": "Fredsbevararen, marmor",
		"ARCHER_STATUE@~2025-01-24 17:23:13": "Vildsvinsslaktaren, marmor",
		"FEMALE_KNIGHT_STATUE@~2025-01-24 17:24:02": "Den fromme sökaren, marmor",
		"OCTOGONAL_PLINTH": "Oktagonal sockel",
		"OCTOGONAL_PEDESTAL": "Oktagonal piedestal",
		"SMALL_OCTOGONAL_PEDESTAL": "Liten åttkantig piedestal",
		"MASTERPIECE_KNIGHT_BANNER_B": "Blå banderoll, rund",
		"MASTERPIECE_KNIGHT_BANNER_A": "Blå banderoll, svalstjärt",
		"SQUARE_PEDESTAL": "Stor piedestal, fyrkantig",
		"SQUARE_PLINTH": "Fyrkantig sockel",
		"ALCOVED_PEDESTAL": "Alcoved Piedestal",
		"KNIGHT_STATUE_QUEEN@~2025-01-24 17:18:27": "Vår obevekliga drottning, Guld",
		"KNIGHT_STATUE_PRAISE@~2025-01-24 17:10:43": "Den dånande hjälten, marmor",
		"KNIGHT_STATUE_KING@~2025-01-24 17:18:23": "Vår magnifike konung, guld",
		"KNIGHT_STATUE_PIOUS@~2025-01-24 17:13:01": "Den krigande jungfrun, marmor",
		"KNIGHT_STATUE_ANGEL@~2025-01-24 17:31:49": "Relief av tron, marmor"
	},
	"BUILDING_DESCRIPTIONS": {
		"DESC_TAVERN": "En plats för att underhålla byborna med fina måltider och drycker.",
		"DESC_KEEP@2025-01-14 22:58:01": "Hållplatsen är den starkaste positionen i ditt slott och fungerar som en bas för ditt huvudkompani.",
		"TRAINING_DUMMY_DESC@~2024-04-16 15:01:20": "Ett övningsobjekt som kombattanter kommer att träna med.",
		"UNKNOWN_BLUEPRINT": "Okänd ritning",
		"UNDER_STUDY": "För närvarande under utredning.",
		"MONASTERY_DESC@2025-01-14 22:58:01": "Religiöst komplex av byggnader för munkar och nunnor, inklusive sovsalar, gemensamma utrymmen och arbetsplatser.",
		"WILL_ATTRACT_VISITORS_X": "Kommer att attrahera {IMG1}",
		"DESC_PUBLIC_LOUNGE": "Krävs för att välkomna gäster till värdshuset.",
		"REFECTORY_DESC": "En plats där munkar och nunnor kan konsumera {1}.",
		"ABBATIAL_CHURCH_DESC": "En imponerande klosterkyrka som är tillägnad tron.",
		"MONASTERY_CHAPEL_DESC": "Ge tro till munkar, nunnor och bybor.",
		"HOSPITIUM_DESC@~2024-12-11 17:26:10": "En plats för pilgrimer att vila.",
		"DESC_MONK_DORMS": "En plats för dina munkar att be och vila.",
		"DESC_NUN_DORMS": "Ett utrymme för nunnorna att be och vila.",
		"DESC_SCRIPTORIUM": "En plats där munkar och nunnor kopierar manuskript.",
		"DESC_MILITARY_DORM@~2024-04-16 15:01:42": "Ett gemensamt rum för dina kombattanter att vila och läka.",
		"DESC_MILITARY_FORT@2025-01-14 22:58:01": "Tillåter rekrytering, utbildning och inkvartering av en armé.",
		"DESC_MILITARY_TRAINING_GROUNDS@~2024-04-16 15:01:34": "Tillåter utbildning av kombattanter.",
		"MONASTERY_GARDEN_DESC": "En plats för att odla örter och bär.",
		"BEEKEEPING_BUILDING_DESC": "En plats där munkar och nunnor byter bistick mot honung och vax.",
		"WINERY_BUILDING_DESC": "En plats där druvorna väljs ut med omsorg och sedan krossas till fruktkött.",
		"KEEP_ROOF_DESC@2025-01-14 22:58:01": "Perfekt skydd för när himlen faller ner.",
		"ABBATIAL_CORE_DESC": "Det heliga hjärtat i din abbatiala kyrka.",
		"CLOISTER_DESC@2025-01-14 22:58:01": "En plats för klosterinvånarna att meditera över sina liv och vad de vill äta till middag.",
		"CLOISTER_ENTRANCE_DESC": "Ge tillgång till klostrets inre trädgård.",
		"CLOISTER_HALL_DESC": "Meditativ sal som omger klostrets inre trädgård.",
		"SPEARMAKER_DESC@~2023-07-14 18:46:44": "Producerar spjut av olika kvalitet.",
		"SWORDSMITH_DESC@~2023-07-17 16:39:09": "Producerar svärd av olika kvalitet.",
		"BOWYER_DESC@~2023-07-17 20:41:36": "Tillverkar bågar av olika kvalitet.",
		"CASTLE_QUARTERS_DESC@~2023-07-21 14:27:45": "Ett privat rum för riddare och adelsmän.",
		"CASTLE_MESSHALL_DESC@~2024-04-16 15:01:48": "En plats där kombattanter kan konsumera {1}.",
		"CASTLE_FORTIFICATION_DESC@~2023-08-28 21:46:59": "En befäst position för att förbättra säkerheten i området.",
		"ENCAMPMENT_DESC@2025-01-14 22:58:01": "Ger dig möjlighet att skapa ett kompani som kan utföra träning, patrullering eller delta i uppdrag.",
		"ENCAMPMENT_GROUND_DESC@2025-01-14 22:58:01": "Mittpunkten i varje läger, där ditt kompani samlas.",
		"ENCAMPMENT_MILITARY_TENT_DESC@~2024-04-16 15:01:53": "Tält för dina kombattanter under förberedelser inför strid och pauser under träningspass.",
		"CASTLE_HEALINGHOUSE_DESC@~2024-04-16 15:02:05": "En plats där skadade stridande får effektiv behandling.",
		"VINEYARD_DESC@~2023-07-25 20:40:20": "En plats där druvorna väljs ut med omsorg.",
		"WINERY_DESC@~2023-07-25 20:48:06": "En plats där druvor krossas till fruktkött.",
		"SOLDIER_GATHERING_LOCATION_DESC@2025-01-14 22:58:01": "Stridande kommer att omgruppera på denna plats när de lämnar och återvänder från uppdrag.",
		"CASTLE_PROVISIONER_DESC@~2024-04-11 14:39:34": "Producerar krigsransoner från olika ingredienser.",
		"MONASTERY_KITCHEN_DESC@~2024-04-23 19:23:42": "Producerar klostermat av olika ingredienser.",
		"DESC_BAILIFF_KINGDOM@2025-01-14 22:58:01": "Ger dig möjlighet att utse en kunglig hovman som kan utföra olika uppdrag i Stora salen.",
		"ROADCARETAKER_DESC@~2024-09-25 18:46:12": "Asfaltera och underhålla närliggande grusvägar till stenvägar.",
		"DESC_CITY_BELFRY@~2024-12-11 17:14:10": "Arbetarnas stolthet, stadens klockstapel, stärker lyckan hos de närboende byborna.",
		"DESC_MARKETHALL@~2024-12-11 17:33:52": "Lager och tillhandahålla stora mängder resurser för tätbefolkade områden.",
		"TAVERN_LODGE_DESC@~2024-12-11 17:27:00": "Erbjuder logi till förbipasserande resenärer.",
		"MASTERPIECE_MILITARY_STATUE_DESC@2025-01-27 18:59:14": "En krigshjälte som kanske eller kanske inte någonsin har existerat.",
		"MASTERPIECE_STRUCTURE_BASE_DESC@2025-01-27 18:59:14": "Om du vill att något ska se bra ut måste du visa upp det på något som ser lika bra ut.",
		"KNIGHT_STATUE_DESC@~2025-01-21 00:03:31": "Ett monument i marmor och guld som stärker lyckan hos alla stridande i riket."
	},
	"CONSTRUCTION_REQUIREMENTS": {
		"CONSTRUCTION_STEPS_COMPLETED_REQ@~2024-10-24 15:52:39": "Färdigställda byggsteg",
		"CONSTRUCTION_STEPS_COMPLETED_REQ_DESC@~2024-10-24 15:54:44": "Byggnader som använder den kosmetiska byggregeln kan ha olika byggsteg. En byggnad måste ha sina byggsteg slutförda för att vara funktionell."
	}
}