﻿{
	"GENERAL": {
		"SUPPACK_GUIVRE_BUILDING@~2025-01-22 23:50:03": "Guivre trädgård"
	},
	"BUILDING_PART": {
		"SUPPACK_GUIVRE_ARCHWAY_01A@~2025-01-22 23:52:01": "Guivre Trädgårdsbåge",
		"SUPPACK_GUIVRE_BRAZIER_01A@~2025-01-22 23:56:09": "Guivre Garden Brazier, mark",
		"SUPPACK_GUIVRE_FLOWER_01A@~2025-01-27 18:06:43": "Guivre Trädgårdsblommor, repspaljé",
		"SUPPACK_GUIVRE_FLOWER_02A@~2025-01-23 00:04:30": "Guivre Trädgårdsblommor, Delikat",
		"SUPPACK_GUIVRE_FLOWER_03A@~2025-01-23 00:04:32": "Guivre Trädgårdsblommor, doftande",
		"SUPPACK_GUIVRE_HALFWALL_01A@~2025-01-22 23:55:13": "Guivre Garden Barriär, rak",
		"SUPPACK_GUIVRE_HALFWALL_02A@~2025-01-27 18:06:46": "Guivre Trädgårdsblomma, träspaljé",
		"SUPPACK_GUIVRE_HALFWALL_CORNER_01A@~2025-01-22 23:55:17": "Guivre Garden Barriär, hörn",
		"SUPPACK_GUIVRE_HALFWALL_CORNER_02A@~2025-01-22 23:55:25": "Guivre Garden Flower, hörnet",
		"SUPPACK_GUIVRE_FOUNTAIN_LARGE_01A@~2025-01-23 00:46:09": "Guivre trädgård damm",
		"SUPPACK_GUIVRE_TORCH_MEDIUM_01A@~2025-01-22 23:56:16": "Guivre Garden Brazier, hängande",
		"SUPPACK_GUIVRE_BASSIN_RECTANGLE_01A@~2025-01-23 00:46:34": "Guivre Trädgårdsbassäng",
		"SUPPACK_GUIVRE_TORCH_SMALL_01A@~2025-01-27 18:40:35": "Guivre Garden Brazier, kolonn",
		"SUPPACK_GUIVRE_STATUE_BASILISK_01A@~2025-01-23 00:41:01": "Den förstenade basilisken, marmor",
		"SUPPACK_GUIVRE_STATUE_FISH_01A@~2025-01-22 23:59:26": "Den flygande fisken, marmor",
		"SUPPACK_GUIVRE_STATUE_GUIVRE_01A@~2025-01-23 00:41:40": "Den store Guivre, marmor",
		"SUPPACK_GUIVRE_STATUE_PEDESTAL_01A@~2025-01-22 23:59:41": "Guivre Trädgårdspiedestal",
		"SUPPACK_GUIVRE_STATUE_PINECONE_01A@~2025-01-23 00:00:03": "Den heliga ekollonen, marmor",
		"SUPPACK_GUIVRE_BENCH_STONE_01A@~2025-01-23 00:00:19": "Guivre Trädgårdsbänk",
		"SUPPACK_GUIVRE_PILLAR_01A@~2025-01-27 18:33:56": "Guivre Trädgård Kolonn"
	},
	"DESCRIPTION": {
		"SUPPACK_GUIVRE_BUILDING_DESC@2025-01-27 18:59:14": "Långt innan vårt rike kom till berättades historier om Guivre, en majestätisk juvelbesatt ormliknande best, med vingar så stora och klor så vassa att den kunde svepa får rakt framför näsan på oförsiktiga herdar!\n\nNuförtiden bygger byborna, antingen av vördnad eller rädsla, dessa imponerande monument för att hedra den mäktiga ormen.",
		"SUPPACK_GUIVRE_DECORATIVE_DESC@~2025-01-23 00:36:19": "Fler dekorationer till Guivre Garden, så att dina statyer kan få en egen liten värld.",
		"SUPPACK_GUIVRE_STATUE_DESC@2025-01-27 18:59:14": "Vissa tycker att dessa statyer ser majestätiska ut, medan andra tycker att de är skrämmande, men en sak är säker: de lämnar ingen oberörd."
	}
}