﻿{
	"EVENTS_ACTIONS": {
		"PAY": "Betala:",
		"SPEND": "Spendera"
	},
	"EVENTS_LOCKED_STATUS": {
		"ANSWER_LOCKED": "Detta svar är låst.",
		"ANSWER_UNLOCKED": "Detta svar är tillgängligt."
	},
	"EVENTS_CONSEQUENCES": {
		"EVENT_POSSIBLE_OUTCOMES": "Möjliga resultat",
		"EVENT_GAIN": "Tjäna",
		"EVENT_LOSE": "Förlora",
		"EVENT_START_QUEST": "Påbörja uppdrag",
		"EVENT_UNLOCK": "Lås upp",
		"EVENT_OPPORTUNITIES": "Utlösande händelser",
		"EVENT_ACTIVATE_EFFECTS": "Aktivera effekter",
		"EVENT_CONSEQUENCES": "Konsekvenser"
	},
	"EVENTS": {
		"KINGDOM_MESSAGE": "Ett meddelande från Kungadömet",
		"KINGDOM_WELCOME@2024-11-06 17:21:00": "Riket erkänner ditt hårda arbete med att etablera din bosättning!",
		"KINGDOM_GENERIC_APPROVE": "Jag är din ödmjuke tjänare.",
		"RUSTIC_CHURCH_BUILT_TITLE": "Prästerskapets kyrkor",
		"RUSTIC_CHURCH_BUILT_DESC": "Nyheten om att din by byggt sin första kyrka har nått Prästerskapet. De uppskattar din lojalitet till Kyrkan och ditt anseende växer i deras ögon!",
		"RUSTIC_CHURCH_BUILT_CHOICE_A": "Vi är fromma tjänare till Prästerskapet.",
		"RUSTIC_CHURCH_BUILT_CHOICE_TOOLTIP@2024-11-06 17:21:00": "Ditt inflytande över prästerskapet kommer att öka.",
		"RUSTIC_CHURCH_BUILT_CHOICE_TITLE": "Prästerskapet nöjd",
		"RUSTIC_CHURCH_BUILT_CHOICE_DESC@2024-11-06 17:21:00": "Byggandet av din första kyrka ökade ditt inflytande hos prästerskapet.",
		"TRADEROUTE_NORTHBURY_TITLE": "Förbättra handel med Nordby",
		"TRADEROUTE_NORTHBURY_1_DESC@2024-11-06 17:21:00": "Tack vare er ökande handel vill nu många människor bosätta sig i Nordby, men byn kämpar för att föda den extra arbetskraften och frågar om du kan skicka dem välbehövligt bröd.",
		"TRADEROUTE_NORTHBURY_2_DESC@2024-11-06 17:21:00": "Nordby håller på att växa till en livlig by! Folket planerar verkstäder för att bearbeta de extra varor du handlade, men de saknar mat för att föda de nödvändiga byggarna och skulle vilja att du bidrar.",
		"TRADEROUTE_NORTHBURY_3_DESC@2024-11-06 17:21:00": "Nordby håller snabbt på att bli en välmående stad! För att kunna ta emot fler varor planerar de att bygga ett rådhus. De kämpar dock med att skaffa tillräckligt med mat till de nödvändiga byggarna och skulle behöva din hjälp.",
		"TRADEROUTE_NORTHBURY_R_DESC@2024-11-06 17:21:00": "Nordby bygger ytterligare ett distrikt! De vill kunna hantera fler handelsvaror, men behöver bröd för att föda de extra byggarna. De undrar om din by kan hjälpa dem.",
		"TRADEROUTE_NORTHBURY_QUEST_SUCCESS_DESC@2024-11-06 17:21:00": "Nordby lovade att denna leverans av mat skulle vara hörnstenen i er gemensamma rikedom! Så länge ingen börjar blanda bröd och murbruk, vill säga.",
		"TRADEROUTE_CHOICE_YES@!2024-04-29 15:44:55": "Jag fixar det!",
		"TRADEROUTE_CHOICE_LATER@!2024-04-29 15:54:36": "Jag kanske hjälper dig senare.",
		"TRADEROUTE_NORTHBURY_QUEST": "Brödleverans till Nordby",
		"TRADEROUTE_GENERIC_QUEST_SUCCESS_DESC@2024-11-06 17:21:00": "Din granne tackade dig för ditt stöd! De lovade att varorna från din by snart skulle flöda rakt in på deras marknader!",
		"TRADEROUTE_CHOICE_YES_TOOLTIP@!2024-04-29 15:44:59": "Grannbyn förväntar sig att du så småningom ska hjälpa dem genom att skicka resurser via ett mandat.",
		"TRADEROUTE_CHOICE_LATER_TOOLTIP@2024-11-06 17:21:00": "Du kan förbättra handelsvägen genom att skicka resurser till dem via ett mandat.",
		"EVENT_CHOICE_LEAVE_TOOLTIP@2024-11-06 17:21:00": "Avfärda möjligheten för tillfället.",
		"EVENT_CHOICE_DISMISS_TOOLTIP@2024-11-06 17:21:00": "Avfärda möjligheten för alltid.",
		"ONBOARDING_WELCOME_TITLE": "En ny begynnelse",
		"ONBOARDING_WELCOME_DESC@2024-11-06 17:21:00": "Efter en lång resa genom riket når ditt folk äntligen nya länder. Ditt land. Territorier som du kan bosätta dig i av egna skäl. \nEra bybor väntar på er order och är ivriga att ge er råd om hur ni ska gå tillväga, om ni skulle behöva det.",
		"ONBOARDING_WELCOME_CHOICE_A": "Låt mig höra ert råd.",
		"ONBOARDING_WELCOME_CHOICE_B": "Råd? Vem behöver råd?",
		"ONBOARDING_TERRITORY_TITLE": "Råd: Ditt första område",
		"ONBOARDING_TERRITORY_DESC": "Det första rådet kommer från den äldsta av dina bybor. Han föreslår att du fokuserar på bosättningens basbehov.\n\nBär till ditt folk. Sten och ved till dina ambitiösa konstruktioner. Resten kommer falla på plats.",
		"ONBOARDING_TERRITORY_CHOICE_A": "Vi bosätter oss här.",
		"ONBOARDING_PRODUCTION_TITLE@2024-11-06 17:21:00": "Råd: Organisering av arbetet",
		"ONBOARDING_PRODUCTION_DESC@2024-11-06 17:21:00": "Det andra rådet kommer från en ung, driftig bybo. I stället för att låta alla klara sig själva föreslår hon att du organiserar arbetarna på lämpliga arbetsplatser. \"Byggare till verkstäder, vedhuggare till timmerläger, bärplockare till sina hyddor och så vidare.",
		"ONBOARDING_PRODUCTION_CHOICE_A": "Låt oss sätta igång.",
		"ONBOARDING_VILLAGERNEEDS_TITLE": "Råd: Behov och lycka",
		"ONBOARDING_VILLAGERNEEDS_DESC@2024-11-06 17:21:00": "Nu när du har organiserat dina arbetare kan du ta hand om deras behov och lycka. Se till att de har tillgång till färskvatten och bostäder. När det gäller mat behöver du först människor som kan lagra och distribuera de bär som de har samlat in. \nDärefter har din by allt som behövs för att välkomna sin första våg av invandrare!",
		"ONBOARDING_VILLAGERNEEDS_CHOICE_A": "Alla kommer att må bra.",
		"ONBOARDING_TRADE_TITLE": "Råd: Tjäna pengar på handel",
		"ONBOARDING_TRADE_DESC@2024-11-06 17:21:00": "En affärsinriktad bybo föreslår att ni skapar en handelsväg med er närmaste granne, Nordby, för att sälja resurser med vinst och skaffa föremål som inte kan produceras lokalt. \nNordby behöver plankor, så du borde börja med dem.",
		"ONBOARDING_TRADE_CHOICE_A": "Låt oss planera vår handel.",
		"ONBOARDING_ADMINISTRATION_TITLE": "Råd: Herrgården",
		"ONBOARDING_ADMINISTRATION_DESC@2024-11-06 17:21:00": "Du har gjort stora framsteg den senaste tiden! En lättsam kvinna ser dina framsteg och tackar dig å sitt folks vägnar för ditt hårda arbete. \n\nFör att hjälpa till att hantera byn och anta nya mandat föreslår hon att man bygger en herrgård och en stor sal.",
		"ONBOARDING_ADMINISTRATION_CHOICE_A": "Det blir en ståtlig herrgård.",
		"ONBOARDING_ENDING_TITLE": "Råd: Härska på egen hand",
		"ONBOARDING_ENDING_DESC@2024-11-06 17:21:00": "Du promenerar genom byn och tittar på vad du har åstadkommit. Det här landet var en ren vildmark för inte så länge sedan, men du kom och gjorde skillnad. Du och ditt folk förvandlade detta otämjda territorium till ett respektabelt land i riket. \nOch det här är bara början, för ditt rättvisa styre kommer att ge välstånd till alla!",
		"ONBOARDING_CHOICE_ADVISE": "Låt oss sätta dessa planer i verket.",
		"ONBOARDING_CHOICE_LEAVE": "Jag fortsätter på egen hand.",
		"ONBOARDING_CHOICE_START_TOOLTIP": "Börja ta emot rådgivning.",
		"ONBOARDING_CHOICE_END_TOOLTIP": "Sluta ta emot rådgivning.",
		"ONBOARDING_CHOICE_LEAVE_TOOLTIP": "Avfärda detta råd och fortsätt arbeta.",
		"ONBOARDING_CHOICE_INTRO_LEAVE_TOOLTIP": "Avfärda detta råd och påbörja ditt arbete.",
		"ONBOARDING_CHOICE_A_TOOLTIP": "Följ råden från dina bybor och lär dig styra din by.",
		"ONBOARDING_CHOICE_COMPLETE": "För vårt välstånd!",
		"ONBOARDING_CHOICE_COMPLETE_TOOLTIP": "Styr byn på egen hand.",
		"ONBOARDING_FIRSTTERRITORY_QUEST_TITLE": "Råd: Välj ditt startområde",
		"ONBOARDING_VILLAGECENTER_QUEST_TITLE@2024-11-06 17:21:00": "Råd: Placering av ditt bycentrum",
		"ONBOARDING_BUILDERWORKSHOP_QUEST_TITLE": "Råd: Placera byggarnas verkstad",
		"ONBOARDING_ASSIGNBUILDER_QUEST_TITLE": "Råd: Utse en byggare",
		"ONBOARDING_PLACEWOODCUTTER_QUEST_TITLE": "Råd: Bygg ett timmerläger",
		"ONBOARDING_ASSIGNWOODCUTTER_QUEST_TITLE": "Råd: Utse en vedhuggare",
		"ONBOARDING_PAINTEXTRACTION_QUEST_TITLE": "Råd: Rita zon för utvinning",
		"ONBOARDING_PRODUCEBERRY_QUEST_TITLE": "Råd: Samla mat",
		"ONBOARDING_RESIDENTIAL_QUEST_TITLE@~2024-11-07 15:38:20": "Råd: Planera boende",
		"ONBOARDING_FILLNEEDS_QUEST_TITLE": "Råd: Tillfredsställ bybornas behov",
		"ONBOARDING_FIRSTIMMIGRATION_QUEST_TITLE": "Råd: Främja invandring",
		"ONBOARDING_WAREHOUSE_QUEST_TITLE": "Råd: Bygg ett lagerhus",
		"ONBOARDING_TRADEROUTE_QUEST_TITLE": "Råd: Planera en handelsväg",
		"ONBOARDING_MANOR_QUEST_TITLE": "Råd: Bygg en herrgård",
		"ONBOARDING_FIRSTTERRITORY_QUEST_DESC": "Jag har anlänt i ett lovande område som jag ska bosätta.",
		"ONBOARDING_VILLAGECENTER_QUEST_DESC@2024-11-06 17:21:00": "Nu när jag har bestämt mig för var jag ska bosätta mig måste jag etablera byns centrum.",
		"ONBOARDING_BUILDERWORKSHOP_QUEST_DESC": "Innan något kan byggas måste jag välja en arbetsplats åt byggarna.",
		"ONBOARDING_ASSIGNBUILDER_QUEST_DESC": "Nu när den första arbetsplatsen är utplacerad måste jag utse bybor som ska jobba där.",
		"ONBOARDING_PLACEWOODCUTTER_QUEST_DESC": "Jag måste bygga ett timmerläger för att utvinna virke till uppbyggnaden av byn.",
		"ONBOARDING_ASSIGNWOODCUTTER_QUEST_DESC@2024-11-06 17:21:00": "Träet hugger inte sig självt. Jag borde tilldela skogshuggare till timmerlägret.",
		"ONBOARDING_PAINTEXTRACTION_QUEST_DESC": "Jag måste informera skogshuggarna vilken typ av resurs de ska utvinna.",
		"ONBOARDING_PRODUCEBERRY_QUEST_DESC@2024-11-29 14:55:56": "Mitt folk börjar bli hungrigt! De skulle vilja ha en samlingsstuga vid skogen för att samla bär.",
		"ONBOARDING_RESIDENTIAL_QUEST_DESC": "Jag måste bestämma var mitt folk ska bygga sina hus.",
		"ONBOARDING_FILLNEEDS_QUEST_DESC@2024-11-06 17:21:00": "Jag måste se till att alla behov blir tillgodosedda nu när alla har kommit till ro.",
		"ONBOARDING_FIRSTIMMIGRATION_QUEST_DESC": "Jag måste säkerställa att byn har allting nykomlingar behöver för att invandra.",
		"ONBOARDING_WAREHOUSE_QUEST_DESC": "Jag måste säkerställa att konstruktionsmaterial är lagrade för byggare och handelsmän.",
		"ONBOARDING_TRADEROUTE_QUEST_DESC@2024-11-06 17:21:00": "Jag borde förbereda en handelsväg för att dra nytta av utbytet med grannbyarna.",
		"ONBOARDING_MANOR_QUEST_DESC@2024-11-06 17:21:00": "För att administrera byn bör jag bygga en herrgård med en stor sal.",
		"ONBOARDING_COMPLETION_DESC@2024-11-06 17:21:00": "Dina bybor har inget annat att lära dig... än! När du möter nya utmaningar kommer de att ge dig ytterligare råd.",
		"ADVANCEDONBOARDING_PROSPERITY_TITLE": "Råd: Utsmyckningar till byn",
		"ADVANCEDONBOARDING_PROSPERITY_DESC@2024-11-06 17:21:00": "Dina bybor skulle uppskatta dekorationer! De gör ett område mer attraktivt för bättre bostäder och bidrar också till försköning, vilket förbättrar ditt välstånd.",
		"ADVANCEDONBOARDING_PROSPERITY_CHOICE_A": "Låt oss dekorera din by!",
		"ADVANCEDONBOARDING_PROSPERITY_QUEST_TITLE": "Råd: Placera utsmyckningar",
		"ADVANCEDONBOARDING_PROSPERITY_QUEST_DESC@2024-11-06 17:21:00": "Jag har gått med på att lära mig hur man dekorerar vår by.",
		"ADVANCEDONBOARDING_TAXATIONLOWCOINS_TITLE": "Råd: Tjäna pengar på skatt",
		"ADVANCEDONBOARDING_TAXATIONLOWCOINS_DESC@2024-11-06 21:05:14": "Det verkar som om er statskassa har haft ont om mynt på sistone. Några av dina bybor föreslår att du tillfälligt höjer skatterna tills kassan förbättras.",
		"ADVANCEDONBOARDING_TAXATIONLOWCOINS_CHOICE_A": "Öka beskattningen!",
		"ADVANCEDONBOARDING_TAXATIONLOWCOINS_QUEST_TITLE": "Råd: Höj skatten",
		"ADVANCEDONBOARDING_TAXATIONLOWCOINS_QUEST_DESC": "Jag ska lära mig att höja skatten för att driva in mer pengar.",
		"ADVANCEDONBOARDING_TAXATIONLOWHAPPINESS_TITLE": "Råd: Höj skatten",
		"ADVANCEDONBOARDING_TAXATIONLOWHAPPINESS_DESC@2024-11-06 17:21:00": "Livet är svårt för stadsborna! En del av ert folk hoppas att ni ska minska deras skattetryck för att göra deras liv lättare, åtminstone för en liten stund, så att de kan klara av att uppfylla sina behov.",
		"ADVANCEDONBOARDING_TAXATIONLOWHAPPINESS_CHOICE_A@2024-11-06 17:21:00": "Låt oss sänka skatten!",
		"ADVANCEDONBOARDING_TAXATIONLOWHAPPINESS_QUEST_TITLE": "Råd: Sänka skatten",
		"ADVANCEDONBOARDING_TAXATIONLOWHAPPINESS_QUEST_DESC": "Jag ska lära mig att sänka skatten för att göra mina bybor lyckligare.",
		"ONBOARDING_CHOICE_ACTION_IGNORE_TOOLTIP": "Hoppa över alla råd.",
		"ADVANCEDONBOARDING_CHOICE_ACTION_IGNORE_TOOLTIP": "Hoppa över detta råd.",
		"ADVANCEDONBOARDING_CHOICE_A_TOOLTIP": "Ta ett råd från dina bybor och lär dig något nytt om din by.",
		"ADVANCEDONBOARDING_CHOICE_LEAVE_TOOLTIP": "Avfärda detta råd och fortsätt arbeta.",
		"ADVANCEDONBOARDING_COMPLETION_TITLE": "Råd genomfört",
		"ADVANCEDONBOARDING_PROSPERITY_COMPLETION_DESC": "Du har byggt din första utsmyckning! Utsmyckningar ger både Försköning och ökar Önskvärdhet som förbättrar din by.",
		"ADVANCEDONBOARDING_TAXATIONLOWCOINS_COMPLETION_DESC": "Du höjde skatten och tjänade mer pengar! Försök att hitta den perfekta balansen mellan förmögenhet och välmående.",
		"ADVANCEDONBOARDING_TAXATIONLOWHAPPINESS_COMPLETION_DESC": "Du sänkte skatten vilket gjorde dina bybor lyckligare! Försök att hitta den perfekta balansen mellan förmögenhet och välmående.",
		"ADVANCEDONBOARDING_CLERGYINFLUENCE_ACCUMULATE_TITLE": "Råd: Tjäna inflytande",
		"ADVANCEDONBOARDING_CLERGYINFLUENCE_SPEND_TITLE": "Råd: Inflytande över andra",
		"ADVANCEDONBOARDING_LABOURINFLUENCE_ACCUMULATE_DESC@2024-11-06 17:21:00": "Ett isolerat samhälle av fiskare letar efter en godhjärtad byggare! De behöver hjälp med att bygga en bro som ska förbinda deras by med resten av riket. De har inte mycket att erbjuda, men de lovar att sprida ordet om din generositet bland arbetarna.",
		"ADVANCEDONBOARDING_LABOURINFLUENCE_ACCUMULATE_CHOICE_A": "Min bästa byggare gör en ritning åt dig.",
		"ADVANCEDONBOARDING_LABOURINFLUENCE_ACCUMULATE_CHOICE_A_TOOLTIP": "Din bästa byggare kommer försöka att göra en broritning till fiskarna.",
		"ADVANCEDONBOARDING_LABOURINFLUENCE_ACCUMULATE_CHOICE_A_TOOLTIP_SUCCESS@2024-11-06 17:21:00": "Ritningen är kortfattad.",
		"ADVANCEDONBOARDING_LABOURINFLUENCE_ACCUMULATE_CHOICE_A_TOOLTIP_FAILURE": "Ritningen är vilseledande.",
		"ADVANCEDONBOARDING_LABOURINFLUENCE_ACCUMULATE_CHOICE_B": "Låt mig anlita någon å dina vägnar!",
		"ADVANCEDONBOARDING_LABOURINFLUENCE_ACCUMULATE_CHOICE_B_TOOLTIP": "Du måste lämna in en kontantinsats för att hjälpa fiskarna.",
		"ADVANCEDONBOARDING_LABOURINFLUENCE_ACCUMULATE_CHOICE_NO": "Inte intresserad.",
		"ADVANCEDONBOARDING_LABOURINFLUENCE_SPEND_DESC@2024-11-06 17:21:00": "Fiskarna är tacksamma för ritningen, eftersom en bro kommer att hjälpa till att föra deras samhälle till framkant. Som tack vill de gärna byta ett stort antal fiskar mot några av era stenar.",
		"ADVANCEDONBOARDING_LABOURINFLUENCE_SPEND_CHOICE_A_TITLE": "Ett generöst erbjudande, tack.",
		"ADVANCEDONBOARDING_LABOURINFLUENCE_SPEND_CHOICE_A_TOOLTIP@2024-11-06 17:21:00": "Byt en liten mängd stenar mot ett stort antal fiskar.",
		"ADVANCEDONBOARDING_LABOURINFLUENCE_SPEND_CHOICE_B_TITLE": "Byte? Jag gav dig nyss en bro.",
		"ADVANCEDONBOARDING_LABOURINFLUENCE_SPEND_CHOICE_B_TOOLTIP@2024-11-06 17:21:00": "Du kommer att använda ditt inflytande för att tjäna fisken utan att ge något tillbaka.",
		"ADVANCEDONBOARDING_LABOURINFLUENCE_SPEND_CHOICE_NO_TITLE@2024-11-06 17:21:00": "Behåll fisken. Jag behöver inte den.",
		"ADVANCEDONBOARDING_LABOURINFLUENCE_ACCUMULATE_SUCCESS_DESC@2024-11-06 17:21:00": "Du hjälpte det lilla samhället att bygga en bro, och de lovade att sprida ordet i gengäld.",
		"ADVANCEDONBOARDING_LABOURINFLUENCE_SPEND_SUCCESS_DESC@2024-11-06 17:21:00": "Fiskarna överlämnade en hel del varor som tack för broritningen.",
		"ADVANCEDONBOARDING_LABOURINFLUENCE_ACCUMULATE_QUEST_TITLE": "Råd: Byt stenar mot fisk",
		"ADVANCEDONBOARDING_LABOURINFLUENCE_ACCUMULATE_QUEST_DESC@2024-11-06 17:21:00": "Jag har accepterat ett erbjudande från ett fiskesamhälle om att byta stenar mot deras fisk.",
		"ESTATETRADER_WHEAT_LABOUR_TITLE": "Vete till byäldstarna",
		"ESTATETRADER_WHEAT_LABOUR_DESC": "Byäldstarna söker efter vete för att hjälpa en närliggande by som har ont om mat. En av deras köpmän såg din gård och vill ge dig ett erbjudande.",
		"ESTATETRADER_WOOD_LABOUR_TITLE": "Trä till byäldstarna",
		"ESTATETRADER_WOOD_LABOUR_DESC@2024-11-06 17:21:00": "Byäldstarna vill reparera några broar i regionen. En av deras köpmän har lagt märke till dina vedhuggarläger och vill ge dig ett erbjudande.",
		"ESTATETRADER_HAGGLE_FAILURE_DESC@2024-11-06 17:21:00": "Förhandlingarna misslyckades! Säljaren erbjuder nu ett sämre förslag jämfört med det ursprungliga förslaget.",
		"ESTATETRADER_HAGGLE_SUCCESS_DESC@2024-11-06 17:21:00": "Förhandlingarna lyckades! Handlaren erbjuder nu ett mycket bättre avtal jämfört med det ursprungliga.",
		"ESTATETRADER_QUEST_FAILURE_DESC@2024-11-06 17:21:00": "Du levererade inte varorna i tid! Det uppskattades inte av köpmannen.",
		"ESTATETRADER_QUEST_SUCCESS_DESC@2024-11-06 17:21:00": "Du levererade varorna i tid, till stor glädje för köpmannen som lovade att lägga in ett gott ord hos sin ledare.",
		"ESTATETRADER_WOOD_SUCCESS_TITLE": "Virke levererat",
		"ESTATETRADER_WOOD_FAILURE_TITLE": "Virke inte levererat",
		"ESTATETRADER_WHEAT_SUCCESS_TITLE": "Vete levererat",
		"ESTATETRADER_WHEAT_FAILURE_TITLE": "Vete inte levererat",
		"ESTATETRADER_CHOICE_YES": "Det låter som en bra affär.",
		"ESTATETRADER_CHOICE_HAGGLE": "Låt oss diskutera en bättre affär...",
		"ESTATETRADER_CHOICE_LATER@2024-11-06 17:21:00": "Inte intresserad. Kanske nästa gång.",
		"ESTATETRADER_WHEAT_LABOUR_QUEST": "Sälja vete till byäldstarna",
		"ESTATETRADER_WHEAT_LABOUR_QUEST_DESC@2024-11-06 17:21:00": "Jag har gått med på att leverera en sändning vete till de byäldstarna.",
		"ESTATETRADER_WOOD_LABOUR_QUEST": "Sälja virke till byäldstarna",
		"ESTATETRADER_WOOD_LABOUR_QUEST_DESC@2024-11-06 17:21:00": "Jag har gått med på att leverera en sändning virke till de byäldstarna.",
		"ESTATETRADER_CHOICE_YES_TOOLTIP@2024-11-06 17:21:00": "Konkursboet förväntar sig att ett stort antal resurser ska levereras inom en månad.",
		"ESTATETRADER_CHOICE_HAGGLE_TOOLTIP@2024-11-06 17:21:00": "Konkursboet är inte intresserat av att sänka sitt bud, men du kan försöka övertala dem.",
		"ESTATETRADER_CHOICE_HAGGLE_TOOLTIP_SUCCESS": "Erbjudandet förbättras.",
		"ESTATETRADER_CHOICE_HAGGLE_TOOLTIP_FAILURE@2024-11-06 17:21:00": "Erbjudandet försämras.",
		"ESTATETRADER_CHOICE_LATER_TOOLTIP@2024-11-06 17:21:00": "Affären är avslutad, men Estate kommer att återkomma senare.",
		"TOWNTALE_BERRYSURPLUS_TITLE@~2024-08-28 20:56:27": "Överskott av rustik mat",
		"TOWNTALE_BERRYSURPLUS_DESC@2024-11-06 17:21:00": "Ett berg av mat i ditt spannmålsmagasin är alltid en betryggande syn. Ett sådant överflöd av närande rikedomar lugnar dina bybor och försäkrar dem om att de kommande dagarna sannolikt kommer att innebära att de är välnärda.",
		"TOWNTALE_COINSURPLUS_TITLE": "Myntöverskott",
		"TOWNTALE_COINSURPLUS_DESC@2024-11-06 17:21:00": "Ryktet säger att du lyckats samla på dig en förmögenhet i klass med forna tiders drakar: en enorm hög med glänsande guldmynt. Det må vara hörsägen, men ditt folk kan trösta sig med att de inte kommer att sakna rikedomar på ett bra tag. ",
		"TOWNTALE_FIRSTBAKERY_TITLE": "Första bageriet",
		"TOWNTALE_FIRSTBAKERY_DESC@2024-11-06 17:21:00": "En utsökt doft sprider sig i den varma vinden denna morgon. Det är din bys första knippe bröd, nybakat, till glädje för alla bybor och deras pirrande smaklökar!",
		"TOWNTALE_FULLHAPPINESS_TITLE": "Lyckliga bybor",
		"TOWNTALE_FULLHAPPINESS_DESC@2024-11-06 17:21:00": "Från din plats i Stora salen kan du höra folk sjunga och skratta utanför. Du såg till att alla hade allt som behövdes för att de skulle trivas och lyckas! Tack vare dig är livet gott.",
		"TOWNTALE_MATERIALSURPLUS_TITLE": "Överskott av konstruktionsmaterial",
		"TOWNTALE_MATERIALSURPLUS_DESC@2024-11-06 17:21:00": "Trä och sten. Med dessa är allt möjligt. Dina bybor tittar på överskottet och förundras över deras potential. Ska det bli en kyrka? En herrgård? Ett värdshus? Spännande funderar alla på vad som kan komma härnäst!",
		"TOWNTALE_POSITIVE_TOOLTIP@~2024-10-08 14:58:30": "Dina bybor jublar över den här historien!",
		"TOWNTALE_INFLUENCE_TOOLTIP@~2024-10-08 20:02:04": "Du har fått beröm från en av rikets ständer!",
		"TOWNTALE_TRADE_TOOLTIP@~2024-10-08 20:02:39": "Du fick bättre erbjudanden från köpmän!",
		"TOWNTALE_FIRSTTAXOFFICE_TITLE@~2024-09-03 22:31:27": "Första skattekontoret",
		"TOWNTALE_FIRSTTAXOFFICE_DESC@2024-11-06 17:21:00": "Ett skattekontor står nu i byn och lovar ordning och välstånd! Även om vissa bybor kanske muttrar, vet de att deras mynt banar väg för en ljusare och säkrare framtid för alla.",
		"TOWNTALE_POPULATION100_TITLE@~2024-09-03 22:31:27": "Befolkningen når 100",
		"TOWNTALE_POPULATION100_DESC@2024-11-06 17:21:00": "Ni har välkomnat 100 bybor till ert växande samhälle! Även om de fortfarande är små, lyser samarbetsandan igenom. Det är en hoppfull början när ni lägger grunden för framtida drömmar.",
		"TOWNTALE_POPULATION200_TITLE@~2024-09-03 22:31:27": "Befolkningen når 200",
		"TOWNTALE_POPULATION200_DESC@~2024-10-08 19:54:59": "Gläd dig på gatorna! Med 200 bybor är din by blomstrande! Era hem blir allt mer robusta och på marknadsplatsen är det livlig aktivitet. Det finns en tröstande känsla av framsteg när livet här blir rikare.",
		"TOWNTALE_POPULATION300_TITLE@~2024-09-03 22:31:27": "Befolkningen når 300",
		"TOWNTALE_POPULATION300_DESC@2024-11-06 17:21:00": "Hurra för 300! Din by är nu full av möjligheter, där gemenskaper kan fördjupas och färdigheter utvecklas, och hyllas som en varm och inbjudande plats för alla att trivas på.",
		"TOWNTALE_POPULATION400_TITLE@~2024-09-03 22:31:27": "Befolkningen når 400",
		"TOWNTALE_POPULATION400_DESC@2024-11-06 17:21:00": "Låt banderollerna flyga! Din by har förvandlats till en storslagen stad med 400 invånare! Gatorna är fulla av pratglada grannar och de band ni har skapat gör den här staden till en perfekt plats att kalla sitt hem.",
		"TOWNTALE_POPULATION500_TITLE@2024-11-06 17:21:00": "Befolkningen över 500",
		"TOWNTALE_POPULATION500_DESC@2024-11-06 17:21:00": "Över 500 bybor kallar nu er stad för sitt hem. En anmärkningsvärd prestation! Ni har skapat ett livfullt samhälle som står stolt bland rikets största. Framtiden innehåller mycket löften och äventyr för alla.",
		"TOWNTALE_ADVANCEDMATERIALSURPLUS_TITLE@~2024-09-03 22:31:27": "Överskott av avancerade material",
		"TOWNTALE_ADVANCEDMATERIALSURPLUS_DESC@2024-11-06 17:21:00": "Era hantverkare har arbetat hårt, och nu har byn ett överskott av byggnadsstenar och plankor! Detta nyfunna överflöd har satt fart på deras kreativitet och gett upphov till idéer om otroliga strukturer som ännu inte har kommit till.",
		"TOWNTALE_REFINEDSURPLUS_TITLE@~2024-09-03 22:31:27": "Överskott av raffinerade livsmedel",
		"TOWNTALE_REFINEDSURPLUS_DESC@2024-11-06 17:21:00": "Tack vare ett överskott av raffinerad mat känns varje måltid i byn som en gourmetupplevelse! Detta överflöd garanterar utsökta maträtter för hela samhället.",
		"TOWNTALE_TOOLSSURPLUS_TITLE@~2024-09-03 22:31:27": "Överskott av verktyg",
		"TOWNTALE_TOOLSSURPLUS_DESC@2024-11-06 17:21:00": "Byns överflöd av verktyg väcker alla flitiga sinnen! Kommer de att skapa nya underverk, byta till sig rikedomar eller förbättra det dagliga livet? Ditt folk väntar på ditt beslut.",
		"TOWNTALE_TRADEVOLUME_TITLE@~2024-09-03 22:31:27": "Hög handelsvolym",
		"TOWNTALE_TRADEVOLUME_DESC@2024-11-06 17:21:00": "Köpmännen är imponerade av de lukrativa affärer som de gör varje gång de besöker er by! Som ett tecken på deras uppskattning erbjuder de bättre priser under en tid, vilket garanterar mer fördelaktiga erbjudanden.",
		"LABOURWELCOME_TITLE": "Möt byäldstarna",
		"LABOURWELCOME_DESC@2024-11-06 17:21:00": "De byäldste, de högt respekterade ledande männen och kvinnorna bland regionens arbetare, hörde talas om er by och ville göra nytta för ert folk. \n\nDe tog med sig välkomstgåvor - främst verktyg - för att underlätta för din bybo och lovade sedan sin hjälp.",
		"LABOURWELCOME_CHOICE_A": "Ditt stöd är mycket uppskattat.",
		"LABOURWELCOME_CHOICE_TITLE": "Verktyg togs emot",
		"LABOURWELCOME_CHOICE_DESC": "Byäldstarna vill att du ska ta väl hand om ditt folk.",
		"LABOURWELCOME_CHOICE_A_TOOLTIP": "Byäldstarna kommer skicka verktyg för att hjälpa din by.",
		"ADVANCEDONBOARDING_NOTOOLS_TITLE": "Råd: Köpa resurser",
		"ADVANCEDONBOARDING_NOTOOLS_DESC@2024-11-06 17:21:00": "Du fick slut på verktyg! Dessa dyrbara varor är nödvändiga för de flesta byggnadsarbeten. Ditt folk föreslår att du köper några från grannbyarna. De kommer inte att vara billiga, men det är det bästa du kan göra tills du får en smed.",
		"ADVANCEDONBOARDING_NOTOOLS_CHOICE_A": "Låt oss fråga våra grannar!",
		"ADVANCEDONBOARDING_NOTOOLS_CHOICE_A_TOOLTIP": "Öppna en handelsväg och köp några verktyg från en grannby.",
		"ADVANCEDONBOARDING_NOTOOLS_COMPLETION_DESC@2024-11-06 17:21:00": "Dessa verktyg bör hålla ett tag! Efter att ha bett om mer än du äger, kommer köpmännen att lagra överskottet i dina lagerbyggnader.",
		"ADVANCEDONBOARDING_NOTOOLS_QUEST_TITLE": "Råd: Köpa verktyg",
		"ADVANCEDONBOARDING_NOTOOLS_QUEST_DESC@2024-11-06 17:21:00": "Jag har kommit överens om att köpa verktyg från en grannby.",
		"ADVANCEDONBOARDING_SECONDFOOD_TITLE": "Råd: Mångfald i maten",
		"ADVANCEDONBOARDING_SECONDFOOD_DESC": "Dina bybor är mycket tacksamma för maten du gav dem, men de önskar att deras skafferi hade mer att erbjuda! De skulle uppskatta om du kunde ge dem en andra källa till mat.",
		"ADVANCEDONBOARDING_SECONDFOOD_CHOICE_A": "Låt oss sätta mat på bordet.",
		"ADVANCEDONBOARDING_SECONDFOOD_CHOICE_A_TOOLTIP": "Du kommer att tillhandahålla en andra källa till mat till dina bybor.",
		"ADVANCEDONBOARDING_SECONDFOOD_COMPLETION_DESC": "Dina bybor är glada över att ha flera olika källor till mat tillgängliga. Diversifiering säkerställer också livsmedelsstabilitet.",
		"ADVANCEDONBOARDING_SECONDFOOD_QUEST_TITLE": "Råd: Tillhandahåll mångfald av livsmedel",
		"ADVANCEDONBOARDING_SECONDFOOD_QUEST_DESC@2024-11-06 17:21:00": "Jag har lovat att hitta en andra källa till mat åt mitt folk.",
		"ADVANCEDONBOARDING_ENACTLEVY_TITLE": "Råd: Uttaxera medel",
		"ADVANCEDONBOARDING_ENACTLEVY_DESC@2024-11-06 17:21:00": "Din kassa verkar vara tom nuförtiden! Som ledare för den här byn har du befogenhet att samla in pengar från dina bybor. Men bidragen kommer att vara motvilliga! \n\nUttaxering bör endast användas i brådskande situationer, eftersom de kan minska dina bybors lycka avsevärt under flera veckor.",
		"ADVANCEDONBOARDING_ENACTLEVY_CHOICE_A": "Låt oss be byborna om mynt.",
		"ADVANCEDONBOARDING_ENACTLEVY_COMPLETION_DESC": "Du tog ut avgifter från dina bybor, vilket gjorde dem missnöjda.",
		"ADVANCEDONBOARDING_ENACTLEVY_QUEST_TITLE": "Råd: Införande av uttaxeringsmandat",
		"ADVANCEDONBOARDING_ENACTLEVY_QUEST_DESC": "Jag har beslutat att uttaxera medel från mina bybor.",
		"ADVANCEDONBOARDING_ENACTLEVY_QUEST_COMPLETELEVY": "Starta uttaxeringsmandatet",
		"ADVANCEDONBOARDING_VILLAGERLEAVING_TITLE@2024-11-06 17:21:00": "Råd: Bybor lämnar",
		"ADVANCEDONBOARDING_VILLAGERLEAVING_DESC@2024-11-06 17:21:00": "Några bybor i ditt samhälle är missnöjda. De har sina skäl, men en sak är säker: de kommer att flytta om livet i byn inte blir bättre. Kontrollera vad som bekymrar dem.",
		"ADVANCEDONBOARDING_VILLAGERLEAVING_CHOICE_A": "Låt oss hjälpa dem!",
		"ADVANCEDONBOARDING_VILLAGERLEAVING_COMPLETION_DESC@2024-11-06 17:21:00": "Freden har återvänt till byn och alla är glada igen.",
		"ADVANCEDONBOARDING_VILLAGERLEAVING_QUEST_TITLE": "Råd: Förhindra bybor från att lämna",
		"ADVANCEDONBOARDING_VILLAGERLEAVING_QUEST_DESC@2024-11-06 17:21:00": "Jag har bestämt mig för att uppmuntra byborna att stanna kvar.",
		"ADVANCEDONBOARDING_HOUSEDENSITYINCREASE_TITLE": "Råd: Öka bostadstätheten",
		"ADVANCEDONBOARDING_HOUSEDENSITYINCREASE_DESC@2024-11-06 17:21:00": "Byborna är glada över att höra om era planer på att förbättra befästningarna och genomföra patruller! De tror att detta kommer att öka byns täthet och främja välstånd för hela samhället.",
		"ADVANCEDONBOARDING_HOUSEDENSITYINCREASE_CHOICE_A": "Låt oss göra en stad av den här byn!",
		"ADVANCEDONBOARDING_HOUSEDENSITYINCREASE_COMPLETION_DESC": "Vägarna är äntligen säkra, vilket banar väg för en tätare by. Se bara till att utse fler patrullerare i takt med att den växer!",
		"ADVANCEDONBOARDING_HOUSEDENSITYINCREASE_QUEST_TITLE": "Råd: Öka bostadstätheten",
		"ADVANCEDONBOARDING_HOUSEDENSITYINCREASE_QUEST_DESC@2024-11-06 17:21:00": "Jag har gått med på att förbättra säkerheten i byn.",
		"TOOLSLOAN_OFFER_TITLE@~2023-01-01 01:01:01": "Låna ut verktyg",
		"TOOLSLOAN_OFFER_DESC@2024-11-06 17:21:00": "En rik välgörare fick höra om din bys senaste kamp med verktyg och mynt! De har vänligt erbjudit sig att låna ut de nödvändiga verktygen för att hjälpa ditt samhälle att blomstra. Men de kommer så småningom att förvänta sig återbetalning.",
		"TOOLSLOAN_OFFER_CHOICE_A@2024-11-06 17:21:00": "Tack så mycket. Det är mycket generöst av dig.",
		"TOOLSLOAN_OFFER_CHOICE_A_TOOLTIP@2024-11-06 17:21:00": "Du kommer att få verktyg, men välgöraren förväntar sig betalning, så småningom.",
		"TOOLSLOAN_OFFER_CHOICE_NO@2024-11-06 17:21:00": "Nej tack, vi klarar oss bra utan dem.",
		"TOOLSLOAN_OFFER_CHOICE_NO_TOOLTIP@~2023-01-01 01:01:01": "Välgöraren kan komma att erbjuda sin hjälp igen i framtiden.",
		"TOOLSLOAN_OFFER_GIVEN_TITLE@~2023-01-01 01:01:01": "Verktyg utlånade",
		"TOOLSLOAN_OFFER_GIVEN_DESC@~2023-01-01 01:01:01": "Du har fått en sändning med verktyg från en ädel välgörare.",
		"TOOLSLOAN_OFFER_PAID_TITLE@~2023-01-01 01:01:01": "Lån betalades",
		"TOOLSLOAN_OFFER_PAID_DESC@~2023-01-01 01:01:01": "Du betalade tillbaka den ädla välgöraren för de verktyg de lånade dig.",
		"TOOLSLOAN_OPPORTUNITY_WAIT@~2023-01-01 01:01:01": "En handelsresande har ett erbjudande",
		"TOOLSLOAN_OPPORTUNITY_WAIT_DESC@2024-11-06 17:21:00": "En köpman ville hjälpa till med din märkbara brist på verktyg och mynt.",
		"TOOLSLOAN_QUEST_TITLE@~2024-04-12 13:41:02": "Ersättning för verktyg",
		"TOOLSLOAN_QUEST_DESC@~2023-01-01 01:01:01": "Jag lovade en välgörare att jag skulle återgälda dem för de verktyg de gav oss.",
		"ASPIRATION_KINGDOM_STEP_4_QUEST_OBJECTIVE@~2024-06-05 18:46:56": "Ta emot kungen på ditt slott",
		"ASPIRATION_MONASTERY_STEP_4_QUEST_OBJECTIVE@~2024-06-06 17:59:44": "Ta emot abbedissan i ditt kloster",
		"ASPIRATION_LABOR_HOSTING_QUEST_OBJECTIVE@~2024-10-23 23:58:03": "Ta emot seneschalen på ditt värdshus",
		"ASPIRATION_CAPITAL_HOSTING_QUEST_OBJECTIVE@~2024-10-23 23:58:11": "Stå värd för ständerförsamlingen i din huvudstad",
		"ADVANCEDONBOARDING_UPGRADINGTRADEROUTE_TITLE@~2024-05-08 20:11:23": "Råd: Förbättra en handelsväg",
		"ADVANCEDONBOARDING_UPGRADINGTRADEROUTE_DESC@2024-11-06 17:21:00": "Du har handlat tillräckligt mycket med Nordby för att de ska vilja expandera sin by, men de behöver din hjälp för att lyckas med detta! Anställ en assistent som kan skicka dem det de behöver, så tjänar du mer på handeln.",
		"ADVANCEDONBOARDING_UPGRADINGTRADEROUTE_CHOICE_A@~2024-04-25 19:05:34": "Låt oss hjälpa dem!",
		"ADVANCEDONBOARDING_UPGRADINGTRADEROUTE_CHOICE_A_TOOLTIP@~2024-05-08 18:20:13": "Du kommer att behöva anställa en assistent och skicka en brödleverans till Nordby.",
		"ADVANCEDONBOARDING_UPGRADINGTRADEROUTE_COMPLETION_DESC@2024-11-06 17:21:00": "Du har förbättrat din första handelsväg! Varje handelsväg kräver specifika resurser och har godsspecifika mandat.",
		"ADVANCEDONBOARDING_UPGRADINGTRADEROUTE_QUEST_DESC@2024-11-06 17:21:00": "Jag lovade att jag skulle delegera någon att leverera en sändning bröd till Nordby.",
		"ADVANCEDONBOARDING_STARTINGMANORHOUSE_TITLE@~2024-09-12 19:09:21": "Råd: Samla in skatter",
		"ADVANCEDONBOARDING_STARTINGMANORHOUSE_DESC@2024-11-06 17:21:00": "Byborna var oroliga för att de inte skulle ha tillräckligt med mynt för att utveckla en välmående by. Efter mycket övervägande beslutade de att bygga ett skattekontor och bidra genom att dela med sig av en del av sina inkomster genom en husskatt.",
		"ADVANCEDONBOARDING_STARTINGMANORHOUSE_CHOICE_A@~2024-09-12 19:09:33": "Varje bybo kommer att bidra till samhället!",
		"ADVANCEDONBOARDING_STARTINGMANORHOUSE_QUEST_DESC@~2024-09-12 19:09:38": "Jag har gått med på att driva in skatter genom att bygga ett skattekontor i herrgården.",
		"ADVANCEDONBOARDING_STARTINGMANORHOUSE_COMPLETION_DESC@~2024-09-12 19:18:17": "De första mynten har samlats in! Det är viktigt att komma ihåg att höga skatter i slutändan kommer att göra ditt folk olyckligt.",
		"ADVANCEDONBOARDING_WOODCUTTEREXPANSION_TITLE": "Råd: Förbättring av timmerläger",
		"ADVANCEDONBOARDING_WOODCUTTEREXPANSION_DESC": "Era skogshuggare kan inte hålla jämna steg med efterfrågan! Utmattade vädjar de om att fler bybor ska hjälpa till. De föreslår också att man rekryterar en skogvaktare, eftersom det skulle garantera gott om skog i framtiden.",
		"ADVANCEDONBOARDING_WOODCUTTEREXPANSION_CHOICE_A": "Vi behöver mer virke!",
		"ADVANCEDONBOARDING_WOODCUTTEREXPANSION_COMPLETION_DESC@2024-11-06 17:21:00": "Med dessa nya arbetare kommer virket att flöda igen! Byggförbättringar är ett bra sätt att tjäna arbetskraftsprakt samtidigt som du förtätar dina arbetsplatser.",
		"ADVANCEDONBOARDING_WOODCUTTEREXPANSION_QUEST_DESC": "Jag har gått med på att utveckla vår virkesproduktion.",
		"ONBOARDING_EXPANSION_TITLE@2024-11-27 04:18:23": "Råd: Utöka ditt territorium",
		"ONBOARDING_EXPANSION_DESC@2024-11-27 04:18:23": "Jag måste utöka mitt territorium om jag ska kunna få min by att växa.",
		"ONBOARDING_MARKET_TITLE@~2024-11-21 13:07:14": "Råd: Avancerade byggnader",
		"ONBOARDING_MARKET_DESC@2024-11-27 04:18:23": "Jag måste utforma och bygga en marknad för att se till att mina bybor har tillgång till mat."
	},
	"DEMO": {
		"END_OF_DEMO_TITLE": "Tack för att du spelar!",
		"END_OF_DEMO_TEXT@2024-11-06 17:21:00": "Om du är intresserad av att köpa spelet finns Foundation för närvarande tillgängligt på Steam som en Early Access-titel. \n\nDu kan också få en rabatterad kopia under Salon du Jeu et du Jouet genom att fråga vår personal.\n\nDina bybor väntar ivrigt på ditt nästa besök!",
		"END_OF_DEMO_BUTTON": "Återgå till huvudmenyn"
	}
}