﻿{
	"MONUMENTS": {
		"LOGDING_PROFILE_COMPATIBILITY": "Kan lägga in {IMG1} {IMG2}.",
		"CATEGORY_CLOISTER_HALL": "Klostret Hall",
		"CATEGORY_CLOISTER_HALL_SING": "klostrets sal",
		"CATEGORY_CLOISTER_HALL_PLUR": "klostrets salar",
		"CATEGORY_CLOISTER_HALL_ENTRANCE": "Entré Cloister Garden",
		"CATEGORY_CLOISTER_HALL_ENTRANCE_SING": "entré till klosterträdgården",
		"CATEGORY_CLOISTER_HALL_ENTRANCE_PLUR": "ingångar till klosterträdgårdar",
		"CATEGORY_DORM": "Sovsal",
		"CATEGORY_DORM_SING": "sovsal",
		"CATEGORY_DORM_PLUR": "sovsalar",
		"CATEGORY_ABBEY": "Kloster",
		"CATEGORY_ABBEY_SING": "kloster",
		"CATEGORY_ABBEY_PLUR": "kloster",
		"CATEGORY_BASIN": "Bassäng",
		"CATEGORY_BASIN_SING": "bassäng",
		"CATEGORY_BASIN_PLUR": "bassänger",
		"CATEGORY_STATUE": "Staty",
		"CATEGORY_STATUE_SING": "staty",
		"CATEGORY_STATUE_PLUR": "statyer",
		"CATEGORY_QUARRY": "Brott",
		"CATEGORY_QUARRY_SING": "stenbrott",
		"CATEGORY_QUARRY_PLUR": "stenbrott",
		"CATEGORY_KEEP": "Behåll",
		"CATEGORY_KEEP_SING": "fortsätt",
		"CATEGORY_KEEP_PLUR": "håller",
		"CATEGORY_TRAINING": "Träning",
		"CATEGORY_TRAINING_SING": "träning",
		"CATEGORY_TRAINING_PLUR": "utbildningar",
		"CATEGORY_PLANT": "Växt",
		"CATEGORY_PLANT_SING": "planta",
		"CATEGORY_PLANT_PLUR": "växter",
		"THEME": "Tema: ",
		"DELETE_MUSICAL_PART@2025-01-14 22:58:01": "Är du säker på att du vill förstöra {IMG1}-delen? Detta kommer att påverka den musikaliska kompositionen.",
		"CATEGORY_ENCAMPMENT@~2023-09-20 15:30:41": "Läger",
		"CATEGORY_ENCAMPMENT_SING@~2023-09-20 15:30:45": "läger",
		"CATEGORY_ENCAMPMENT_PLUR@~2023-09-20 15:30:48": "läger",
		"CATEGORY_CAMPFIRE@~2023-11-01 19:32:27": "Lägereld",
		"CATEGORY_CAMPFIRE_SING@~2023-11-01 19:32:30": "lägereld",
		"CATEGORY_CAMPFIRE_PLUR@~2023-11-01 19:32:34": "lägereldar",
		"CATEGORY_MILITARY_TENT@~2023-11-01 19:32:40": "Militärtält",
		"CATEGORY_MILITARY_TENT_SING@~2023-11-01 19:32:47": "militärtält",
		"CATEGORY_MILITARY_TENT_PLUR@~2023-11-01 19:32:50": "militära tält"
	},
	"ECONOMY": {
		"PRODUCTION_TAXES_MINING": "Skatt på gruvdrift",
		"PRODUCTION_TAXES_FLOUR": "Fräsningsskatter",
		"PRODUCTION_TAXES_SMITHING": "Smidesskatter",
		"MARKET_TAXES_DRINKING": "Skatter på alkoholhaltiga drycker",
		"MARKET_TAXES": "Skatter på handelsvaror",
		"CHURCH_TAXES": "Tiondeskatter",
		"BUILDINGS_TAXES_MINING": "Gruvområden",
		"BUILDINGS_TAXES_FLOUR": "Väderkvarnar",
		"BUILDINGS_TAXES_SMITHING@2025-01-14 22:58:01": "Smeder och vapentillverkare",
		"BUILDINGS_TAXES_MARKET": "Marknadsbodar",
		"BUILDINGS_TAXES_DRINKING": "Värdshus",
		"BUILDINGS_TAXES_CHURCH": "Kyrkor"
	},
	"BUDGET": {
		"BUDGET_DONATION_INCOME_DESC": "Mynt som erhållits som donationer från nöjda gäster på Hospitium.",
		"BUDGET_WAGE_EXPENSE_DESC@~2024-04-16 15:11:23": "Mynt som används för att betala de stridande parternas löner.",
		"BUDGET_ROYAL_COMPANY_RESUPPLY_INCOME_DESC@~2024-06-17 18:07:20": "Mynt som du tjänar genom att delta i din kungs kungliga kompani."
	},
	"GENERAL": {
		"WILL_ADD_TO_YOUR_ROYAL_TAXES": "Kommer att lägga till dina kungliga skatter:",
		"UNASSIGN_WEAPON": "Tilldela inte vapen",
		"TIME_LEFT_TO_SEND_SOLDIERS@~2024-04-16 15:12:13": "{IMG1} dag(ar) kvar för att skicka ett kompani",
		"SOLDIERS_HAVE_LEFT@~2024-04-16 15:00:07": "Stridande har lämnat",
		"SOLDIERS_ARE_REGROUPING@~2024-04-16 15:00:14": "Stridande grupperar om sig",
		"SOLDIERS_ARE_COMING_BACK@2025-01-14 22:58:01": "Stridande återvänder",
		"SOLDIERS_ARE_AWAY@~2024-04-16 15:00:22": "Stridande är utomlands",
		"SOLDIERS_ARE_STUCK@~2024-04-16 15:00:26": "Vissa kombattanter sitter fast",
		"OPEN_MISSION_SETUP": "Öppna uppdragsinställningen",
		"CONCEDE_A_VILLAGER_TO_THE_MONASTERY": "Ägna en bybo till klostret",
		"CONCEDE_A_GENDER_X_VILLAGER_TO_THE_MONASTERY": "Avsätt en {1} bybo till klostret",
		"RECRUIT_MONKS": "Rekrytera munkar",
		"RECRUIT_MONKS_HELP": "När en bybo har blivit hängiven kommer han eller hon att leva och arbeta enbart för det klostret.",
		"OPEN_ARMY_MANAGER": "Chef för öppen armé",
		"ADD_VERSE": "Lägg till vers",
		"DELETE_VERSE": "Radera vers",
		"CONFIRM_DELETE_VERSE": "Är du säker att du vill ta bort versen {1}? Den här åtgärden kan inte ångras.",
		"REMOVE_LAST_NOTE_GRID": "Ta bort sista anteckningsrutan",
		"MELODY_AUTOMATED_FOUNTAIN": "Automatiserad fontänmelodi",
		"MELODY_COMPOSER": "Melodikompositör",
		"MELODY_PLAYED_BY": "Melodi spelad av {1}",
		"MUSICAL_PART": "Musikalisk del",
		"MUSICAL_PART_COUNT": "Antal musikaliska delar: {IMG1}",
		"EDIT_MELODY": "Redigera melodi",
		"CREATE_MELODY": "Skapa melodi",
		"PLAY_MELODY": "Spela Melody",
		"STOP_MELODY": "Stoppa melodin",
		"PLAY_MELODY_DESC": "Spela den melodi du har skapat.",
		"NO_MELODY_TO_PLAY": "Ingen melodi att spela. Skapa en melodi först.",
		"CLEAR_MELODY": "Klar melodi",
		"VERSE_NUMBER": "Vers #{1}",
		"GRID_LENGTH": "Rutnätets längd",
		"GRID_LENGTH_TOOLTIP": "Hur många noter finns det i denna vers?",
		"MUTE_UNMUTE_TOOLTIP": "Dämpar eller tar bort ljudet för detta instrument",
		"REDUCE_GRID_LENGTH": "Minska rutnätets längd",
		"CONFIRM_CLEAR_MELODY@2025-01-14 22:58:01": "Är du säker på att du vill rensa melodin och återställa standardvärdena? Denna åtgärd kan inte ångras.",
		"CONFIRM_REDUCE_VERSE_LENGTH": "Är du säker på att du vill minska rutnätets längd? Den här åtgärden kan inte ångras.",
		"MONASTERY_WORKERS_AUTOMATICALLY_ASSIGNED": "Klostrets invånare tilldelas automatiskt."
	},
	"JOBS": {
		"SOLDIER": "Soldat",
		"HERBALIST": "Örtspecialist",
		"BEEKEEPER": "Biodlare",
		"VINTNER": "Vinodlare",
		"VINEGROWER": "Vinodlare",
		"SCHOLAR": "Lärd",
		"REFECTORY_HEAD@~2023-11-27 21:27:31": "Refektorian",
		"COPYIST": "Kopist",
		"ARCHER@~2023-11-01 19:35:09": "Bågskytt",
		"SPEARMAN@~2023-11-01 19:35:12": "Spjutman",
		"SWORDMAN@2025-01-14 22:58:01": "Fäktare",
		"GUARDSMAN@~2023-12-14 23:48:48": "Vaktman",
		"HOSTELLER@~2024-02-13 16:32:43": "Vandrarhem",
		"GARDENER@~2024-07-05 14:18:10": "Trädgårdsmästare"
	},
	"RESOURCES": {
		"SWORD_2@~2023-07-14 15:01:50": "Svärd av stål",
		"SWORD_3@~2023-07-14 15:01:54": "Långsvärd",
		"SPEAR_2@~2023-07-14 15:01:57": "Stavarm",
		"SPEAR_3@~2023-07-14 15:02:00": "Pik",
		"BOW_2@~2023-11-03 17:39:11": "Recurvebåge",
		"BOW_3@~2023-07-14 15:02:11": "Långbåge",
		"STEEL@~2023-07-14 15:05:20": "Stål",
		"MONASTIC_GARNISHEDGREENS@~2024-04-23 19:07:18": "Garnerat grönt",
		"MONASTIC_GOLDENGRUEL@~2024-04-23 19:07:22": "Gyllene Gruel",
		"MONASTIC_ROBUSTROAST@~2024-04-23 19:07:26": "Robust rostning",
		"MONASTIC_SIMPLESTEW@~2024-04-23 19:07:30": "Enkel gryta"
	},
	"QUESTS": {
		"FILL_UPGRADE_CONDITIONS_X@~2024-12-17 02:09:25": "Uppfylla villkoren för uppgradering av {1}",
		"CONTROL_TUTORIAL_X_USING_Y@~2024-10-25 17:38:36": "{1} med hjälp av {2}.",
		"CONTROL_TUTORIAL_X_OR_Y@~2024-10-25 17:38:55": "{1} eller {2}",
		"CONTROL_TUTORIAL_ROTATE_MOUSE_X_OR_Y@2025-01-14 22:58:01": "{1} genom att hålla ned mittklick + musrörelse eller {2}.",
		"CONTROL_TUTORIAL_PAN_MOUSE_X_OR_Y@2025-01-14 22:58:01": "{1} håller CTRL + mittklick + musrörelse eller {2}.",
		"CONTROL_TUTORIAL_ZOOM_MOUSE_X_OR_Y@2025-01-14 22:58:01": "{1} rulla med mushjulet eller {2}."
	},
	"QUEST_REWARDS": {
		"REWARD_QUALITY": "{IMG1} chanser till en {IMG2} belöning.",
		"REWARD_QUALITY_COMMON": "Vanlig",
		"REWARD_QUALITY_RARE": "Sällsynt",
		"REWARD_QUALITY_UNIQUE": "Unik",
		"REWARD_QUALITY_WEAPON": "Vapen",
		"REWARD_QUALITY_GOLD": "Guld",
		"REWARD_QUALITY_MYSTERY@~2024-01-08 21:43:51": "???"
	},
	"NOTIFICATIONS": {
		"VILLAGERS_REACH_NEW_STATUS@~2025-01-17 16:57:29": "Dina bybor är berättigade till en ny status: {IMG1}",
		"SOLDIERS_ARE_BACK_FROM_MISSION@~2024-04-16 15:12:59": "Dina kombattanter är tillbaka från ett uppdrag!",
		"SOLDIERS_ARE_VICTORIOUS@~2024-04-16 15:13:03": "Dina kombattanter segrade!",
		"SOLDIERS_ARE_DEFEATED@~2024-04-16 15:13:07": "Dina kombattanter besegrades!",
		"NO_ZONING": "Ingen zoniinnnngg!!!",
		"PROMOTION_AVAILABLE": "Kampanj tillgänglig!",
		"NO_OPPORTUNITIES": "Det finns inga möjligheter för närvarande.",
		"EVENT_WINEKING_OPPORTUNITY_WAIT": "Biskopens förvaltare har en förfrågan",
		"EVENT_WINEKING_OPPORTUNITY_WAIT_DESC": "Förvaltaren har en begäran från biskopen!",
		"EVENT_TRADETAXATION_OPPORTUNITY_WAIT@2025-01-14 22:58:01": "Din fogde har möjlighet att erbjuda",
		"EVENT_TRADETAXATION_OPPORTUNITY_WAIT_DESC": "Din fogde har lärt sig något som kan intressera dig.",
		"EVENT_SEASONALFAIR_OPPORTUNITY_WAIT@2025-01-14 22:58:01": "Dina bybor har en begäran",
		"EVENT_SEASONALFAIR_OPPORTUNITY_WAIT_DESC": "Dina bybor tycker att staden ska ha en mässa!",
		"EVENT_MONASTERYBREAD_OPPORTUNITY_WAIT": "Biskopens förvaltare har ett erbjudande",
		"EVENT_MONASTERYBREAD_OPPORTUNITY_WAIT_DESC@2025-01-14 22:58:01": "En förvaltare erbjuder en möjlighet från biskopen.",
		"EVENT_MONASTERYHOSTING_OPPORTUNITY_WAIT": "Wandering Monks har en förfrågan",
		"EVENT_MONASTERYHOSTING_OPPORTUNITY_WAIT_DESC": "Ett sällskap av vandrande munkar har en möjlighet för dig.",
		"EVENT_MONASTERYTRADE_OPPORTUNITY_WAIT@2025-01-14 22:58:01": "Abbedissans delegat har ett erbjudande",
		"EVENT_MONASTERYTRADE_OPPORTUNITY_WAIT_DESC@2025-01-14 22:58:01": "En delegat erbjuder en handelsmöjlighet från abbedissan.",
		"EVENT_MONASTERYTRADE_FAVOUR_OPPORTUNITY_WAIT": "En möjlighet till förhandlingar",
		"EVENT_MONASTERYTRADE_FAVOUR_OPPORTUNITY_WAIT_DESC@~2023-12-05 19:41:06": "Du har en ny möjlighet att förbättra ditt partnerskap med Kinstorp kloster.",
		"EVENT_LABOURFAIR_OPPORTUNITY_WAIT@2025-01-14 22:58:01": "Dina bybor har en begäran",
		"EVENT_LABOURFAIR_OPPORTUNITY_WAIT_DESC": "Folk tycker att vår by borde ha haft en mässa för länge sedan!",
		"EVENT_ASPIRATION_MONASTERY_OPPORTUNITY_WAIT@~2023-01-01 01:01:01": "Abbedissans delegat har en begäran",
		"EVENT_ASPIRATION_MONASTERY_OPPORTUNITY_WAIT_DESC@~2023-01-01 01:01:01": "Delegaten har en begäran från abbedissan!",
		"BAD_WEATHER_WAIT_TITLE": "Dåligt väder kom!",
		"BAD_WEATHER_WAIT_DESC": "Det dåliga vädret har kommit!",
		"BAD_WEATHER_END_WAIT_DESC": "Det dåliga vädret har försvunnit...för tillfället.",
		"BAD_WEATHER_WARNING_WAIT_DESC": "De lärde tror att dåligt väder är på väg att drabba vår by.",
		"EVENT_LABOURBREWER_OPPORTUNITY_WAIT": "Byborna har ett erbjudande",
		"EVENT_LABOURBREWER_OPPORTUNITY_WAIT_DESC": "En grupp bybor har en möjlighet för ditt värdshus.",
		"EVENT_KINGDOMHOSTING_OPPORTUNITY_WAIT@~2023-01-01 01:01:01": "Den förste konstapelns härold har en begäran",
		"EVENT_KINGDOMHOSTING_OPPORTUNITY_WAIT_DESC@~2023-01-01 01:01:01": "Härolden har en begäran från förste konstapeln!",
		"EVENT_ASPIRATION_MONASTERY_OPPORTUNITY_ABBESS_EVENT_WAIT@~2023-01-01 01:01:01": "Abbedissan har ett krav",
		"EVENT_ASPIRATION_MONASTERY_OPPORTUNITY_ABBESS_EVENT_WAIT_DESC@~2023-01-01 01:01:01": "Abbedissan vill att du ska göra något för henne.",
		"HOSPITIUM_FULL@~2024-02-16 18:34:41": "Inga fler rum tillgängliga på boendet",
		"EVENT_ASPIRATION_KINGDOM_OPPORTUNITY_WAIT@~2023-01-01 01:01:01": "Den förste konstapelns sändebud har en begäran.",
		"EVENT_ASPIRATION_KINGDOM_OPPORTUNITY_WAIT_DESC@~2023-01-01 01:01:01": "Sändebudet har en förfrågan från förste konstapeln.",
		"EVENT_ASPIRATION_KINGDOM_OPPORTUNITY_KING_EVENT_WAIT@~2023-01-01 01:01:01": "Kungen kallar dig",
		"EVENT_ASPIRATION_KINGDOM_OPPORTUNITY_KING_EVENT_WAIT_DESC@~2023-01-01 01:01:01": "Kungen vill att du gör något för honom.",
		"EVENT_ASPIRATION_LABOR_OPPORTUNITY_WAIT@~2024-12-18 03:34:59": "De Äldste har en begäran.",
		"EVENT_ASPIRATION_LABOR_OPPORTUNITY_WAIT_DESC@2025-01-14 23:02:04": "De äldste har en förfrågan angående seneschalen.",
		"WARNING_TOO_FAR_FROM_X@~2025-01-27 18:15:35": "Varning: För långt från någon {1}!"
	},
	"RESOURCE_TYPE": {
		"BLUEPRINT": "Ritning",
		"VISITWINERY": "Besök en vinproducent",
		"VISITVINEYARD": "Besök en vingård",
		"VISITBUILDER": "Besök en byggnadsverkstad",
		"VISITGREATHALL": "Besök den stora salen",
		"COMFORTHOSPITIUM": "Hospitium Logi",
		"COMFORTBARRACKS@~2023-07-21 11:46:11": "Kasernbostäder",
		"COMFORTQUARTERS@2025-01-20 19:06:54": "Kvartal Bostäder",
		"COMFORTBARRACKSGUEST@~2023-07-21 11:46:21": "Barracks logi",
		"COMFORTQUARTERSGUEST@~2023-07-21 11:46:28": "Quarters logi",
		"COMFORTTAVERNGUEST@~2024-12-18 21:33:02": "Värdshuslogi",
		"VISITABBATIAL@~2023-07-28 13:35:11": "Besök en abbatialkyrka",
		"VISITKITCHEN@~2023-07-28 13:35:18": "Besök ett klosterkök",
		"VISITSCRIPTORIUM@~2023-07-28 13:35:29": "Besök ett scriptorium",
		"VISITAPIARY@~2023-12-12 23:21:30": "Besök en bigård",
		"VISITHEALINGHOUSE@~2023-12-14 22:45:32": "Besök ett helande hus",
		"VISITTRAININGDUMMY@~2023-12-14 22:45:41": "Besök en träningsdocka",
		"SOLDIER_EQUIPMENT@~2023-12-14 22:45:52": "Utrustning",
		"SOLDIER_HEALING@~2024-02-13 15:42:56": "Hälsa",
		"SOLDIER_TRAINING@~2024-02-14 19:18:06": "Träning",
		"FOOD_MONASTIC@~2024-04-23 19:07:03": "Klostrets mat"
	},
	"NEED_DESC": {
		"GOODS_DESC": "Måste köpa varor från en marknad för att täcka grundläggande behov.",
		"LUXURY_DESC": "Måste köpa lyxiga varor på en marknad för att känna sig extravagant.",
		"LUXURY_FOOD_DESC": "Måste köpa och konsumera en mängd olika livsmedel från en marknad för att känna sig mätt.",
		"ENTERTAINMENT_DESC@2025-01-14 22:58:01": "Måste ha en bra tid på en värdshus för att varva ner.",
		"VISITWINERY_DESC": "Måste besöka en vingård för att se vinframställningsprocessen.",
		"VISITVINEYARD_DESC": "Måste besöka en vingård för att se hur vinrankorna sköts.",
		"VISITBUILDER_DESC@2025-01-14 22:58:01": "Måste besöka en byggnadsverkstad för att lära sig hur man tillverkar saker.",
		"VISITGREATHALL_DESC": "Måste besöka den stora salen för att göra framställningar och diskutera ståtliga affärer.",
		"CLOISTER_NEED_DESC": "Måste tillbringa tid i den kontemplativa ensamheten i ett kloster.",
		"COMFORTHOSPITIUM_DESC@2025-01-14 22:58:01": "Måste vila på ett hospitium för att känna sig bekväm.",
		"COMFORTBARRACKS_DESC@2025-01-14 22:58:01": "Måste vila i en barack för att känna sig bekväm.",
		"COMFORTQUARTERS_DESC@~2023-07-21 11:45:34": "Måste vila i kvarteren för att känna sig bekväm.",
		"COMFORTTAVERN_DESC@~2024-12-18 21:33:46": "Måste vila på ett värdshusboende för att känna sig bekväm.",
		"VISITABBATIAL_DESC@2025-01-14 22:58:01": "Måste besöka en abbatialkyrka för att inspireras av tron.",
		"VISITKITCHEN_DESC@~2023-07-28 13:37:48": "Måste besöka ett klosterkök för att fylla på för den kommande resan.",
		"VISITSCRIPTORIUM_DESC@~2023-07-28 13:38:37": "Måste besöka ett Scriptorium för att byta kunskap om tron.",
		"VISITWINERY_SOLDIER_DESC@2025-01-14 22:58:01": "Måste besöka en vingård för att fylla på för den kommande vägen.",
		"VISITHEALINGHOUSE_DESC@~2023-12-14 22:46:14": "(TEMP) Måste besöka ett healinghus för att bli omhändertagen.",
		"VISITTRAININGDUMMY_DESC@~2023-12-14 22:46:28": "(TEMP) Måste besöka en träningsdocka för att vara stridsberedd.",
		"SOLDIER_EQUIPMENT_DESC@~2023-12-14 22:47:24": "Måste vara utrustad med lämplig utrustning.",
		"SOLDIER_HEALING_DESC@2025-01-14 22:58:01": "Måste läka på en kasern eller ett läkehus för att vara stridsberedd.",
		"SOLDIER_TRAINING_DESC@~2024-02-14 19:24:24": "Måste öva med en träningsdocka för att vara redo för uppdrag.",
		"FOOD_MONASTIC_DESC@~2024-04-23 19:08:44": "Måste äta klostermat från refektoriet för att inte svälta ihjäl."
	},
	"AGENT_PROFILE": {
		"PILGRIM": "Pilgrim",
		"STEWARD": "Förvaltare av biskopen",
		"ABBESS_ENVOY": "Abbedissans delegat",
		"WANDERING_MONK": "Vandrande munk",
		"REVELER@2025-01-14 22:58:01": "Festglad",
		"REVELERS@2025-01-14 22:58:01": "Festglada",
		"GUEST": "Gäst",
		"GUESTS": "Gäster",
		"VISITING_SERF": "Besökande livegen",
		"VISITING_COMMONER": "Besökande borgare",
		"VISITING_CITIZEN": "Besökande medborgare",
		"GUARD": "Vakt",
		"GUARDS": "Vakter",
		"VISITING_SOLDIER@~2024-04-16 15:13:44": "Besökande kombattant",
		"VISITING_NUN": "Besökande nunna",
		"VISITING_MONK": "Besökande munk",
		"PILGRIMS@~2023-07-31 17:09:31": "Pilgrimer",
		"ABBESS@~2023-12-05 18:16:11": "Abbedissa",
		"HERALD@~2023-12-14 23:06:49": "Härold",
		"ABBESS_RETINUE@~2024-01-09 21:23:14": "Abbedissans retinue",
		"VISITING_PRIOR@~2024-01-10 18:52:40": "Besökande Prior",
		"VISITING_PRIORESS@~2024-01-10 18:52:44": "Besökande priorinna",
		"FIRST_CONSTABLE@~2024-03-18 15:09:55": "Förste konstapel",
		"YOUR_KING@~2024-05-02 18:50:37": "Din kung",
		"VISITING_KINGRETINUE@~2024-05-02 18:50:44": "Kungens reträtt",
		"VISITING_ROYALCOMPANY@~2024-05-02 18:50:49": "Kungligt kompani",
		"TRAVELER@~2024-12-17 04:37:32": "Resenär",
		"SENESCHAL@~2024-12-18 03:30:32": "Seneschal"
	},
	"AGENT_TITLES": {
		"PRIOR": "Prior",
		"PRIORESS": "Priorinna",
		"ROOKIE@~2024-01-17 19:31:47": "Milisman",
		"KNIGHT": "Riddare",
		"MOTHER@~2023-12-05 18:16:06": "Mamma",
		"KING@~2024-05-02 18:49:40": "Kung"
	},
	"DISTANCE": {
		"DISTANCE_X": "Avstånd {1}",
		"MISSION_DISTANCE": "Avstånd",
		"NEAR": "Nära",
		"FAR": "Långt",
		"VERY_FAR": "Väldigt långt",
		"EXTREMELY_FAR": "Extremt långt",
		"ULTIMATE_FAR": "Okänd",
		"VERY_NEAR@~2024-01-12 20:32:47": "Väldigt nära"
	},
	"TOMBSTONE_LABEL": {
		"AGE_LABEL": "Ålder: {IMG1}",
		"QUOTE_LABEL": "Citat: {IMG1}"
	},
	"TOMBSTONE_QUOTES": {
		"TOMBSTONE_QUOTE_1": "Jag har levt ett bra liv. Nu ska jag vila ut ordentligt.",
		"TOMBSTONE_QUOTE_2": "Om jag kunde göra om allt skulle jag inte ändra på någonting.",
		"TOMBSTONE_QUOTE_3": "Det är bara ett köttsår!",
		"TOMBSTONE_QUOTE_4": "Det är mörkt här nere.",
		"TOMBSTONE_QUOTE_5@2025-01-14 22:58:01": "Jag hade en blandning av bra och dåliga affärer, men nu grävde jag verkligen ner mig i ett hål med den här.",
		"TOMBSTONE_QUOTE_6": "Jag visste att det här skulle hända."
	},
	"STATUES_QUOTES": {
		"QUOTE_CONTENT": "\"{1}\"",
		"QUOTE_AUTHOR": " - {1}",
		"QUOTE_DEFAULT": "Infoga citat här",
		"QUOTE_AUTHOR_DEFAULT": "Infoga upphovsperson här"
	},
	"PROMOTION": {
		"PROMOTE_TEXT@2025-01-14 22:58:01": "Du kan befordra en del av din befolkning till en högre status, vilket gör dem mer effektiva, men också kräver fler ärenden för att uppfylla deras behov. Välj med omsorg...",
		"PROMOTE_HELP": "Genom att främja bybor kan du generera extra intäkter från deras nya behov.",
		"PROMOTE_DONE": "Avsluta kampanjer",
		"PROMOTE_CANCEL": "Avropa kampanjer",
		"PROMOTE_ALL": "Betala {IMG1} för att marknadsföra alla"
	},
	"MILITARY_MANAGER": {
		"ARMY": "Armé",
		"MILITARY_MANAGER": "Militär chef",
		"MISSION_LIST": "Uppdragslista",
		"MISSIONS": "Uppdrag",
		"BATTLE_HISTORY": "Historia om slaget",
		"NO_ARMY@~2024-12-10 01:13:24": "Ingen armé. Bygg ett slott och tilldela kompanier.",
		"NO_BATTLE_HISTORY": "Inga nya uppdrag att visa.",
		"COMPANIES@~2023-11-03 17:48:44": "Företag",
		"CAMPAIGN@~2023-11-03 17:49:11": "Kampanj",
		"CREATE_COMPANY@~2024-03-25 17:48:02": "Lägg till ett kompani",
		"MANAGE_COMPANY@~2024-02-07 20:15:40": "Hantera kompani",
		"RECRUIT_VILLAGER@~2024-02-07 20:15:06": "Rekrytera en bybo till kompaniet",
		"MISSION|NEW_KEY@~2024-01-30 23:14:33": "Uppdragsplikt",
		"DISBAND_COMPANY@~2024-02-13 16:38:18": "Upplös kompani",
		"DISBAND_SOLDIER@~2024-04-16 15:13:27": "Avskeda kombattant",
		"FORTIFICATION_PLUR@~2024-04-25 20:48:59": "Befästningar",
		"COMPANY_LIST@~2024-09-25 17:37:57": "Kompanilista",
		"SOLDIER_LIST@~2024-09-25 17:38:16": "Lista över kombattanter",
		"GUARD_DUTY@~2024-12-18 23:47:05": "Vakttjänstgöring",
		"CURRENT_DUTY_X@~2024-12-18 23:47:10": "Aktuell tjänst: {1}"
	},
	"MANDATE": {
		"X_FETCHING_BLUEPRINT": "{1} hämtar ritningen",
		"X_STUDYING_BLUEPRINT": "{1} studerar ritningen",
		"STUDY_BLUEPRINT_MANDATE": "Studera en ritning",
		"X_PREPARING_CHANGING_EDICT@2025-01-14 22:58:01": "{1} reviderar en bys förordnande",
		"X_PREPARING_CHANGING_PRIVILEGE": "{1} skriver till {2} Estate för att revidera ett Privilege",
		"TOOLTIP_DISABLED_CHANGING_EDICT": "Inget förordnande att ändra.",
		"TOOLTIP_DISABLED_CHANGING_PRIVILEGE": "Nej {1} Behörighet att ändra.",
		"TOOLTIP_DISABLED_ALREADY_EXECUTED": "Detta mandat har redan verkställts. En {1} är redo att inaktiveras i boken.",
		"EDICT_TOOLTIP_DISABLED": "För att ändra, verkställ fogdemandatet \"{1}\".",
		"PRIVILEGE_TOOLTIP_DISABLED": "För att ändra, verkställ fogdemandatet \"{1}\"",
		"ALL_EDICT_SLOTS_TAKEN@~2024-12-17 01:57:10": "Alla Förordnande-platser är upptagna. Ta bort ett förordnande först.",
		"ALL_PRIVILEGE_SLOTS_TAKEN@~2024-12-17 01:57:12": "Alla Privilege-platser är upptagna. Ta bort en Privilege först.",
		"CLERGY_IMMIGRATION_FEMALE_MANDATE@~2024-04-17 17:06:44": "Välkomna fem kvinnliga noviser till ditt kloster",
		"CLERGY_IMMIGRATION_MALE_MANDATE@~2024-04-17 17:06:41": "Välkomna fem manliga noviser till ditt kloster",
		"KINGDOM_IMMIGRATION_MANDATE@~2024-04-17 17:06:35": "Välkomna fem milismän till ditt slott",
		"PURGE_MONASTERY_MANDATE@~2024-04-17 17:11:01": "Förvisa arbetslösa monastiker",
		"STUDY_BLUEPRINT_MANDATE_BTN@~2024-04-17 16:50:51": "Studera",
		"STUDY_BLUEPRINT_MANDATE_TOOLTIP@~2024-04-17 16:53:48": "Studera en okänd ritning och lär dig dess hemligheter.",
		"IMMIGRATION_CLERGY_MANDATE_BTN_TOOLTIP@2025-01-14 22:58:01": "Bjud in munkar att bosätta sig i ditt kloster.",
		"IMMIGRATION_KINGDOM_MANDATE_BTN_TOOLTIP@2025-01-14 22:58:01": "Bjud in milismän att bosätta sig i ditt slott.",
		"PURGE_MONASTERY_MANDATE_BTN@~2024-04-17 16:49:12": "Fördriva",
		"PURGE_MONASTERY_MANDATE_BTN_TOOLTIP@~2024-04-17 16:49:43": "Utstötta klostermedlemmar lämnar byn.",
		"BANISH_VILLAGER_MANDATE@~2025-01-06 19:43:53": "Utesluta arbetslösa bybor",
		"BANISH_VILLAGER_MANDATE_BTN@~2025-01-06 19:43:49": "Avlägsna",
		"BANISH_VILLAGER_MANDATE_BTN_TOOLTIP@~2025-01-06 19:43:45": "Uteslutna bybor kommer att lämna byn."
	},
	"PROSPECTING": {
		"PROSPECT_MINERALS_MANDATE": "Prospektera en mineralfyndighet i närheten",
		"X_GOING_TO_MINERAL_DEPOSIT": "{1} går till mineralfyndigheten",
		"I_AM_GOING_TO_PROSPECT": "Jag ska prospektera en mineralfyndighet",
		"I_AM_PROSPECTING": "Jag prospekterar",
		"X_PROSPECTING_MINERAL_DEPOSIT": "{1} prospekterar mineralfyndigheten",
		"ORE_IDENTIFIED": "Din fogde hittade en {IMG1} deposition!",
		"STONE_IDENTIFIED": "Din fogde hittade bara {IMG1} i en närliggande ansamling",
		"POSSIBLE_MINERAL_IN_TILE": "Mineralavlagringar finns närvarande!",
		"MINERAL_DEPOSIT": "Mineralfyndighet"
	},
	"INFLUENCE_MANDATE": {
		"I_AM_GOING_ON_DIPLOMATIC_MISSION": "Jag ska på ett diplomatiskt uppdrag",
		"X_GOING_ON_DIPLOMATIC_MISSION": "{1} ska åka på ett diplomatiskt uppdrag",
		"I_AM_INFLUENCING_ESTATE": "Jag uppvaktar {1}",
		"X_INFLUENCING_ESTATE": "{1} uppvaktar {2}",
		"I_AM_COMING_BACK@2025-01-14 22:58:01": "Jag återvänder till byn",
		"X_IS_COMING_BACK@2025-01-14 22:58:01": "{1} återvänder till byn",
		"X_BACK_FROM_DIPLOMATIC_MISSION@2025-01-14 22:58:01": "Din fogde är tillbaka från sitt diplomatiska uppdrag. Du har vunnit {IMG1}."
	},
	"GAME_CONDITIONS": {
		"YIELD_RESOURCE_X@~2024-12-17 01:56:51": "Arbetsplatsen producerar {1}",
		"STRENGTH_OF_ARMY@~2024-03-15 15:16:16": "Styrkan i din armé",
		"YOU_WON_A_HARD_MILITARY_CAMPAIGN": "Din militära seger",
		"HAVE_A_MILITARY_CAMPAIGN_ONGOING@~2024-06-03 19:11:44": "Skicka ut ett kompani på ett militärt uppdrag",
		"HAVE_A_MILITARY_CAMPAIGN_ONGOING_SUB@~2024-06-03 19:11:39": "skicka ut ett kompani på ett militärt uppdrag",
		"SUCCEED_X_MILITARY_MISSION@2025-01-14 22:58:01": "Slutför det militära uppdraget {1}",
		"SUCCEED_X_MILITARY_CAMPAIGN@2025-01-14 22:58:01": "Slutför den militära kampanjen {1}",
		"COMPLETE_ANY_MILITARY_CAMPAIGN@~2024-05-14 15:34:39": "Slutför alla militära uppdrag",
		"A_LOT_OF_YOUR_SOLDIERS_HAVE_BEEN_WOUNDED@2025-01-14 22:58:01": "Dina kombattanters fåfänga ansträngningar i strid",
		"NOBODY_LEFT_DURING_THE_BAD_WEATHER@2025-01-14 22:58:01": "Din skickliga hantering av mat under dåligt väder",
		"A_X_DIES_IN_MILITARY_MISSION@2025-01-14 22:58:01": "en {1} dör under ett militärt uppdrag",
		"MISSION_SUCCESS": "Framgång för uppdraget",
		"MISSION_SUCCESS_DESC@~2024-04-16 15:13:59": "Dina kombattanter har framgångsrikt återvänt med krigsbyte.",
		"MISSION_FAILURE": "Misslyckat uppdrag",
		"MISSION_FAILURE_DESC@~2024-04-16 15:14:04": "Dina kombattanter besegrades och återvände tomhänta.",
		"CONDITION_COMPANY_HAS_BEHAVIOR_X@~2024-01-30 23:13:27": "Ange en kompaniuppgift till {1}",
		"CONDITION_COMPANY_FORMED@~2024-01-31 20:39:32": "Bilda ett kompani",
		"CONDITION_COMPANY_X_FORMED@~2024-01-31 20:39:34": "Skapa ett {1}",
		"CONDITION_COMPANY_X_STRENGTH_REACHED@~2024-03-15 15:19:54": "Få ett kompani att nå {1} mäktighet ",
		"CAMPAIGN_SUCCESS@~2024-02-26 19:09:27": "Framgång för kampanjen",
		"CAMPAIGN_FAILURE@~2024-02-26 19:09:33": "Misslyckad kampanj",
		"CAMPAIGN_CANCEL@~2024-03-18 20:58:25": "Bataljon återkallad",
		"CAMPAIGN_CANCEL_DESC@~2024-04-16 14:59:48": "Dina stridande har återvänt från kampanjen.",
		"MISSION_CANCEL@~2024-03-18 20:58:50": "Kompaniet återkallat",
		"MISSION_CANCEL_DESC@~2024-04-16 15:14:08": "Dina kombattanter återvände säkert från uppdraget.",
		"SUCCEED_X_MILITARY_MISSIONS@2025-01-14 22:58:01": "Slutföra {1} militära uppdrag",
		"SUCCEED_X_MILITARY_CAMPAIGNS@2025-01-14 22:58:01": "Slutföra {1} militära kampanjer",
		"COMPLETE_A_FIRST_MILITARY_MISSION@2025-01-14 23:02:04": "Slutför ditt första militära uppdrag",
		"CONDITION_FORM_X_COMPANIES@~2024-12-26 18:32:00": "Form {1} Företag."
	},
	"MUSIC": {
		"CHIRP": "Kvitter",
		"DOOT": "Doot"
	},
	"PASTURES": {
		"PAINT_PASTURE@~2023-11-28 13:47:55": "Målning av betesmark",
		"MISSING_PASTURE@~2023-11-28 16:11:13": "Saknad betesmark",
		"PASTURE_TOO_SMALL@~2023-11-28 16:12:02": "För liten betesmark"
	},
	"KINGSUMMON_MANDATE": {
		"KINGDOM_KINGSUMMON_HOSTING_MANDATE@~2024-06-17 18:33:39": "Närvara vid hovet för att diskutera kungliga plikter",
		"KINGDOM_KINGSUMMON_MANDATE_BTN@~2024-05-03 17:18:44": "Delta",
		"KINGDOM_KINGSUMMON_HOSTING_MANDATE_BTN_TOOLTIP@~2024-06-17 18:21:26": "Om du accepterar dina kungliga plikter kommer trötta kungliga kompanier att besöka din by.",
		"KINGDOMHOSTING_KINGSUMMON_TITLE@~2024-06-17 18:09:45": "Delta i kungligt kompani",
		"KINGDOMHOSTING_KINGSUMMON_DESC@2025-01-14 22:58:01": "Din kungliga hovman ansluter sig till det överdådiga kungliga hovet och får en inblick i rikets storslagna strategier. Krig rasar längs gränserna nära din by, och kungen har beslutat att ditt slott skulle vara den mest lämpliga platsen för att ta emot och delta i hans trötta kungliga kompanier.\n\nKungen lovar dig mynt och inflytande om du accepterar dessa kungliga plikter.",
		"KINGDOMHOSTING_KINGSUMMON_CHOICE_A@~2024-05-03 18:17:16": "Vårt slott står till er tjänst, Ers Majestät.",
		"KINGDOMHOSTING_KINGSUMMON_CHOICE_A_TOOLTIP@2025-01-14 22:58:01": "Genom att acceptera dina kungliga plikter måste du delta i trötta kungliga sällskap som besöker din by.",
		"KINGDOMHOSTING_KINGSUMMON_OUTCOME_TITLE@~2024-06-17 18:20:20": "Kungliga plikter utdelade",
		"KINGDOMHOSTING_KINGSUMMON_CHOICE_NO@~2024-05-03 17:37:42": "Vi måste fundera på det här.",
		"KINGDOMHOSTING_KINGSUMMON_CHOICE_NO_TOOLTIP@2025-01-14 22:58:01": "Du kan acceptera senare genom att ge din Kungliga hovman mandat igen.",
		"KINGDOMHOSTING_KINGSUMMON_OUTCOME_DESC@2025-01-14 22:58:01": "Du har gått med på att besöka trötta kungliga företag som en del av de kungliga plikterna. Genom att tillgodose deras behov tjänar du mynt och inflytande.",
		"KINGDOM_KINGSUMMON_CAMPAIGN_MANDATE@~2024-05-03 19:51:12": "Närvara vid domstolen för att diskutera krigföring",
		"KINGDOM_KINGSUMMON_CAMPAIGN_MANDATE_BTN_TOOLTIP@2025-01-14 22:58:01": "Om du går med på att stärka din armé kommer du så småningom att kunna delta i militära kampanjer.",
		"KINGDOM_KINGSUMMON_KINGSTEP4_MANDATE@~2024-05-03 21:35:41": "Närvara vid hovet för att diskutera ett kungligt besök",
		"KINGDOM_KINGSUMMON_KINGSTEP4_MANDATE_BTN_TOOLTIP@2025-01-14 22:58:01": "Om du går med på att ta emot kungliga besökare kommer du att få betydande prestige.",
		"KINGDOM_KINGSUMMON_HOSTING_PAUSE_MANDATE@2025-01-14 22:58:01": "Be hovet att pausa Royal Duties",
		"KINGDOM_KINGSUMMON_MANDATE_PAUSE_BTN@~2024-05-06 15:39:32": "Pausa",
		"KINGDOM_KINGSUMMON_HOSTING_PAUSE_MANDATE_BTN_TOOLTIP@~2024-06-17 18:19:56": "Om du ber att få pausa dina kungliga plikter förhindrar du att kungliga sällskap arrangeras på ditt slott. Du kan återuppta dina kungliga plikter med ett annat mandat.",
		"KINGDOM_KINGSUMMON_HOSTING_RESTART_MANDATE@2025-01-14 22:58:01": "Be hovet att återuppta de kungliga plikterna",
		"KINGDOM_KINGSUMMON_MANDATE_SWITCH_BTN@~2024-05-06 15:42:13": "Återuppta",
		"KINGDOM_KINGSUMMON_HOSTING_SWITCH_MANDATE_BTN_TOOLTIP@2025-01-14 22:58:01": "Om du begär att få starta om dina kungliga plikter kommer kungliga kompanier att besöka ditt slott. Du kan pausa dina kungliga plikter med ett annat mandat."
	}
}