﻿{
	"HELP_TOPIC_CATEGORIES": {
		"HELP_EDICTSPRIVILEGES_CATEGORY_TITLE": "Förordnanden och privilegier",
		"HELP_KINGDOM_CATEGORY_TITLE": "Kungadöme",
		"HELP_CLERGY_CATEGORY_TITLE@~2025-01-07 03:07:49": "Prästerskap",
		"HELP_EXPANDING_CATEGORY_TITLE@~2025-01-07 03:07:56": "Expandera",
		"HELP_ASPIRATION_CATEGORY_TITLE@~2025-01-07 03:08:02": "Ambition",
		"HELP_GAMERULES_CATEGORY_TITLE@~2025-01-07 03:08:06": "Spelregler"
	},
	"HELP_TOPICS_TITLES": {
		"HELP_RESOURCES_MARKETS_TITLE": "Marknader",
		"HELP_RESOURCES_ATTENDANCES_TITLE": "Närvarotillfällen",
		"HELP_RESOURCES_TAVERNMEAL_TITLE": "Måltid på värdshus",
		"HELP_RESOURCES_SCULPTURESTAINEDGLASS_TITLE": "Skulpturer och glasmålningar",
		"HELP_VILLAGERS_PROMOTION_TITLE": "Befordran",
		"HELP_HOUSING_HOUSINGQUALITY_TITLE": "Bostadskvalitet",
		"HELP_HOUSING_HOUSINGDENSITY_TITLE": "Bostadstäthet",
		"HELP_HOUSING_BEAUTIFICATION_TITLE": "Försköning",
		"HELP_HOUSING_UNDESIRABLENEIGHBORHOOD_TITLE@2025-01-27 18:38:51": "Oönskade grannskap",
		"HELP_HOUSING_PAVEDROAD_TITLE": "Asfalterade vägar",
		"HELP_EDICTSPRIVILEGES_SLOTS_TITLE@2025-01-27 18:38:51": "Platser för förordnanden och privilegier",
		"HELP_EDICTSPRIVILEGES_EFFECTS_TITLE": "Effekter av förordnanden och privilegier",
		"HELP_EDICTSPRIVILEGES_CHANGING_TITLE": "Ändring av förordnanden och privilegier",
		"HELP_LABORER_ADDITIONALTAXATION_TITLE": "Ytterligare skatter",
		"HELP_LABORER_TAVERN_TITLE": "Värdshus",
		"HELP_LABORER_LODGING_TITLE": "Husrum",
		"HELP_KINGDOM_COMPANIES_TITLE": "Militära kompanier",
		"HELP_KINGDOM_QUARTERS_TITLE": "Militärkvarter",
		"HELP_KINGDOM_FITTING_TITLE": "Utrustningskompanier",
		"HELP_KINGDOM_MISSION_TITLE": "Militära uppdrag",
		"HELP_KINGDOM_ROYALHOSTING_TITLE": "Kungliga kompanier",
		"HELP_KINGDOM_DUTY_TITLE": "Kompaniplikt",
		"HELP_KINGDOM_GRADE_TITLE": "Militära grader",
		"HELP_CLERGY_DEVOTING_TITLE": "Utse bybor",
		"HELP_CLERGY_WORKPLACE_TITLE": "Klostrets arbetsplatser",
		"HELP_CLERGY_MANUSCRIPT_TITLE": "Manuskript",
		"HELP_CLERGY_NEEDS_TITLE": "Klostrets behov",
		"HELP_CLERGY_PILGRIMS_TITLE": "Pilgrimer",
		"HELP_EXPANDING_IMPROVING_TITLE": "Förbättra arbetsplatserna",
		"HELP_EXPANDING_NEWTERRITORY_TITLE": "Nytt territorie",
		"HELP_EXPANDING_TRAVELDISTANCE_TITLE": "Reseavstånd",
		"HELP_EXPANDING_NEWHUBS_TITLE": "Nya nav",
		"HELP_OPPORTUNITIES_HOSTING_TITLE": "Stå värd",
		"HELP_ASPIRATION_NEWGAME_TITLE@2025-01-27 18:38:51": "Ny spelsträvan",
		"HELP_ASPIRATION_QUESTS_TITLE": "Strävansuppdrag",
		"HELP_ASPIRATION_COMPLETION_TITLE": "Färdigställande av strävan",
		"HELP_GAMERULES_PRESETS_TITLE": "Förinställningar",
		"HELP_GAMERULES_RULES_TITLE": "Regler",
		"HELP_GETTINGSTARTED_FIRSTWATCHPOST_TITLE": "Din första utkikspost",
		"HELP_GETTINGSTARTED_FIRSTTAVERN_TITLE": "Ditt första värdshus",
		"HELP_GETTINGSTARTED_FIRSTMONASTERY_TITLE": "Ditt första kloster",
		"HELP_GETTINGSTARTED_FIRSTCOMPANY_TITLE": "Ditt första kompani",
		"HELP_GETTINGSTARTED_FIRSTMANDATES_TITLE@2025-01-27 18:38:51": "Ditt första uppdrag",
		"HELP_GETTINGSTARTED_FIRSTFORTIFICATION_TITLE@~2025-01-11 23:58:57": "Tillhandahåll befästning",
		"HELP_GETTINGSTARTED_FIRSTDECORATION_TITLE@2025-01-27 18:38:51": "Din första dekoration",
		"HELP_GETTINGSTARTED_INCREASINGPROSPERITY_TITLE": "Ökat välstånd",
		"HELP_GETTINGSTARTED_HOSTINGGUESTS_TITLE": "Ta emot gäster",
		"HELP_GETTINGSTARTED_FIRSTBRIDGE_TITLE": "Din första bro",
		"HELP_GETTINGSTARTED_FIRSTCASTLE_TITLE": "Ditt första slott"
	},
	"HELP_TOPICS_CONTENT": {
		"HELP_RESOURCES_MARKETS_TEXT_1@2025-01-27 18:38:51": "**Marknader** levererar specifika **typer av resurser** till byborna baserat på vilken typ av **marknadsstånd** som byggts:",
		"HELP_RESOURCES_MARKETS_TEXT_2@2025-01-27 18:38:51": "**Matstånd**: Leverera bär, fisk, grönsaker, kött, bröd och ost till byborna.",
		"HELP_RESOURCES_MARKETS_TEXT_3@2025-01-27 18:38:51": "**Godsstånd**: Leverera vanliga kläder, vanliga varor och ljus till byborna.",
		"HELP_RESOURCES_MARKETS_TEXT_4@2025-01-27 18:38:51": "**Lyxiga stall**: Leverera örter, honung, smycken och ädelstenar till byborna.",
		"HELP_RESOURCES_MARKETS_TEXT_5@~2025-01-07 00:03:09": "**Marknadstält** kan läggas till **Marknadsstall** för att öka **antalet** **resurser** för byborna.",
		"HELP_RESOURCES_MARKETS_TEXT_6@~2025-01-07 00:03:24": "Med **City Market** kan du lagra ännu **mer resurser** och tillgodose behoven i **byar med högre täthet**.",
		"HELP_RESOURCES_ATTENDANCES_TEXT_1@~2025-01-07 00:03:59": "Vissa byggnader kan bara betjäna ett **begränsat** antal **bybor** åt gången, beroende på **antalet** och **statusen** hos de bybor som **tilldelas** dem:",
		"HELP_RESOURCES_ATTENDANCES_TEXT_2@2025-01-27 18:38:51": "**Kyrkor och kapell**: Här finns plats för ett begränsat antal bybor per vecka, beroende på vilka präster som arbetar där.",
		"HELP_RESOURCES_ATTENDANCES_TEXT_3@~2025-01-07 00:04:08": "**Hospitium**: Tar emot ett begränsat antal pilgrimer samtidigt, vilket bestäms av antalet anställda hostellers.",
		"HELP_RESOURCES_ATTENDANCES_TEXT_4@~2025-01-07 00:04:11": "**Lodging**: Serverar ett begränsat antal resenärer samtidigt, beroende på vilka värdar som arbetar där.",
		"HELP_RESOURCES_ATTENDANCES_TEXT_5@2025-01-27 18:38:51": "**Healing House**: Kan läka ett begränsat antal kombattanter samtidigt, beroende på vilka kirurger som tilldelats.",
		"HELP_RESOURCES_ATTENDANCES_TEXT_6@2025-01-27 18:38:51": "Byggnadens **storlek** påverkar **antalet** **bybor** som kan arbeta i den.",
		"HELP_RESOURCES_TAVERNMEAL_TEXT_1@2025-01-27 18:38:51": "**Värdshusmåltider** som skapas i **Värdshuskök** ger en tillfällig **Lycka**-bonus när de **konsumeras**.",
		"HELP_RESOURCES_TAVERNMEAL_TEXT_2@2025-01-27 18:38:51": "Dessa resurser kräver ingen ytterligare lagring eller distribution - varje bybo som **besöker** ett **värdshus** för att uppfylla sina **underhållningsbehov** kommer **automatiskt att konsumera** dem från **värdshusköket**.",
		"HELP_RESOURCES_SCULPTURESTAINEDGLASS_TEXT_1@~2025-01-07 00:05:43": "Vissa byggnader kan kräva **skulpturer** eller **glasmålningar** som en del av sina **resurser**.",
		"HELP_RESOURCES_SCULPTURESTAINEDGLASS_TEXT_2@~2025-01-07 00:06:00": "Dessa **projekt** måste först produceras på **dedikerade arbetsplatser** med hjälp av deras **listade resurser** innan de transporteras till byggarbetsplatserna.",
		"HELP_RESOURCES_SCULPTURESTAINEDGLASS_TEXT_3@2025-01-27 18:38:51": "Efter att ha låsts upp i **Progression Screen** kan både **Sculpture Workshop** och **Stained Glass Workshop** byggas i **Builder's Workshop**.",
		"HELP_VILLAGERS_PROMOTION_TEXT_1@~2025-01-07 00:08:43": "**Promotion** gör det möjligt för dig att **förbättra** **effektiviteten** hos din befolkning till **kostnaden** av **ytterligare behov** som de måste uppfylla.",
		"HELP_VILLAGERS_PROMOTION_TEXT_2@~2025-01-07 00:08:51": "**Kostnaden** för promotering beror på befolkningens **profil**:",
		"HELP_VILLAGERS_PROMOTION_TEXT_3@2025-01-27 18:38:51": "**Bybor**: Befordra Serfs till Commoners eller Citizens via en myntkostnad i förskott.",
		"HELP_VILLAGERS_PROMOTION_TEXT_4@2025-01-27 18:38:51": "**Munkar**: Befordra noviser till munkar eller nunnor och sedan till prior eller priorinna med hjälp av manuskript.",
		"HELP_VILLAGERS_PROMOTION_TEXT_5@2025-01-27 18:38:51": "**Kombattanter**: Befordra högt rankade milismän till soldater eller riddare till priset av högre löner för kombattanter.",
		"HELP_VILLAGERS_PROMOTION_TEXT_6@2025-01-27 18:38:51": "För att befordra **Monastiker** eller **Soldater** till en **högre status** måste du ha ett **tillräckligt antal** på den **föregående statusen**.",
		"HELP_VILLAGERS_PROMOTION_TEXT_7@~2025-01-07 00:09:38": "Du kan marknadsföra din befolkning genom **Marknadsföringsmandat** eller **Byns detaljerade fönster**.",
		"HELP_HOUSING_HOUSINGQUALITY_TEXT_1@~2025-01-07 00:10:01": "När bybor **befordras** till **högre status** ökar också deras **boendebehov** i **kvalitet**:",
		"HELP_HOUSING_HOUSINGQUALITY_TEXT_2@~2025-01-07 00:10:06": "**Serfs**: Lågkvalitativa bostäder har inga specifika krav.",
		"HELP_HOUSING_HOUSINGQUALITY_TEXT_3@2025-01-27 18:38:51": "**Gemenskapsbor**: Bostäder av medelhög kvalitet måste ligga inom försköningstäckning och bort från oönskade grannskap.",
		"HELP_HOUSING_HOUSINGQUALITY_TEXT_4@~2025-01-07 00:10:13": "**Medborgare**: Bostäder av hög kvalitet måste ligga nära asfalterade vägar samtidigt som de uppfyller kraven för bostäder av medelhög kvalitet.",
		"HELP_HOUSING_HOUSINGQUALITY_TEXT_5@~2025-01-07 00:10:25": "För att **hus** ska **uppgradera** i kvalitet måste det finnas bybor med **lämplig status** som kräver dem.",
		"HELP_HOUSING_HOUSINGQUALITY_TEXT_6@~2025-01-07 00:10:38": "**Högkvalitativa** bostäder **kräver** också mer **avancerade resurser** att bygga.",
		"HELP_HOUSING_HOUSINGDENSITY_TEXT_1@2025-01-27 18:38:51": "Hus med **högre densitet** gör det möjligt för **fler människor** att bo inom **samma bostadsområde**.",
		"HELP_HOUSING_HOUSINGDENSITY_TEXT_2@2025-01-27 18:38:51": "**Ökad befolkning** på en plats minskar **restiden**, påskyndar **skatteuppbörden** och låter dig spara på **kostnader för upprätthållande av territoriet**.",
		"HELP_HOUSING_HOUSINGDENSITY_TEXT_3@~2025-01-07 00:13:02": "**Housing Density** har krav:",
		"HELP_HOUSING_HOUSINGDENSITY_TEXT_4@~2025-01-07 00:13:08": "**Låg densitet**: Inga specifika krav.",
		"HELP_HOUSING_HOUSINGDENSITY_TEXT_5@~2025-01-07 00:13:14": "**Medelhög densitet**: Måste ligga inom lätt befästnings- och patrulltäckning.",
		"HELP_HOUSING_HOUSINGDENSITY_TEXT_6@~2025-01-07 00:13:19": "**Hög densitet**: Måste ligga inom täckningsområdet för tung befästning och patrullering.",
		"HELP_HOUSING_HOUSINGDENSITY_TEXT_7@~2025-01-07 00:13:32": "**Högre täthet** kräver **mer** av samma **resurser** för att byggas.",
		"HELP_HOUSING_BEAUTIFICATION_TEXT_1@~2025-01-07 00:13:49": "**Bostäder** måste vara inom ett **försköningsområde** för att uppgraderas till **mediumkvalitet** eller **högre**.",
		"HELP_HOUSING_BEAUTIFICATION_TEXT_2@2025-01-27 18:38:51": "**Förskönande** områden skapas genom att man bygger **dekorativa delar** som inte är **bundna till någon fastighet**.",
		"HELP_HOUSING_BEAUTIFICATION_TEXT_3@~2025-01-07 00:14:27": "**Genom att kombinera** olika **typer** av dekorationer - t.ex. träd, bänkar, buskar och fontäner - **utökas** täckningen** av ett Beautification-område.",
		"HELP_HOUSING_BEAUTIFICATION_TEXT_4@~2025-01-07 00:14:36": "Du hittar dessa dekorativa delar i **Byggmenyn** under **Gemensamma dekorationer**.",
		"HELP_HOUSING_UNDESIRABLENEIGHBORHOOD_TEXT_1@2025-01-27 18:38:51": "**Oönskade grannskapsområden** skapas av **vissa arbetsplatser** som din befolkning anser vara för **smutsiga** eller **bullriga**, till exempel **järnsmältverket** och **sågverket**.",
		"HELP_HOUSING_UNDESIRABLENEIGHBORHOOD_TEXT_2@2025-01-27 18:38:51": "Dessa **arbetsplatser** genererar ett **litet oönskat grannskapsområde** som **utökas** när **fler** av dessa arbetsplatser **grupperas**.",
		"HELP_HOUSING_UNDESIRABLENEIGHBORHOOD_TEXT_3@2025-01-27 18:38:51": "Även om **Serfs** inte har något emot det är det bäst att **undvika** att placera dessa arbetsplatser nära de **högkvalitativa bostäderna** för **Commoners** och **Citizens**.",
		"HELP_HOUSING_PAVEDROAD_TEXT_1@2025-01-27 18:38:51": "**Högkvalitativa bostäder** kräver **Avlagda vägar**, som skapas genom att ge **Stone** resurser till **Paviours** och låta dem **uppgradera grusvägar** med hjälp av **Road Paving** målningen.",
		"HELP_HOUSING_PAVEDROAD_TEXT_2@2025-01-27 18:38:51": "Med tiden **förmultnar** **Paved Roads** och måste **repareras** av **Paviours** med hjälp av ytterligare **Stone**. Medan **Paviours** är fokuserade på **reparationer**, kan de **inte uppgradera** nya grusvägar.",
		"HELP_HOUSING_PAVEDROAD_TEXT_3@2025-01-27 18:38:51": "För att **effektivt** hantera **stora områden** kan du överväga att bygga **flera Paviours' Yards**.",
		"HELP_EDICTSPRIVILEGES_SLOTS_TEXT_1@~2025-01-07 00:17:59": "**Förordnanden** och **Privilegier** är regler som ger sammanhangsspecifika **bonusar** till din by.",
		"HELP_EDICTSPRIVILEGES_SLOTS_TEXT_2@~2025-01-07 00:18:17": "För att aktivera dem måste du först låsa upp **Förordnande** och **Privilegie-platser** genom **Utvecklingsskärmen**:",
		"HELP_EDICTSPRIVILEGES_SLOTS_TEXT_3@~2025-01-07 00:19:07": "**Förordnande-platser**: Låses upp via den gemensamma vägen.",
		"HELP_EDICTSPRIVILEGES_SLOTS_TEXT_4@~2025-01-07 00:19:10": "**Privilegie-platser**: Låses upp genom var och en av Estate Paths.",
		"HELP_EDICTSPRIVILEGES_SLOTS_TEXT_5@~2025-01-07 00:19:32": "När en slot är upplåst kan du **välja** en av de önskade **Förordnanden** eller **Privilegier** från sidan **Förordnanden och privilegier** i **Kungaboken**.",
		"HELP_EDICTSPRIVILEGES_EFFECTS_TEXT_1@~2025-01-07 00:51:38": "Varje **Förordnande** och **Privilegie** erbjuder unika effekter som kan **gynna** din by i **specifika situationer**. Här är några exempel:",
		"HELP_EDICTSPRIVILEGES_EFFECTS_TEXT_2@~2025-01-07 00:51:42": "**Noggrann planering**: Ett förordnande som återbetalar några av de verktyg som används under byggandet.",
		"HELP_EDICTSPRIVILEGES_EFFECTS_TEXT_3@~2025-01-07 00:51:45": "**Skötsamma betalare**: En arbetsprivilegium som minskar Happiness-straffet från beskattning.",
		"HELP_EDICTSPRIVILEGES_EFFECTS_TEXT_4@~2025-01-07 00:51:49": "**Ärvt land**: En Kingdom Privilege som ibland ger dig ett kostnadsfritt territorie.",
		"HELP_EDICTSPRIVILEGES_EFFECTS_TEXT_5@~2025-01-07 00:51:54": "**Tionde skatter**: Ett prästerskapsprivilegium som gör att du kan beskatta kapell och kyrkor.",
		"HELP_EDICTSPRIVILEGES_EFFECTS_TEXT_6@~2025-01-07 00:52:00": "När din by blomstrar kan du också låsa upp **hemliga privilegier**.",
		"HELP_EDICTSPRIVILEGES_CHANGING_TEXT_1@~2025-01-07 00:52:27": "När ett **Förordnande** eller **Privilegie** är **utfärdat**, blir den **permanent låst**.",
		"HELP_EDICTSPRIVILEGES_CHANGING_TEXT_2@2025-01-27 18:38:51": "Du kan dock låsa upp ett tidigare låst **Förordnande** eller **Privilegie** genom att använda mandaten **Revidera ett förordnande** eller **Revise an Estate Privilege**.",
		"HELP_EDICTSPRIVILEGES_CHANGING_TEXT_3@2025-01-27 18:38:51": "Din **Fogde**, **Monastiskt sändebud** eller **Kunglig hovman** kan utföra detta **mandat**.",
		"HELP_EDICTSPRIVILEGES_CHANGING_TEXT_4@~2025-01-07 00:53:35": "Genom att revidera en **Edict** eller **Privilege** kan du **ta bort** den, vilket **frigör** **platsen** för ett nytt val.",
		"HELP_EDICTSPRIVILEGES_CHANGING_TEXT_5@2025-01-27 18:38:51": "Kom ihåg att endast **ett Edict** eller **Privilegium** kan **revideras** per **mandat**.",
		"HELP_LABORER_ADDITIONALTAXATION_TEXT_1@~2025-01-07 00:55:01": "Utöver **bostadsbeskattningen** kan du generera **ytterligare** myntinkomster** genom andra **typer** av **beskattning**:",
		"HELP_LABORER_ADDITIONALTAXATION_TEXT_2@~2025-01-07 00:55:05": "**Mjölningsskatter**: Beskattar produktionen av mjöl.",
		"HELP_LABORER_ADDITIONALTAXATION_TEXT_3@~2025-01-07 00:55:08": "**Skatter på gruvdrift**: Beskatta utvinning av mineraler.",
		"HELP_LABORER_ADDITIONALTAXATION_TEXT_4@~2025-01-07 00:55:11": "**Skatter på smide**: Beskattar tillverkningen av verktyg och vapen.",
		"HELP_LABORER_ADDITIONALTAXATION_TEXT_5@~2025-01-07 00:55:15": "**Skatter på dryck**: Beskatta konsumtionen av drycker på värdshus.",
		"HELP_LABORER_ADDITIONALTAXATION_TEXT_6@~2025-01-07 00:55:18": "**Tithe Taxes**: Skattetjänster i kyrkor och kapell.",
		"HELP_LABORER_ADDITIONALTAXATION_TEXT_7@~2025-01-07 02:10:51": "Dessa ytterligare skatter kan **låsas upp** genom **Progression Screen** eller erhållas via **Privilegies**.",
		"HELP_LABORER_TAVERN_TEXT_1@2025-01-27 18:38:51": "Byborna kan uppfylla sina **underhållningsbehov** genom att besöka **värdshuset**.",
		"HELP_LABORER_TAVERN_TEXT_2@~2025-01-07 00:55:52": "De kommer bara att göra det om **Bärbrygd**, **Öl** eller **Vin** är **lagrade** där. Detta kräver att en **värdshusvärd** tilldelas **servicedisken**.",
		"HELP_LABORER_TAVERN_TEXT_3@~2025-01-07 00:56:08": "Förutom att tillhandahålla nödvändiga resurser ska du se till att din **offentliga lokal** har **tillräckligt med utrymme** för att **tillgodose** alla **besökare**.",
		"HELP_LABORER_LODGING_TEXT_1@~2025-01-07 00:56:22": "**Värdshus** kan utökas med ett **värdshuslogi**, så att du kan **härbärga** trötta **resenärer** från hela riket.",
		"HELP_LABORER_LODGING_TEXT_2@2025-01-27 18:38:51": "När ditt **Inn Lodging** är **funktionellt** kommer din **första resenär** att anlända. Om du **tillåter** dem att **sprida ordet** om din by, kommer **fler resenärer** att göra ett **besök**.",
		"HELP_LABORER_LODGING_TEXT_3@~2025-01-13 16:32:00": "Du kan **tjäna** en rimlig summa **mynt** för varje resenär genom att uppfylla **alla** deras **behov**. Men **resenärer med dålig service** kan **gå utan att betala**.",
		"HELP_KINGDOM_COMPANIES_TEXT_1@2025-01-27 18:38:51": "För att **rekrytera** kombattanter måste du bilda **kompanier** vid **Castle Keep** eller via **Encampments**.",
		"HELP_KINGDOM_COMPANIES_TEXT_2@~2025-01-07 00:58:10": "Varje kompani **specialiserar** sig på en viss typ av **vapen**, där **Slottskompani** fokuserar på **Spjut**.",
		"HELP_KINGDOM_COMPANIES_TEXT_3@2025-01-27 18:38:51": "Det är **viktigt** att bilda en **mängd** olika **kompanier**, eftersom senare **militära uppdrag** kommer att kräva **flera typer av kompanier**.",
		"HELP_KINGDOM_COMPANIES_TEXT_4@~2025-01-07 00:59:54": "**Företag** har en **baskapacitet** på **stridande**, som kan **ökas** genom att bygga en **kommandopost**.",
		"HELP_KINGDOM_QUARTERS_TEXT_1@~2025-01-07 01:00:26": "**Stridande** kan **huseras** i **Slottet** med hjälp av följande byggnader:",
		"HELP_KINGDOM_QUARTERS_TEXT_2@~2025-01-07 01:00:31": "**Baracker**: Tillhandahåller kompakt boende för milismän och soldater.",
		"HELP_KINGDOM_QUARTERS_TEXT_3@~2025-01-07 01:00:34": "**Privata kvarter**: Erbjuder rymligt boende för riddare.",
		"HELP_KINGDOM_QUARTERS_TEXT_4@~2025-01-07 01:00:44": "Dessa byggnaders **kapacitet** bestäms av deras **storlek**.",
		"HELP_KINGDOM_QUARTERS_TEXT_5@~2025-01-07 01:01:00": "Om kombattanter **inte** har tillgång** till ett **läkningshus**, återhämtar de sig från sår på sitt **kvarter**, men i en mycket **långsammare takt**.",
		"HELP_KINGDOM_FITTING_TEXT_1@2025-01-27 18:38:51": "Ett kompani **kraft** mäts genom **Mäktighet**, som bestäms av **flera faktorer**:",
		"HELP_KINGDOM_FITTING_TEXT_2@~2025-01-07 01:01:19": "Antal kombattanter",
		"HELP_KINGDOM_FITTING_TEXT_3": "Vapnens styrka",
		"HELP_KINGDOM_FITTING_TEXT_4": "Lycka för de stridande",
		"HELP_KINGDOM_FITTING_TEXT_5": "Styrka hos de stridande parterna",
		"HELP_KINGDOM_FITTING_TEXT_6@~2025-01-07 01:01:31": "**Styrkan** hos varje **Soldat** påverkas av:",
		"HELP_KINGDOM_FITTING_TEXT_7": "Rank Nivå",
		"HELP_KINGDOM_FITTING_TEXT_8": "Status",
		"HELP_KINGDOM_FITTING_TEXT_9": "Träningsstatus eller om de är skadade",
		"HELP_KINGDOM_FITTING_TEXT_10@~2025-01-07 01:01:47": "Ett **välförberett** kompani har mycket större chans att **överleva** farliga **uppdrag**, så se till att göra det bästa av dem!",
		"HELP_KINGDOM_MISSION_TEXT_1@~2025-01-07 01:02:01": "**Företag** kan genomföra **Militära uppdrag**, som erbjuder en mängd olika **belöningar**.",
		"HELP_KINGDOM_MISSION_TEXT_2@~2025-01-07 01:02:28": "När ett kompani skickas ut på ett **militärt uppdrag** **reser** de iväg under **några dagar**. När de **återvänder** tar de stridande med sig en del av de utlovade **belöningarna** och **läker** och **återhämtar sig** sedan på slottet.",
		"HELP_KINGDOM_MISSION_TEXT_3@~2025-01-07 01:02:38": "**Efter** några dagar **återupptar** kompaniet sitt **militära uppdrag** utanför byn.",
		"HELP_KINGDOM_MISSION_TEXT_4@2025-01-27 18:38:51": "Efter att ha genomfört **tre** sådana **cykler** återvänder **kompaniet** helt **till byn och är **klart** för nästa **uppdrag**.",
		"HELP_KINGDOM_MISSION_TEXT_5@~2025-01-07 01:03:16": "Ju **bättre** ett kompani **återhämtar sig**, desto **bättre** presterar det **, vilket resulterar i en **större slutlig belöning**.",
		"HELP_KINGDOM_MISSION_TEXT_6@~2025-01-07 01:03:32": "Successivt svårare **militära uppdrag** kan **låsas upp** genom att framgångsrikt **fullfölja tidigare** uppdrag.",
		"HELP_KINGDOM_ROYALHOSTING_TEXT_1@~2025-01-07 01:04:02": "När du har grundat ditt **slott**, bildat ditt **första kompani** och uppnått tillräckligt med **välstånd** kommer du att bli inbjuden att vara **värd** och **delta** i **kungliga kompani** i ditt slott.",
		"HELP_KINGDOM_ROYALHOSTING_TEXT_2@2025-01-27 18:38:51": "Dessa trötta gäster kommer att behöva **samma behov** som dina **stridande**, tillsammans med tid för att **läka** och **träna**. Se till att du har tillräckligt med **Träningsdockor** för att ta emot dem!",
		"HELP_KINGDOM_ROYALHOSTING_TEXT_3@2025-01-27 18:38:51": "Genom att hantera **Royal Companies** tjänar du **Coins** och får **Kingdom Influence**.",
		"HELP_KINGDOM_DUTY_TEXT_1@~2025-01-07 01:04:49": "Varje **kompani** kan **tilldelas** en specifik **uppgift**:",
		"HELP_KINGDOM_DUTY_TEXT_2@~2025-01-07 01:04:53": "**Uppdragstjänstgöring**: Delta i militära uppdrag.",
		"HELP_KINGDOM_DUTY_TEXT_3@~2025-01-07 01:04:57": "**Patrulleringstjänst**: Tillhandahålla patrulltäckning över utsedda patrullområden.",
		"HELP_KINGDOM_DUTY_TEXT_4@~2025-01-07 01:05:00": "**Vakttjänstgöring**: Skydda aktiva befästningsbyggnader, t.ex. vakttorn.",
		"HELP_KINGDOM_DUTY_TEXT_5@~2025-01-07 01:05:14": "Ett kompanis **plikt** kan **ändras** **när som helst**, förutsatt att kompaniet är tillgängligt.",
		"HELP_KINGDOM_GRADE_TEXT_1@2025-01-27 18:38:51": "När du **genomför** alltmer utmanande **militära uppdrag** kommer du att **låsa upp högre militära uppdrag**.",
		"HELP_KINGDOM_GRADE_TEXT_2@~2025-01-07 01:05:55": "Dessa **högsvårighetsuppdrag** kan endast utföras av **militära kompanier** av **lika eller högre grad**:",
		"HELP_KINGDOM_GRADE_TEXT_3@~2025-01-07 01:06:01": "**1:a klassens kompani**: Består helt och hållet av milismän.",
		"HELP_KINGDOM_GRADE_TEXT_4@~2025-01-07 01:06:03": "**Kompani av 2:a graden**: Måste innehålla minst en soldat.",
		"HELP_KINGDOM_GRADE_TEXT_5@~2025-01-07 01:06:06": "**Kompani av 3: e graden**: Måste innehålla minst en riddare.",
		"HELP_KINGDOM_GRADE_TEXT_6@~2025-01-07 01:06:24": "Ett kompani **förlorar** sin **Grad** om det **inte längre** har den **högstatusstridande** som krävs.",
		"HELP_CLERGY_DEVOTING_TEXT_1@~2025-01-07 01:17:19": "**Monastiker** är bybor som viger sina liv åt ett **kloster** och blir **munkar** eller **nunnor**.",
		"HELP_CLERGY_DEVOTING_TEXT_2@2025-01-27 18:38:51": "För att **devotera** bybor, bygg **Dorms** och välj alternativet **\"Devotera en bybo till klostret\"** i **Byggfönstret**.",
		"HELP_CLERGY_DEVOTING_TEXT_3@~2025-01-07 01:17:54": "**Villagers** är hängivna baserat på deras **gender**:",
		"HELP_CLERGY_DEVOTING_TEXT_4@~2025-01-07 01:18:01": "**Män** kan endast tilldelas **Monk Sovsalar**.",
		"HELP_CLERGY_DEVOTING_TEXT_5@~2025-01-07 01:18:09": "**Kvinnor** måste tilldelas **Nunnornas sovsalar**.",
		"HELP_CLERGY_DEVOTING_TEXT_6@~2025-01-07 01:18:28": "Se till att du har **tillräckligt med bybor** av rätt **kön** innan du **bygger** motsvarande **Dorms**.",
		"HELP_CLERGY_WORKPLACE_TEXT_1@~2025-01-07 01:18:38": "**Klostren** har flera unika **arbetsplatser**, bl.a:",
		"HELP_CLERGY_WORKPLACE_TEXT_2@~2025-01-27 18:07:08": "**Vegetabilisk trädgård**: Producerar grönsaker.",
		"HELP_CLERGY_WORKPLACE_TEXT_3@~2025-01-07 01:18:44": "**Munkarnas kök**: Tillagar klostermåltider till munkar och nunnor.",
		"HELP_CLERGY_WORKPLACE_TEXT_4@2025-01-27 18:38:51": "**Hospitium**: Tar emot pilgrimer och samlar in donationer.",
		"HELP_CLERGY_WORKPLACE_TEXT_5@~2025-01-07 01:18:50": "**Bigård**: Producerar vax och honung.",
		"HELP_CLERGY_WORKPLACE_TEXT_6@2025-01-27 18:38:51": "**Vineri**: Använder tunnor och druvor för att producera vin.",
		"HELP_CLERGY_WORKPLACE_TEXT_7@~2025-01-07 01:19:18": "Monastiker tilldelas **automatiskt** arbetsplatser inom sitt kloster, där monastiker med **högre status** **prioriterar** roller som **Monastic Emissary** och **Refectorians** framför **Farmers** och **Copyists**.",
		"HELP_CLERGY_MANUSCRIPT_TEXT_1@2025-01-27 18:38:51": "**Kopister** som arbetar i **Scriptorium** producerar **Manuskript** som tjänar flera syften:",
		"HELP_CLERGY_MANUSCRIPT_TEXT_2@2025-01-27 18:38:51": "**Promotering** av noviser till bröder eller systrar och sedan till prior eller priorinna.",
		"HELP_CLERGY_MANUSCRIPT_TEXT_3@~2025-01-07 01:19:35": "**Införande** av vissa prästspecifika mandat.",
		"HELP_CLERGY_MANUSCRIPT_TEXT_4@~2025-01-07 01:19:39": "**Leverera** till biskopen i utbyte mot värdefulla resurser.",
		"HELP_CLERGY_MANUSCRIPT_TEXT_5@~2025-01-07 01:19:52": "**Manuskript** tar **tid** att producera, så se till att ditt **Scriptorium** är **tillräckligt stort** för att tillgodose dina behov.",
		"HELP_CLERGY_NEEDS_TEXT_1@~2025-01-07 01:20:00": "**Monastiker** har två unika **behov**:",
		"HELP_CLERGY_NEEDS_TEXT_2@~2025-01-07 01:20:03": "**Kloster**: Bygg ett kloster nära sovsalar och arbetsplatser för att ge monastiker en plats att besöka och reflektera.",
		"HELP_CLERGY_NEEDS_TEXT_3@~2025-01-07 01:20:06": "**Monastisk mat**: Tillaga olika klostermåltider i klosterköket med hjälp av resurser från både byn och klostret.",
		"HELP_CLERGY_NEEDS_TEXT_4@~2025-01-07 01:20:14": "Varje **Monastisk status** kräver dessa **behov**:",
		"HELP_CLERGY_NEEDS_TEXT_5@~2025-01-07 01:20:17": "**Noviser**: En klostermat.",
		"HELP_CLERGY_NEEDS_TEXT_6@~2025-01-07 01:20:33": "**Bröder och systrar**: Tillgång till klostret och två klostermåltider.",
		"HELP_CLERGY_NEEDS_TEXT_7@~2025-01-07 01:20:27": "**Prior och priorinna**: Tillgång till klostret och tre klostermat.",
		"HELP_CLERGY_PILGRIMS_TEXT_1@~2025-01-07 01:20:43": "**Pilgrimmer** är resenärer på en **andlig resa** till avlägsna landmärken i tron.",
		"HELP_CLERGY_PILGRIMS_TEXT_2@~2025-01-07 01:21:02": "De kommer att börja **besöka** ditt kloster när du har ett **fungerande Hospitium** och har välkomnat din första **vandrande munk**.",
		"HELP_CLERGY_PILGRIMS_TEXT_3@2025-01-27 18:38:51": "Du kan **assistera pilgrimer** genom att erbjuda dem skydd på ditt **Hospitium** och **förse** dem med förnödenheter inför deras resa.",
		"HELP_CLERGY_PILGRIMS_TEXT_4@~2025-01-07 01:21:36": "I gengäld kan pilgrimerna lämna **donationer** av **värdefulla resurser**, såsom **manuskript**, **mynt**, **ljus** och olika typer av **mat**.",
		"HELP_EXPANDING_IMPROVING_TEXT_1@2025-01-27 18:38:51": "Du kan **höja** **produktiviteten** på olika **arbetsplatser**, till exempel **Timmerläger** och **Vetegård**, genom att göra följande **förbättringar**:",
		"HELP_EXPANDING_IMPROVING_TEXT_2@~2025-01-07 01:22:05": "**Lägg till arbetsplats**: Gör det möjligt för fler bybor att arbeta på samma arbetsplats.",
		"HELP_EXPANDING_IMPROVING_TEXT_3@~2025-01-07 01:22:09": "**Lägg till utgångslagring**: Utökar kapaciteten för lagring av producerade resurser på arbetsplatsen.",
		"HELP_EXPANDING_IMPROVING_TEXT_4@~2025-01-07 01:22:26": "**Förbättra arbetsplatser** är ett kostnadseffektivt sätt att spara **mynt** och **utrymme**, eftersom förbättringsdelar i allmänhet är **mindre** och **billigare** än de ursprungliga byggnadsdelarna.",
		"HELP_EXPANDING_NEWTERRITORY_TEXT_1@~2025-01-07 01:22:46": "För att **få tillgång till avlägsna resurser** eller skapa **mer utrymme** för att hysa bybor, måste du **köpa** ytterligare **Territorier**.",
		"HELP_EXPANDING_NEWTERRITORY_TEXT_2@2025-01-27 18:38:51": "Detta gör du genom att klicka på knappen **Territory** i **Action Module** längst ned i mitten av skärmen.",
		"HELP_EXPANDING_NEWTERRITORY_TEXT_3@2025-01-27 18:38:51": "**Köp av Territorier** kräver en **förhandskostnad** för mynt och medför återkommande **underhåll**.",
		"HELP_EXPANDING_NEWTERRITORY_TEXT_4@~2025-01-07 01:23:24": "Se till att du bara **köper** det du **behöver**, eftersom **underhållet gradvis ökar** för varje **ytterligare territorium**.",
		"HELP_EXPANDING_TRAVELDISTANCE_TEXT_1@~2025-01-07 01:23:41": "När din **by växer** kan längre **reseavstånd** **slöa ner** dina bybor och **minska produktiviteten**.",
		"HELP_EXPANDING_TRAVELDISTANCE_TEXT_2@~2025-01-07 01:24:01": "För att **minimera förseningar** bör man se till att bybor som producerar kritiska resurser **bor nära** sina **arbetsplatser** och har **enkel tillgång** till alla sina **behov i närheten**.",
		"HELP_EXPANDING_TRAVELDISTANCE_TEXT_3@2025-01-27 18:38:51": "Om ett **behov** ligger **för långt** från deras arbetsplats kan byborna vara **oförmögna** att **uppfylla** det, vilket **påverkar** deras **nöjdhet** negativt.",
		"HELP_EXPANDING_TRAVELDISTANCE_TEXT_4@2025-01-27 18:38:51": "Att etablera **nya** byar **Hubs** och hantera **resursflödet** är **effektiva strategier** för att minimera förseningar.",
		"HELP_EXPANDING_NEWHUBS_TEXT_1@2025-01-27 18:38:51": "Du måste etablera nya **byhubbar** för att utnyttja **främmande resurser** som **mineralavlagringar**, **fisk** och **kött**.",
		"HELP_EXPANDING_NEWHUBS_TEXT_2@~2025-01-07 01:25:28": "Detta kräver att man bygger **väsentliga strukturer**, inklusive **arbetsplatser**, **hus**, en **marknad**, en **brunn**, en **kyrka** och en **kyrkogård**.",
		"HELP_EXPANDING_NEWHUBS_TEXT_3@~2025-01-07 01:25:58": "Byborna prioriterar **nära byggnader** för att uppfylla sina **behov**, vilket säkerställer att de stannar inom sina nya hubbar.",
		"HELP_EXPANDING_NEWHUBS_TEXT_4@~2025-01-07 01:26:05": "För att upprätthålla ett jämnt resursflöde mellan byarna använder du **Storage Priorities** för att styra dina transportörer på ett effektivt sätt.",
		"HELP_OPPORTUNITIES_HOSTING_TEXT_1@~2025-01-07 01:26:17": "Varje **Estate** erbjuder unika **möjligheter** att **hysa gäster**:",
		"HELP_OPPORTUNITIES_HOSTING_TEXT_2@~2025-01-07 01:26:20": "**Arbete**: Ta emot resenärer på ditt värdshus.",
		"HELP_OPPORTUNITIES_HOSTING_TEXT_3@~2025-01-07 01:26:23": "**Kungadöme**: Ta emot kungliga företag i dina baracker och privatbostäder.",
		"HELP_OPPORTUNITIES_HOSTING_TEXT_4@~2025-01-07 01:26:26": "**Prästerskap**: Ta emot pilgrimer i ditt Hospitium.",
		"HELP_OPPORTUNITIES_HOSTING_TEXT_5@~2025-01-07 01:26:37": "Du är **belönad** för att du ser till att **gäster lämnar** din by med **högt godkännande**.",
		"HELP_OPPORTUNITIES_HOSTING_TEXT_6@~2025-01-07 01:32:50": "**Godkännande** **erhålls** genom **hög lycka**, som uppnås genom att **tillfredsställa** alla **gästernas behov**.",
		"HELP_ASPIRATION_NEWGAME_TEXT_1@~2025-01-07 01:27:13": "I början av ett **nytt spel** **väljer** du den **aspiration** som formar din resa:",
		"HELP_ASPIRATION_NEWGAME_TEXT_2@2025-01-27 18:38:51": "**Spela på egen hand**: Friformsspel utan någon eftersträvansvärd historia.",
		"HELP_ASPIRATION_NEWGAME_TEXT_3@~2025-01-07 01:27:21": "**Bygg upp en prestigefylld borg**: Förvärva en stadsstadga och uppnå suveränitet.",
		"HELP_ASPIRATION_NEWGAME_TEXT_4@~2025-01-07 01:27:24": "**Bygg en välmående prästgård**: Bygg en prästgård och etablera en blomstrande handel över hela riket.",
		"HELP_ASPIRATION_NEWGAME_TEXT_5@2025-01-27 18:38:51": "**Bygg ett mäktigt fäste**: Bygg ett imponerande slott och slåss för kungen.",
		"HELP_ASPIRATION_NEWGAME_TEXT_6@~2025-01-07 01:27:41": "**Strävan** kan **endast** **väljas** innan du börjar ett **Nytt spel**.",
		"HELP_ASPIRATION_QUESTS_TEXT_1@2025-01-27 18:38:51": "När du går igenom **story aspirations** kommer du att få **aspiration objectives** och **milestone quests** att slutföra.",
		"HELP_ASPIRATION_QUESTS_TEXT_2@2025-01-27 18:38:51": "Varje **aspirationsmål** innehåller **framsteg** och **misslyckandevillkor** som kommer att **påverka** din bys **utveckling** över tid.",
		"HELP_ASPIRATION_QUESTS_TEXT_3@2025-01-27 18:38:51": "Dessa **långsiktiga mål** uppnås gradvis när du slutför de **kortsiktiga milstolpsuppdragen**.",
		"HELP_ASPIRATION_COMPLETION_TEXT_1@~2025-01-07 01:33:46": "När du har **uppfyllt alla** **mål** i en **aspiration** kan du fortsätta **spela fritt** med din by.",
		"HELP_ASPIRATION_COMPLETION_TEXT_2@~2025-01-07 01:34:03": "I detta skede är du **fri** att **avvika** från de tidigare **aspirationsmålen** och forma **byn** efter dina **drömmar**!",
		"HELP_GAMERULES_PRESETS_TEXT_1@~2025-01-07 01:34:44": "**Innan** du startar din nya **by** kan du välja en **förinställd spelregel** för att **anpassa** din **upplevelse**:",
		"HELP_GAMERULES_PRESETS_TEXT_2@~2025-01-07 01:34:47": "**Anpassad**: Ställ in dina egna specifika regler.",
		"HELP_GAMERULES_PRESETS_TEXT_3@~2025-01-07 01:34:50": "**Kreativ**: Avaktiverar utmanande spelelement för att fokusera på byggande och kreativitet.",
		"HELP_GAMERULES_PRESETS_TEXT_4@~2025-01-07 01:34:53": "**Casual**: Erbjuder en avslappnad upplevelse, perfekt för lärande med minimal utmaning.",
		"HELP_GAMERULES_PRESETS_TEXT_5@~2025-01-07 01:34:56": "**Klassisk**: Ger balanserade utmaningar som återspeglar den avsedda spelupplevelsen.",
		"HELP_GAMERULES_PRESETS_TEXT_6@~2025-01-07 01:34:58": "**Utmaning**: Har förhöjd svårighetsgrad för avancerade spelare.",
		"HELP_GAMERULES_PRESETS_TEXT_7@~2025-01-07 01:35:11": "**Förinställda spelregler kan inte** ändras **efter** att din by har **skapats**.",
		"HELP_GAMERULES_PRESETS_TEXT_8@~2025-01-07 01:35:25": "**Prestationer** är endast **tillgängliga** i **Klassisk**, **Utmaning** eller liknande **Anpassad**-förval.",
		"HELP_GAMERULES_PRESETS_TEXT_9@~2025-01-07 01:35:42": "**Vissa prestationer** kräver att spelet är inställt på **Challenge** eller en **Custom**-förinställning med liknande **höga svårighetsgrader**.",
		"HELP_GAMERULES_RULES_TEXT_1@~2025-01-07 01:35:56": "När du väljer din **förinställda spelregel** kan du också **ändra enskilda regler** för att anpassa din upplevelse:",
		"HELP_GAMERULES_RULES_TEXT_2@2025-01-27 18:38:51": "Ställ in din befolknings lycka till 100 %.",
		"HELP_GAMERULES_RULES_TEXT_3": "Bygg direkt, utan kostnad, och kontrollera den visuella utvecklingen av byggstegen.",
		"HELP_GAMERULES_RULES_TEXT_4": "Äga alla territorier utan kostnad.",
		"HELP_GAMERULES_RULES_TEXT_5": "Justera återväxttakten för miljöresurser.",
		"HELP_GAMERULES_RULES_TEXT_6": "Ändra produktionstiden på arbetsplatserna.",
		"HELP_GAMERULES_RULES_TEXT_7": "Ändra risknivån för faror i militära uppdrag.",
		"HELP_GAMERULES_RULES_TEXT_8@~2025-01-07 01:36:30": "**Ändring** av en enskild **Spelregel** kommer automatiskt att ställa in din **Förinställning** till **Anpassad**.",
		"HELP_GAMERULES_RULES_TEXT_9@~2025-01-07 01:36:55": "Tänk på att **Achievements** kommer att **inaktiveras** om **Game Rules** är **enklare** än **kraven** i den valda **Game Rule Preset**.",
		"HELP_GETTINGSTARTED_FIRSTWATCHPOST_TEXT_1@~2025-01-12 00:17:52": "*med *Watchposts** kan du tilldela byborna jobben som **Patroller** och **Watchmen**, för att ge **Safety** och **Fortification** till din by.",
		"HELP_GETTINGSTARTED_FIRSTWATCHPOST_TEXT_2@~2025-01-12 00:16:18": "**Väktare** besöker **Vakttorn** och **Vaktplatser** för att tillhandahålla **Fortifikation**.",
		"HELP_GETTINGSTARTED_FIRSTWATCHPOST_TEXT_3@~2025-01-12 00:16:01": "**Patrullerare** patrullerar i **zoner** som är markerade för patrullering, för att ge **säkerhet** till omgivande **hus**.",
		"HELP_GETTINGSTARTED_FIRSTTAVERN_TEXT_1@2025-01-30 23:32:11": "Värdshus erbjuder **Underhållning** till bybor som har **Underhållningsbehov**. De kan också hysa **Besökare**.",
		"HELP_GETTINGSTARTED_FIRSTTAVERN_TEXT_2@~2025-01-07 01:37:45": "En **servicedisk** och en **offentlig lokal** krävs för att välkomna **bybor**, men du måste förse dem med drycker, t. ex. **Bärbrygd**, **Öl** eller **Vin**.",
		"HELP_GETTINGSTARTED_FIRSTMONASTERY_TEXT_1@~2025-01-11 23:44:16": "**Monasteries** är monument som fungerar annorlunda än andra, eftersom de **automatiskt** skickar sina **Monastics** mellan sina olika **arbetsplatser**.",
		"HELP_GETTINGSTARTED_FIRSTMONASTERY_TEXT_2@~2025-01-07 01:38:24": "Att etablera ett **kloster**:",
		"HELP_GETTINGSTARTED_FIRSTMONASTERY_TEXT_3@~2025-01-07 01:38:28": "Bygg en **Dormitory** för att hysa munkar eller nunnor.",
		"HELP_GETTINGSTARTED_FIRSTMONASTERY_TEXT_4@~2025-01-07 01:38:44": "**Delegera** **munkar** och/eller **nunnor** till **klostret**. Var försiktig med detta: Monastiker är **vigda för livet**.",
		"HELP_GETTINGSTARTED_FIRSTMONASTERY_TEXT_5@2025-01-27 18:38:51": "Bygg en **Herb Garden** för att producera den värdefulla resursen **Herb**.",
		"HELP_GETTINGSTARTED_FIRSTMONASTERY_TEXT_6@2025-01-27 18:38:51": "Bygg ett **Scriptorium** för att producera den fördelaktiga resursen **Manuscript**.",
		"HELP_GETTINGSTARTED_FIRSTCOMPANY_TEXT_1@~2025-01-07 01:39:32": "**Militärkompanier** genomför **uppdrag** som ger värdefulla **resurser**.",
		"HELP_GETTINGSTARTED_FIRSTCOMPANY_TEXT_2@~2025-01-11 23:54:02": "Att **skapa** och förbereda ditt första kompani:",
		"HELP_GETTINGSTARTED_FIRSTCOMPANY_TEXT_3@~2025-01-07 01:39:59": "Klicka på knappen **\"Lägg till ett kompani\"** på din **Slottets borg** och tilldela bybor. Var försiktig med detta: **Soldater** är **dedikerade för livet**.",
		"HELP_GETTINGSTARTED_FIRSTCOMPANY_TEXT_4@~2025-01-11 23:57:20": "Förvara **vapen** i ett **förråd** så att dina kombattanter kan utrusta sig för strid.",
		"HELP_GETTINGSTARTED_FIRSTCOMPANY_TEXT_5@~2025-01-11 23:55:55": "Vi rekommenderar att du väntar tills dina stridande är **fullständigt utbildade** innan du skickar dem på **uppdrag**.",
		"HELP_GETTINGSTARTED_FIRSTCOMPANY_TEXT_6@~2025-01-11 23:57:48": "**Tilldela** och **Distribuera** ditt kompani till ett **uppdrag** med hjälp av **Arméboken**.",
		"HELP_GETTINGSTARTED_FIRSTMANDATES_TEXT_1@~2025-01-07 01:40:50": "I **Great Hall** kan du anta **Mandat**.",
		"HELP_GETTINGSTARTED_FIRSTMANDATES_TEXT_2@2025-01-27 18:38:51": "Du kan när som helst starta **Uttaxeringsmandatet** för att få mynt på bekostnad av bybornas lycka eller använda **Promote Mandate** för att höja bybornas status.",
		"HELP_GETTINGSTARTED_FIRSTMANDATES_TEXT_3@~2025-01-07 01:41:13": "**Mandat** har alltid en **kostnad** och en **nedkylning**.",
		"HELP_GETTINGSTARTED_FIRSTMANDATES_TEXT_4@~2025-01-07 01:41:26": "**Tillgång** till **Mandaten** från **Kungaboken** eller direkt från din **Stora salen**.",
		"HELP_GETTINGSTARTED_FIRSTFORTIFICATION_TEXT_1@~2025-01-12 00:03:19": "**Fortifiering** krävs av **Hus** för att öka deras **Densitet**, och av vissa **Arbetsplatser** för att **fungera** ordentligt.",
		"HELP_GETTINGSTARTED_FIRSTFORTIFICATION_TEXT_1_2@2025-01-27 18:44:39": "Det finns två sätt att ge berikning till omgivningen:",
		"HELP_GETTINGSTARTED_FIRSTFORTIFICATION_TEXT_2@~2025-01-07 01:41:58": "Genom att bygga **Vakttorn**. Du behöver sedan en **Väktare** för att ockupera det. De kan anlitas från en **Vaktpost**, en **underbyggnad** till **herrgården**.",
		"HELP_GETTINGSTARTED_FIRSTFORTIFICATION_TEXT_3@~2025-01-07 01:42:08": "Genom att **omgärda** ett område med **murar** som ger den typ av **befästning** som behövs.",
		"HELP_GETTINGSTARTED_FIRSTFORTIFICATION_TEXT_4@~2025-01-07 01:42:18": "Du bör se en **visuell återkoppling** när ett område är täckt med Fortification.",
		"HELP_GETTINGSTARTED_FIRSTDECORATION_TEXT_1@~2025-01-07 01:42:32": "**Dekorationer** förgyller din by med **Försköning** eller **Prakt**.",
		"HELP_GETTINGSTARTED_FIRSTDECORATION_TEXT_2@~2025-01-07 01:42:37": "**För försköning**: Bygg dem från menyn Bygg.",
		"HELP_GETTINGSTARTED_FIRSTDECORATION_TEXT_3@~2025-01-07 01:42:40": "**För prakt**: Bygg dem från valfritt Monument för egendomarna.",
		"HELP_GETTINGSTARTED_INCREASINGPROSPERITY_TEXT_1@~2025-01-07 01:42:50": "**Prosperity** låser upp nytt **innehåll** på **Progression Screen**.",
		"HELP_GETTINGSTARTED_INCREASINGPROSPERITY_TEXT_2@2025-01-27 18:38:51": "Du kan **öka välståndet** på många sätt, till exempel genom att få **mer vinst**, ha **mer befolkning** och **låsa upp** och **uppgradera handelsvägar**.",
		"HELP_GETTINGSTARTED_INCREASINGPROSPERITY_TEXT_3@~2025-01-07 01:43:14": "Kontrollera för **detaljer** på **Progression Screen**.",
		"HELP_GETTINGSTARTED_HOSTINGGUESTS_TEXT_1@~2025-01-07 01:43:25": "Varje **Estate** låter dig **hosta gäster** och erbjuda olika **belöningar**.",
		"HELP_GETTINGSTARTED_HOSTINGGUESTS_TEXT_2@~2025-01-07 01:43:30": "För att **börja** ta emot gäster:",
		"HELP_GETTINGSTARTED_HOSTINGGUESTS_TEXT_3@~2025-01-07 01:43:36": "Välkommen **Vandrande munkar** till ditt **Hospitium**.",
		"HELP_GETTINGSTARTED_HOSTINGGUESTS_TEXT_4@~2025-01-07 01:43:43": "Låt **Travellers** sprida ordet om din **Inn Lodge**.",
		"HELP_GETTINGSTARTED_HOSTINGGUESTS_TEXT_5@~2025-01-07 01:43:52": "Bli kallad av **Kungen** efter att ha byggt **Barracks** vid ditt **Castle**.",
		"HELP_GETTINGSTARTED_FIRSTBRIDGE_TEXT_1@~2025-01-07 01:44:07": "**Broar** låter dina **bybor** färdas över **klippor**, **floder** och **öar**.",
		"HELP_GETTINGSTARTED_FIRSTBRIDGE_TEXT_2": "När du bygger broar:",
		"HELP_GETTINGSTARTED_FIRSTBRIDGE_TEXT_3@~2025-01-07 01:44:20": "Se till att **hela bron** finns **inom** dina **territorier**.",
		"HELP_GETTINGSTARTED_FIRSTBRIDGE_TEXT_4@2025-01-27 18:38:51": "Du kan bestämma dess **längd** och **rotation** genom att **flytta** dess **änddelar**.",
		"HELP_GETTINGSTARTED_FIRSTBRIDGE_TEXT_5@2025-01-27 18:38:51": "Du kan **flytta** och **skalera** bron genom att **markera hela byggnaden** med dubbelklick.",
		"HELP_GETTINGSTARTED_FIRSTCASTLE_TEXT_1@~2025-01-07 02:45:11": "**Slott** fungerar som befästa monument och inhyser **Militärkompanier**.",
		"HELP_GETTINGSTARTED_FIRSTCASTLE_TEXT_2@~2025-01-11 23:50:16": "För att etablera ett slott börjar du med att bygga en **slottsborg**. Detta gör att du kan skapa ditt första **kompani**",
		"HELP_GETTINGSTARTED_FIRSTCASTLE_TEXT_4@~2025-01-11 23:49:17": "Inom dess **Fortifikationsskydd**, bygg:",
		"HELP_GETTINGSTARTED_FIRSTCASTLE_TEXT_5@~2025-01-11 23:50:40": "En **Barack** för att hysa dina **Stridande**",
		"HELP_GETTINGSTARTED_FIRSTCASTLE_TEXT_6@~2025-01-11 23:51:11": "Ett **vapenförråd**, så att dina soldater kan utrusta sig med **vapen**"
	}
}