﻿{
	"HELP_GENERAL": {
		"TIP": "Tips",
		"PREVIOUS_TOPIC": "Föregående ämne",
		"NEXT_TOPIC": "Nästa ämne",
		"GOTCHA@~2024-10-30 17:25:49": "Jag förstår!"
	},
	"HELP_TOPIC_CATEGORIES": {
		"HELP_GETTINGSTARTED_CATEGORY_TITLE": "Kom igång",
		"HELP_BASICCONTROL_CATEGORY_TITLE": "Grundläggande kontroll",
		"HELP_VILLAGEBASIC_CATEGORY_TITLE": "Grundläggande för din stad",
		"HELP_RESOURCES_CATEGORY_TITLE": "Resurser",
		"HELP_MONUMENTBASIC_CATEGORY_TITLE@2024-12-06 18:19:28": "Grundläggande konstruktion",
		"HELP_CONSTRUCTIONREQ_CATEGORY_TITLE": "Konstruktionskrav",
		"HELP_VILLAGERS_CATEGORY_TITLE": "Invånare",
		"HELP_HOUSING_CATEGORY_TITLE": "Boende",
		"HELP_WEALTH_CATEGORY_TITLE": "Rikedom",
		"HELP_BOOKBASIC_CATEGORY_TITLE@2024-12-06 18:19:28": "Grundläggande om den Kungliga Boken",
		"HELP_TRADING_CATEGORY_TITLE": "Handel",
		"HELP_MANDATES_CATEGORY_TITLE": "Mandat",
		"HELP_PROGRESSION_CATEGORY_TITLE": "Utveckling",
		"HELP_LABORER_CATEGORY_TITLE@2024-11-06 17:21:30": "Arbetare",
		"HELP_RESOURCEFLOW_CATEGORY_TITLE": "Resursflöde",
		"HELP_OPPORTUNITIES_CATEGORY_TITLE@~2024-11-27 20:45:27": "Uppdrag",
		"HELP_ADVANCEDCONSTRUCTION_CATEGORY_TITLE": "Avancerad konstruktion",
		"HELP_USERCOMFORT_CATEGORY_TITLE": "Användarkomfort"
	},
	"HELP_TOPICS_TITLES": {
		"HELP_GETTINGSTARTED_WELCOME_TITLE": "Välkommen!",
		"HELP_GETTINGSTARTED_SAVELOAD_TITLE": "Spara och läs in",
		"HELP_GETTINGSTARTED_SETTINGS_TITLE": "Inställningar",
		"HELP_BASICCONTROL_MOUSECONTROL_TITLE": "Muspekarkontroll",
		"HELP_BASICCONTROL_CAMERAMOVEMENT_TITLE": "Kamerarörelse",
		"HELP_BASICCONTROL_CAMERAZOOM_TITLE": "Kamerazoom",
		"HELP_BASICCONTROL_CAMERAANGLE_TITLE": "Kameravinkel",
		"HELP_VILLAGEBASIC_SETTLINGDOWN_TITLE": "Etablering",
		"HELP_VILLAGEBASIC_BUILDERS_TITLE@~2024-11-27 20:46:08": "Byggnader",
		"HELP_VILLAGEBASIC_ASSIGNINGWORKERS_TITLE@~2024-11-27 20:46:15": "Tilldela invånare yrken",
		"HELP_VILLAGEBASIC_PAINTTOOL_TITLE": "Målarverktyg",
		"HELP_RESOURCES_EXTRACTION_TITLE@~2024-11-27 20:46:24": "Naturtillgångar",
		"HELP_RESOURCES_TRANSPORT_TITLE@~2024-11-27 22:17:25": "Förvaring och transportering",
		"HELP_RESOURCES_REFINING_TITLE@~2024-11-27 20:46:56": "Produktionskedjan",
		"HELP_RESOURCES_DISTRIBUTION_TITLE@~2024-11-27 20:47:04": "Konsumtion",
		"HELP_MONUMENTBASIC_CREATINGMONUMENTS_TITLE": "Skapar monument",
		"HELP_MONUMENTBASIC_IMPROVINGMONUMENTS_TITLE": "Förbättra monument",
		"HELP_MONUMENTBASIC_MONUMENTPREVIEW_TITLE@~2024-11-27 20:47:23": "Byggnadsöversikt",
		"HELP_MONUMENTBASIC_MONUMENTEFFECT_TITLE@~2024-11-27 20:47:27": "Byggnadsstrategier",
		"HELP_CONSTRUCTIONREQ_PARTREQ_TITLE": "Krav för delbyggnad",
		"HELP_CONSTRUCTIONREQ_INTERIORACCESS_TITLE": "Krav på inomhusåtkomst",
		"HELP_CONSTRUCTIONREQ_FORTIFICATION_TITLE": "Krav på fortifikation",
		"HELP_VILLAGERS_NEEDS_TITLE": "Grundläggande & ytterligare behov",
		"HELP_VILLAGERS_HAPPINESS_TITLE": "Lycka",
		"HELP_VILLAGERS_IMMIGRATION_TITLE": "Invandring",
		"HELP_HOUSING_HOUSINGAREA_TITLE": "Bostadsområde",
		"HELP_HOUSING_SAFETY_TITLE": "Säkerhet",
		"HELP_WEALTH_INCOMES_TITLE": "Inkomst",
		"HELP_WEALTH_COSTS_TITLE@~2024-11-27 20:47:55": "Direktkostnad",
		"HELP_WEALTH_UPKEEPS_TITLE": "Underhåll",
		"HELP_WEALTH_TREASURY_TITLE": "Skattkammare",
		"HELP_BOOKBASIC_OVERVIEW_TITLE@~2024-11-27 20:48:25": "Översiktssida",
		"HELP_BOOKBASIC_MANAGEMENT_TITLE@~2024-11-27 20:48:28": "Administrationssidorna",
		"HELP_BOOKBASIC_BUDGET_TITLE@~2024-11-27 20:48:31": "Ekonomisidan",
		"HELP_BOOKBASIC_LOGS_TITLE@~2024-11-27 20:48:33": "Loggbokssidan",
		"HELP_TRADING_TRADEROUTES_TITLE": "Handelsvägar",
		"HELP_TRADING_BUYINGSELLING_TITLE": "Köpa och sälja",
		"HELP_TRADING_TRADEROUTEUPGRADE_TITLE": "Uppgradering av handelsväg",
		"HELP_MANDATES_YOURMANDATES_TITLE": "Dina mandat",
		"HELP_MANDATES_RIGHTHAND_TITLE@~2024-11-27 20:48:54": "Nominering av invånare",
		"HELP_MANDATES_RIGHTHANDMANDATES_TITLE@~2024-11-27 20:49:06": "Godsmandat",
		"HELP_MANDATES_PROSPECTION_TITLE": "Prospektera",
		"HELP_PROGRESSION_PROGRESSIONMENU_TITLE@~2024-11-21 14:12:44": "Utvecklingsskärm",
		"HELP_PROGRESSION_PROSPERITY_TITLE": "Välstånd",
		"HELP_PROGRESSION_SPLENDOR_TITLE@2024-11-06 17:21:30": "Prakt",
		"HELP_PROGRESSION_INFLUENCE_TITLE": "Inflytande",
		"HELP_LABORER_TAXATION_TITLE": "Beskattning",
		"HELP_RESOURCEFLOW_TRACKINGRESOURCE_TITLE": "Spårning av resurser",
		"HELP_RESOURCEFLOW_STORAGES_TITLE@~2024-11-27 20:49:29": "Lagring",
		"HELP_RESOURCEFLOW_STOCKPILING_TITLE": "Bunkra",
		"HELP_RESOURCEFLOW_STORAGEFUNCTIONS_TITLE@~2024-11-27 20:49:43": "Lagringsprioritet",
		"HELP_OPPORTUNITIES_ENVOYS_TITLE": "Sändebud",
		"HELP_OPPORTUNITIES_CHOICES_TITLE": "Val",
		"HELP_OPPORTUNITIES_DELIVERY_TITLE": "Försändelse",
		"HELP_ADVANCEDCONSTRUCTION_UNDOREDO_TITLE": "Ångra & Gör om",
		"HELP_ADVANCEDCONSTRUCTION_CONSTRUCTIONPRIORITY_TITLE@~2024-11-27 20:50:23": "Prioriterad konstruktion",
		"HELP_ADVANCEDCONSTRUCTION_PARTSNAPPING_TITLE@~2024-11-27 20:50:39": "Anslutna delar",
		"HELP_ADVANCEDCONSTRUCTION_PARTSCALING_TITLE@2025-01-27 19:54:42": "Skalning av del",
		"HELP_USERCOMFORT_UISCALING_TITLE": "Gränssnittsskalning",
		"HELP_USERCOMFORT_AUDIO_TITLE": "Ljud",
		"HELP_USERCOMFORT_MOTIONSICKNESS_TITLE": "Rörelsesjuka",
		"HELP_GETTINGSTARTED_FIRSTTERRITORY_TITLE": "Ditt första territorium",
		"HELP_GETTINGSTARTED_QUEST_MODULE@~2024-11-27 20:51:22": "Uppdragsmodul",
		"HELP_GETTINGSTARTED_ACTION_MODULE@~2024-11-03 17:22:10": "Handlingsmodul",
		"HELP_GETTINGSTARTED_WORLD_GUI@~2024-11-27 20:51:29": "Interagera med världen",
		"HELP_GETTINGSTARTED_MULTIPLE_PART_BUILDINGS@~2024-11-27 20:51:39": "Flerdelad byggnad",
		"HELP_GETTINGSTARTED_REFER_TO_HELP@~2024-11-07 12:50:48": "Behöver du mer hjälp?",
		"HELP_GETTINGSTARTED_BOOK@~2024-11-27 20:52:02": "Öppnande av Kungaboken",
		"HELP_GETTINGSTARTED_ZONING_TITLE": "Målning och trädfällning",
		"HELP_GETTINGSTARTED_ASSIGNING WORKER_TITLE@~2024-11-28 01:08:26": "Tilldela arbetare",
		"HELP_GETTINGSTARTED_HOUSINGAREA_TITLE@~2024-11-28 01:08:56": "Målning och bostadsbyggande",
		"HELP_GETTINGSTARTED_PROGRESSIONMENU_TITLE@~2024-11-28 01:11:45": "Upplåsning av byggnader",
		"HELP_GETTINGSTARTED_CREATINGMONUMENTS_TITLE@~2024-11-28 01:12:11": "Ditt första monument",
		"HELP_GETTINGSTARTED_ZONING_PER_BUILDING_TITLE@~2024-11-23 18:28:57": "Zonindelning per byggnad",
		"HELP_GETTINGSTARTED_TIME_CONTROL_TITLE@~2024-11-27 20:58:42": "Pausning och spelhastighet",
		"HELP_GETTINGSTARTED_NEEDS_TITLE@~2024-11-28 00:54:18": "Invånarbehov",
		"HELP_MONUMENTBASIC_EDITINGBUILDINGS_TITLE@~2025-01-12 18:37:12": "Redigering av byggnader"
	},
	"HELP_TOPICS_CONTENT": {
		"HELP_GETTINGSTARTED_WELCOME_TEXT_1": "Välkommen till Foundation!",
		"HELP_GETTINGSTARTED_WELCOME_TEXT_2@~2024-11-27 20:59:34": "Kunskapen på dessa sidor kommer att göra dig bekant med **spelets kärnelement**.",
		"HELP_GETTINGSTARTED_WELCOME_TEXT_3@2024-11-27 20:59:46": "För att öppna detta fönster igen när som helst, klicka på knappen **Frågetecken** i det övre vänstra hörnet av skärmen.",
		"HELP_GETTINGSTARTED_SAVELOAD_TEXT_1@2024-11-06 17:21:30": "Som standard sparas din by automatiskt var femte minut. Du kan också spara ditt spel manuellt från menyn \"Save Game\" eller när du lämnar spelet från menyn.",
		"HELP_GETTINGSTARTED_SAVELOAD_TEXT_2@2024-11-06 17:21:30": "Du kan läsa in din senaste by från menyn \"Läs in spel\". Du kan också komma åt och ladda ett äldre sparat spel från knappen \"Se sparade spel\".",
		"HELP_GETTINGSTARTED_SETTINGS_TEXT_1": "Du kan ändra dina spelinställningar, till exempel språk, användargränssnittets skala, videokvalitet, ljudvolym och anpassade kontroller.",
		"HELP_GETTINGSTARTED_FIRSTTERRITORY_TEXT_1@2024-12-06 18:19:28": "För att börja bygga din by måste du välja ditt första **Territorium**. Varje tillgängligt startterritorium har alla de **grundresurser** du behöver för att börja bebygga det nya landet.",
		"HELP_GETTINGSTARTED_FIRSTTERRITORY_TEXT_2@2024-12-06 18:19:28": "Senare kommer du att kunna **expandera** ytterligare genom att köpa nya **Territorier**.",
		"HELP_GETTINGSTARTED_ZONING_TEXT_1": "**Trä**-resurser kräver att du **målar** ett område som är lämpligt för **vedhuggning** med hjälp av **Målarverktyget**.",
		"HELP_BASICCONTROL_MOUSECONTROL_TEXT_1@2024-11-27 21:12:15": "Du kan interagera med knappar, byggnader och bybor med hjälp av **vänstra musknappen**.",
		"HELP_BASICCONTROL_MOUSECONTROL_TEXT_2@2024-11-27 21:12:26": "Du kan stänga vilket fönster som helst genom att **högerklicka** på det.",
		"HELP_BASICCONTROL_CAMERAMOVEMENT_TEXT_1@~2024-11-27 21:12:44": "Du kan flytta spelkameran genom att **flytta musen till skärmens kant** eller genom att använda kortkommandon som definieras i **inställningsmenyn** (W, A, S och D som standard).",
		"HELP_BASICCONTROL_CAMERAMOVEMENT_TEXT_2@2024-11-27 21:12:50": "Du kan också flytta spelkameran genom att trycka på CTRL och klicka på mittmusen.",
		"HELP_BASICCONTROL_CAMERAZOOM_TEXT_1@2024-11-27 21:13:10": "Du kan zooma in och ut genom att **rulla mittmusen upp och ner** eller genom att använda kortkommandon som definieras i **inställningsmenyn** (Page Up och Down som standard).",
		"HELP_BASICCONTROL_CAMERAANGLE_TEXT_1@2024-11-27 21:13:30": "Du kan ändra kameravinkeln genom att **trycka på musens mittknapp och flytta musen**, eller genom att använda kortkommandon som definieras i **Inställningsmenyn** (Q, U, R och F som standard).",
		"HELP_VILLAGEBASIC_SETTLINGDOWN_TEXT_1@2024-11-27 21:13:45": "För att börja bygga din by måste du välja ditt första **Territorium**.",
		"HELP_VILLAGEBASIC_SETTLINGDOWN_TEXT_2@2024-11-27 21:13:57": "Varje tillgängligt startterritorium har alla **grundresurser** du behöver.",
		"HELP_VILLAGEBASIC_SETTLINGDOWN_TEXT_3@2024-11-28 19:14:08": "När du har valt ditt startterritorium måste du placera ut ditt **bycentrum**.",
		"HELP_VILLAGEBASIC_SETTLINGDOWN_TEXT_4@2024-11-28 16:20:32": "Den kommer att fungera som en **lagringsplats** för dina initiala resurser tills mer lämpliga lagringsalternativ blir tillgängliga.",
		"HELP_VILLAGEBASIC_BUILDERS_TEXT_1@2024-11-27 21:15:58": "Byggnader väljs från **Byggmenyn** i **Åtgärdsmodulen**.",
		"HELP_VILLAGEBASIC_BUILDERS_TEXT_2@~2024-11-27 21:16:11": "Du kan **flytta** och **rotera** byggnader innan du börjar bygga dem.",
		"HELP_VILLAGEBASIC_BUILDERS_TEXT_3@2024-12-06 18:19:28": "När byggandet påbörjas kommer **Byggare** att **transportera** de **nödvändiga resurserna** från lager till byggarbetsplatser.",
		"HELP_VILLAGEBASIC_BUILDERS_TEXT_4@~2024-11-28 02:05:53": "Byggnaderna har sina byggresurser indelade i **Buntar**, vilket påverkar **ordningen** i vilken resurserna transporteras till byggarbetsplatserna.",
		"HELP_VILLAGEBASIC_BUILDERS_TEXT_5@~2024-11-28 16:22:00": "När alla resurser i en bunt har **samlats** på byggarbetsplatsen kommer en **Byggare** att tilldelas för att **konstruera** byggnaden.",
		"HELP_VILLAGEBASIC_ASSIGNINGWORKERS_TEXT_1@~2024-11-27 21:19:28": "Det finns flera sätt att tilldela bybor till **Arbetsplatser** eller **Arbetsroller**.",
		"HELP_VILLAGEBASIC_ASSIGNINGWORKERS_TEXT_2@2024-12-06 18:19:28": "Genom att **klicka på \"+\"-knappen** i arbetsplatsfönstret. Detta kommer snabbt att tilldela en bybo till en arbetsplats.",
		"HELP_VILLAGEBASIC_ASSIGNINGWORKERS_TEXT_3@~2024-11-28 16:14:53": "Genom att **klicka på en arbetsplats**. Detta gör att du kan tilldela en specifik bybo.",
		"HELP_VILLAGEBASIC_ASSIGNINGWORKERS_TEXT_4@~2024-11-28 16:14:58": "Genom att **tilldela ett specifikt jobb** till en specifik bybo. Denna bybo kommer att tilldelas en motsvarande arbetsplats med en tillgänglig arbetsplats.",
		"HELP_VILLAGEBASIC_ASSIGNINGWORKERS_TEXT_5@2024-12-06 18:19:28": "Du kan när som helst **avanmäla bybor** från jobb och arbetsplatser.",
		"HELP_VILLAGEBASIC_PAINTTOOL_TEXT_1@2024-12-06 18:19:28": "**Målarverktyget** används för att markera zoner för olika ändamål, t. ex. vedhuggning, eller för att styra var dina bybor kan bygga sina hem.",
		"HELP_VILLAGEBASIC_PAINTTOOL_TEXT_2@2024-12-06 18:19:28": "Du kan välja en **Rund pensel** eller **Fyrkantspensel** från Målarmenyn i åtgärdsmodulen.",
		"HELP_VILLAGEBASIC_PAINTTOOL_TEXT_3@2024-12-06 18:19:28": "**Ta bort färg** genom att högerklicka och dra över den zon du vill radera.",
		"HELP_VILLAGEBASIC_PAINTTOOL_TEXT_4@2024-11-27 21:22:27": "**Öka** och **Minska** penselstorleken med hjälp av kortkommandon som definieras i **Inställningsmenyn** (CTRL som standard).",
		"HELP_VILLAGEBASIC_PAINTTOOL_TEXT_5@2024-11-27 21:22:41": "Vissa färgverktyg är **exklusiva för en viss byggnad**, till exempel åkermark till veteodlingen och återplanteringsområde till skogsarbetarlägret.",
		"TOPIC_TIP_ASSIGNING_WORKERS_1@~2024-11-21 14:29:08": "Klicka på **+-knappen** i byggnadspanelen för att automatiskt **tilldela den närmaste bybon** till en **arbetsplats**.",
		"HELP_RESOURCES_EXTRACTION_TEXT_1@~2024-11-27 23:17:35": "Resurser som **Sten**, **Fisk** och **Bär** samlas in genom att **bygga motsvarande arbetsplats** nära deras miljöplats.",
		"HELP_RESOURCES_EXTRACTION_TEXT_2@2024-11-27 23:17:41": "Andra resurser, som **Virke** och **Vildsvin**, kräver att du **bygger en arbetsplats** i närheten och **målar ett område** som anger vilka resurser som ska samlas in.",
		"HELP_RESOURCES_EXTRACTION_TEXT_3@~2024-11-27 21:34:44": "De flesta miljöresurser är beroende av sin omgivning för att existera; **förändring av miljön** kommer att påverka deras antal.",
		"HELP_RESOURCES_EXTRACTION_TEXT_4@~2024-11-27 21:34:58": "Se till att de resurser du vill samla in finns **inom dina territorier**.",
		"HELP_RESOURCES_TRANSPORT_TEXT_1@~2024-11-27 21:35:08": "När en resurs har producerats kan den transporteras till **lagret** för vidare användning.",
		"HELP_RESOURCES_TRANSPORT_TEXT_2@2024-12-06 18:19:28": "Förrådsbyggnader som **Spannmålslager** och **Lagerbyggnad** kan underlätta förflyttning av resurser mellan olika arbetsplatser i en produktionskedja.",
		"HELP_RESOURCES_REFINING_TEXT_1@2024-12-06 18:19:28": "Vissa arbetsplatser **omvandlar eller förädlar resurser till något annat**.",
		"HELP_RESOURCES_REFINING_TEXT_2@2024-11-27 21:36:49": "Till exempel förvandlar **Sågverket** **Virke** till **Plankor**.",
		"HELP_RESOURCES_REFINING_TEXT_3@2024-12-06 18:19:28": "Bybor som tilldelats dessa arbetsplatser kommer **att börja med att hämta de resurser** som krävs för omvandlingen. Alla nödvändiga resurser måste först samlas in innan **produktionen kan påbörjas**.",
		"HELP_RESOURCES_DISTRIBUTION_TEXT_1@2024-12-06 18:19:28": "Vissa resurser måste lagras på specifika arbetsplatser för att kunna konsumeras, t.ex. bär som lagras i ett **matstånd** på en **marknad**.",
		"HELP_RESOURCES_DISTRIBUTION_TEXT_2@2024-12-06 18:19:28": "När resursen har lagrats kommer den så småningom att förbrukas av bybor som vill fylla det behovet.",
		"HELP_MONUMENTBASIC_CREATINGMONUMENTS_TEXT_0_1@2024-12-06 18:19:28": "**Monument** representerar storheten i din by. De är en **samling** av flera **byggnader** som kallas **underbyggnader**, var och en med sin egen funktion.",
		"HELP_MONUMENTBASIC_CREATINGMONUMENTS_TEXT_1@2024-12-06 18:19:28": "Det första steget för att skapa ett **Monument** är att välja en första **Underbyggnad** som du vill lägga till och sedan utforma den som du skulle göra för en **Flerdelad byggnad**.",
		"HELP_MONUMENTBASIC_CREATINGMONUMENTS_TEXT_2@2024-12-06 18:19:28": "Varje delbyggnad måste uppfylla **konstruktionskrav** för att säkerställa att byggnaden kan fungera.",
		"HELP_MONUMENTBASIC_CREATINGMONUMENTS_TEXT_3@2024-12-06 18:19:28": "Du behöver inte fundera på vilken **underbyggnad** du ska bygga först, eftersom du kan **lägga till** så många underbyggnader du vill och sedan **redigera** dem i efterhand.",
		"HELP_MONUMENTBASIC_EDITINGMONUMENTS_TEXT_1@~2024-11-27 21:40:55": "Du kan redigera alla konstruerade byggnader genom att trycka på knappen **Redigera byggnad**:",
		"HELP_MONUMENTBASIC_EDITINGMONUMENTS_TEXT_2@2024-12-06 18:19:28": "Du kan **flytta** och **rotera** alla byggnadsdelar.",
		"HELP_MONUMENTBASIC_EDITINGMONUMENTS_TEXT_3@2024-12-06 18:19:28": "Vissa byggnadsdelar kan **skalas upp och ner**.",
		"HELP_MONUMENTBASIC_EDITINGMONUMENTS_TEXT_4@2024-12-06 18:19:28": "Byggnader med flera delar kan **förbättras ytterligare med nya delar**.",
		"HELP_MONUMENTBASIC_EDITINGMONUMENTS_TEXT_5@2024-11-28 16:24:44": "Monumenten kan **förbättras** med **ytterligare delar** och **underbyggnader**.",
		"HELP_MONUMENTBASIC_EDITINGMONUMENTS_TEXT_6@2024-12-06 18:19:28": "Genom att dubbelklicka på en byggnadsdel kan du välja alla **anslutna delar** samtidigt.",
		"HELP_MONUMENTBASIC_MONUMENTPREVIEW_TEXT_1@2024-11-27 21:42:25": "**Planerade konstruktioner** som inte har påbörjats är **alltid synliga**.",
		"HELP_MONUMENTBASIC_MONUMENTPREVIEW_TEXT_2@2024-11-28 16:25:07": "**Byggnader under uppförande** syns endast i **Redigera byggnad-läget** eller genom att växla mellan lagret **Förhandsvisa konstruktion** i **Synlighetspanel**, som finns i det övre vänstra hörnet av skärmen.",
		"HELP_MONUMENTBASIC_MONUMENTEFFECT_TEXT_1@2024-11-28 16:24:59": "De flesta byggnader har en **Underhållskostnad** som påverkar din **Budget**.",
		"HELP_MONUMENTBASIC_MONUMENTEFFECT_TEXT_2@2024-11-27 21:44:43": "Egendomsrelaterade dekorationer och vissa avancerade byggnader kan också ge **Prakt**.",
		"HELP_MONUMENTBASIC_MONUMENTEFFECT_TEXT_3@2024-12-06 18:19:28": "Monuments underbyggnader har också en specifik **Storlek** som baseras på de byggnadsdelar som den innehåller.",
		"HELP_MONUMENTBASIC_MONUMENTEFFECT_TEXT_4@~2024-11-27 21:45:29": "Varje byggnad har en specifik **Funktion**, som ofta varierar beroende på dess **Storlek**. Till exempel kan ett stort skattekontor ha fler bybor tilldelade än ett litet.",
		"HELP_CONSTRUCTIONREQ_PARTREQ_TEXT_1@2024-12-06 18:19:28": "Varje byggnad har ett **delkrav** beroende på dess **funktion**. Till exempel:",
		"HELP_CONSTRUCTIONREQ_PARTREQ_TEXT_2@~2024-11-28 16:15:37": "Marknaden kräver ett Marknadsstånd.",
		"HELP_CONSTRUCTIONREQ_PARTREQ_TEXT_3@~2024-11-28 16:15:51": "**Den stora hallen** kräver ett **rum** och en **besöksplats**.",
		"HELP_CONSTRUCTIONREQ_PARTREQ_TEXT_4@~2024-11-28 16:16:00": "Den **rustika kyrkan** behöver ett **rum** och ett **klocktorn**.",
		"HELP_CONSTRUCTIONREQ_PARTREQ_TEXT_5@~2024-11-27 21:54:32": "Du hittar de delar som behövs genom att bläddra i respektive flik i **Byggmenyn**.",
		"HELP_CONSTRUCTIONREQ_INTERIORACCESS_TEXT_1@~2024-11-27 21:54:42": "De flesta underbyggnader till monument och flerdelade byggnader kräver **Interiöråtkomst**.",
		"HELP_CONSTRUCTIONREQ_INTERIORACCESS_TEXT_2@2024-11-27 21:54:57": "**Varje ansluten dörr** kan leda till **varje anslutet rum** av underbyggnader från samma monument.",
		"HELP_CONSTRUCTIONREQ_INTERIORACCESS_TEXT_3@~2024-11-28 16:25:58": "En **grön markering** på Interior Access betyder att den **ansluter** till entréer, medan **röd** betyder att den **inte gör det**.",
		"HELP_CONSTRUCTIONREQ_FORTIFICATION_TEXT_1@2024-12-06 18:19:28": "Vissa byggnader kräver **Fortifikation**-täckning som ett konstruktionskrav.",
		"HELP_CONSTRUCTIONREQ_FORTIFICATION_TEXT_2@2024-11-27 21:55:50": "Kyrkor och herrgårdar **torn** ger **små befästningsområden**.",
		"HELP_CONSTRUCTIONREQ_FORTIFICATION_TEXT_3@2024-11-27 21:56:09": "Defensiva **Murar** och **Vakttorn** ger mycket **större befästningsområden**.",
		"HELP_CONSTRUCTIONREQ_FORTIFICATION_TEXT_4@2024-12-06 18:19:28": "Vissa underbyggnader, till exempel **Skattekontoret**, kan **samtidigt kräva och tillhandahålla befästning**.",
		"HELP_VILLAGERS_NEEDS_TEXT_1@2024-11-27 21:56:55": "Varje medlem i din by vill tillfredsställa **Väsentliga behov** och **Ytterligare behov**.",
		"HELP_VILLAGERS_NEEDS_TEXT_2@2024-11-27 21:57:13": "Uppfyll **Väsentliga behov** när det är möjligt. Om de lämnas obesvarade kommer de att tillämpa **Glädje-straff** och dina bybor kan **lämna**.",
		"HELP_VILLAGERS_NEEDS_TEXT_3@2024-11-27 21:57:30": "**Ytterligare behov** kan uppfyllas i din egen takt, men efter att ha uppfyllts minst en gång kommer de att tillämpa **Glädje-straff** om de lämnas obesvarade.",
		"HELP_VILLAGERS_NEEDS_TEXT_4@2024-11-28 01:15:36": "Byborna uppfyller sina behov genom att **konsumera resurser**, till exempel bär för **behov av rustik mat**, eller **besöka byggnader**, till exempel kyrkor för **Tjänstebehov**.",
		"HELP_VILLAGERS_NEEDS_TEXT_5@2024-12-06 18:19:28": "Kontrollera detaljerna genom att **hålla muspekaren över varje behov** i **fönstret för visualisering**.",
		"HELP_VILLAGERS_HAPPINESS_TEXT_1@~2024-11-27 21:58:22": "Varje **uppfyllt behov** bidrar till den totala **lyckan** hos dina bybor.",
		"HELP_VILLAGERS_HAPPINESS_TEXT_2@2024-12-06 18:19:28": "Byns **övergripande Lycka** visas på **Byborsmodulen** högst upp på skärmen. Genom att **hovra** över denna modul kan du se vilka behov som för närvarande är **bristande**.",
		"HELP_VILLAGERS_HAPPINESS_TEXT_3@2024-11-27 21:58:58": "Att bibehålla **hög** lycka ger flera fördelar:",
		"HELP_VILLAGERS_HAPPINESS_TEXT_4@2024-11-27 21:59:08": "Det uppmuntrar fler bybor att **immigrera**.",
		"HELP_VILLAGERS_HAPPINESS_TEXT_5@2024-11-27 21:59:48": "Det gör att du kan ta ut **högre skatter** från byborna.",
		"HELP_VILLAGERS_HAPPINESS_TEXT_6@~2024-11-28 17:22:06": "Å andra sidan kan ** olyckliga** bybor **lämna din by** istället.",
		"HELP_VILLAGERS_IMMIGRATION_TEXT_1@2024-12-06 18:19:28": "Din **befolkning** ökar genom **invandring**, som påverkas av två faktorer:",
		"HELP_VILLAGERS_IMMIGRATION_TEXT_2@2024-11-27 22:00:32": "**Lycka**, som förbättras genom att uppfylla bybornas behov.",
		"HELP_VILLAGERS_IMMIGRATION_TEXT_3@~2024-11-27 22:00:41": "**Sysselsättning**, som förbättras genom att så många bybor som möjligt får jobb.",
		"HELP_VILLAGERS_IMMIGRATION_TEXT_4@2024-11-27 22:01:11": "Var **några dagar** kommer nykomlingar att **invandra** och begära en audiens hos dig. Om du **välkomnar** dem, ansluter de sig till din by som **Serfs**.",
		"HELP_VILLAGERS_IMMIGRATION_TEXT_5@2024-11-28 19:14:25": "**Nykomlingar kommer att vänta** på ditt Bycentrum i några dagar. Om du inte låter dem ansluta sig kommer de så småningom att **gå vidare**.",
		"HELP_HOUSING_HOUSINGAREA_TEXT_1@2024-11-27 22:01:50": "**Hus** byggs automatiskt av dina bybor inom **Bostadsområden** som du har **målat** i förväg.",
		"HELP_HOUSING_HOUSINGAREA_TEXT_2@~2024-11-27 22:02:12": "För att markera ett **bostadsområde** klickar du på ikonen **Paint Brush** i Action Module, väljer **Residential paint brush** och **målar** den önskade marken.",
		"HELP_HOUSING_HOUSINGAREA_TEXT_3@2024-11-27 22:02:27": "Se till att dessa **zoner** är rymliga och ligger i nära anslutning till de boendes **arbetsplatser** och **behov**.",
		"HELP_HOUSING_SAFETY_TEXT_1@2024-11-27 22:02:47": "För att **förbättra boendetätheten** måste byborna ha sina hus inom **Fortifikationsavstånd** och **Patrulltäckning**.",
		"HELP_HOUSING_SAFETY_TEXT_3@~2024-11-27 22:03:12": "**Fortifiering** ges till byggnader som ligger **inom fortifieringsområden** för **torn**, **vakttorn** och **murar**.",
		"HELP_HOUSING_SAFETY_TEXT_4@2024-11-27 22:03:36": "**Patrulltäckning** erhålls genom att tilldela bybor till vaktposter som **Patruller** och måla **Patrullområden** på hus inom befästningsavstånd.",
		"HELP_HOUSING_SAFETY_TEXT_5@~2024-11-27 22:03:52": "**Soldater** utför även patrullering när deras kompanier är tilldelade **Patrulleringstjänst**.",
		"HELP_WEALTH_INCOMES_TEXT_1@~2024-11-28 16:26:51": "Varje **Estate** erbjuder sätt att generera **förmögenhet**:",
		"HELP_WEALTH_INCOMES_TEXT_2@~2024-11-28 16:27:01": "**Arbete** fokuserar på olika alternativ för **beskattning**.",
		"HELP_WEALTH_INCOMES_TEXT_3@2024-11-28 16:27:13": "**Kingdom** fokuserar på **resursbelöningar** från **militära uppdrag**.",
		"HELP_WEALTH_INCOMES_TEXT_4@~2024-11-28 16:27:22": "**Prästerskap** fokuserar på **produktion** och **handel med värdefulla resurser**.",
		"HELP_WEALTH_INCOMES_TEXT_5@~2024-11-27 22:04:36": "Tillsammans med vanliga inkomster:",
		"HELP_WEALTH_INCOMES_TEXT_6@2024-11-27 22:04:52": "**Trading** överskott kan generera intäkter **genom hela spelet**.",
		"HELP_WEALTH_INCOMES_TEXT_7@2024-11-27 22:05:04": "**Evenemang** ibland **belöna mynt**.",
		"HELP_WEALTH_INCOMES_TEXT_8@2024-11-27 22:05:21": "**Uttaxeringsmandatet** ger ett **snabbt sätt** att samla in **medel**.",
		"HELP_WEALTH_COSTS_TEXT_1@~2024-11-27 22:05:29": "Mynt kan användas för olika användbara element:",
		"HELP_WEALTH_COSTS_TEXT_2@2024-12-06 18:19:28": "Betala **arbetsplatsens** kostnader i förskott",
		"HELP_WEALTH_COSTS_TEXT_3@2024-12-06 18:19:28": "Betalning av **inredningskostnader** i förskott",
		"HELP_WEALTH_COSTS_TEXT_4@2024-11-27 22:06:06": "Inköp av **resurser** från handlare",
		"HELP_WEALTH_COSTS_TEXT_5@2024-11-27 22:06:14": "Inköp **Territorier**",
		"HELP_WEALTH_COSTS_TEXT_6@2024-11-27 22:06:22": "Tjäna nya **Unlockables**",
		"HELP_WEALTH_COSTS_TEXT_7@2024-11-27 22:06:29": "Att anta **Mandat**",
		"HELP_WEALTH_COSTS_TEXT_8@2024-11-27 22:06:45": "Tillgång till särskilda **Quest**-alternativ",
		"HELP_WEALTH_UPKEEPS_TEXT_1@~2024-11-28 16:27:59": "Arbetsplatser, monument och territorier har **underhållskostnader** i **mynt**. Dessa ökar i takt med att din by utvecklas:",
		"HELP_WEALTH_UPKEEPS_TEXT_2@~2024-11-28 16:28:33": "**Arbetsplatser** **på hög nivå** är dyrare än **på låg nivå**.",
		"HELP_WEALTH_UPKEEPS_TEXT_3@2024-11-28 16:28:21": "**Monument** är dyrare ju större **Storlek** och **Prakt** de ger.",
		"HELP_WEALTH_UPKEEPS_TEXT_4@2024-12-06 18:19:28": "Ju fler **Territorier** du förvärvar, desto större **Upprätthållande** har varje **Territorium**.",
		"HELP_WEALTH_TREASURY_TEXT_1@2024-11-27 22:12:27": "Du kan **utöka** din maximala **myntmängd** genom att bygga en **skattkammare** i ett av **monumenten**.",
		"HELP_WEALTH_TREASURY_TEXT_2@~2024-11-28 17:28:11": "Den **Treasury Capacity** beror på den relevanta **Storleken** på dess **Sub-Building**.",
		"HELP_BOOKBASIC_OVERVIEW_TEXT_1@2024-11-27 23:22:52": "På **Översiktssidan** finns allmän information om din by. Den ger dig möjlighet att:",
		"HELP_BOOKBASIC_OVERVIEW_TEXT_2@2024-12-06 18:19:28": "Visa och redigera din **Titel**, **Namn** och **Byns namn**",
		"HELP_BOOKBASIC_OVERVIEW_TEXT_3@~2024-11-27 23:20:33": "Anpassa din **Heraldry**",
		"HELP_BOOKBASIC_OVERVIEW_TEXT_4@~2024-11-27 23:20:44": "Granska dina **Aspirationsmål**, om sådana finns",
		"HELP_BOOKBASIC_MANAGEMENT_TEXT_1@2024-12-06 18:19:28": "Från sidorna **Resurser**, **Bybor** och **Byggnader** i **Kungaboken** kan du få tillgång till listor som ger dig en bättre överblick över din by:",
		"HELP_BOOKBASIC_MANAGEMENT_TEXT_2@2024-12-06 18:19:28": "**På Resurssidan** kan du kontrollera hur många av varje resurs du har och du kan **Favoritera**, **Spåra** och **Lagra** dem.",
		"HELP_BOOKBASIC_MANAGEMENT_TEXT_3@2024-12-06 18:19:28": "**Sidan för bybor** låter dig **sortera din befolkning** efter status, namn, jobb, lycka och aktuella frågor. Den hjälper dig också att **spåra** deras position, hem och arbete.",
		"HELP_BOOKBASIC_MANAGEMENT_TEXT_4@2024-12-06 18:19:28": "**På byggnadssidan** kan du **sortera dina arbetsplatser** efter namn, arbetare och status. Du kan också **hantera arbetare och produktion**.",
		"HELP_BOOKBASIC_BUDGET_TEXT_1@2024-11-27 23:26:23": "Du kan granska dina **månadsinkomster** och **utgifter** på **Budgetsidan**.",
		"HELP_BOOKBASIC_BUDGET_TEXT_2@2024-12-06 18:19:28": "**Löner** och **Underhåll** Mynt **ackumuleras** progressivt** allteftersom dagarna går.",
		"HELP_BOOKBASIC_BUDGET_TEXT_3@2024-11-27 23:25:46": "**Rewards**, **sales** och **purchases** läggs till på en gång.",
		"HELP_BOOKBASIC_BUDGET_TEXT_4@2024-12-06 18:19:28": "Se till att besöka **Budgetsidan** ofta, eftersom den bara visar **aktuell månad** och **en månad tidigare**.",
		"HELP_BOOKBASIC_LOGS_TEXT_1@2024-11-27 23:26:16": "På **Logg-sidan** kan du kontrollera **allt** som har hänt i din by sedan **starten**:",
		"HELP_BOOKBASIC_LOGS_TEXT_2@2024-11-27 23:26:39": "Råd och uppdrag",
		"HELP_BOOKBASIC_LOGS_TEXT_3": "Milstolpe uppnådd",
		"HELP_BOOKBASIC_LOGS_TEXT_4": "Månatlig budgetrapport",
		"HELP_BOOKBASIC_LOGS_TEXT_5": "Färdigställda konstruktioner",
		"HELP_BOOKBASIC_LOGS_TEXT_6": "Inkommande nykomlingar",
		"HELP_BOOKBASIC_LOGS_TEXT_7@2024-11-27 23:27:01": "Inköp och försäljning via handelsvägar",
		"HELP_TRADING_TRADEROUTES_TEXT_1@~2024-11-27 23:27:34": "**Handelsvägar** låses upp i Kungaboken genom att **spendera resurser**.",
		"HELP_TRADING_TRADEROUTES_TEXT_2@2024-11-28 16:30:37": "När den är upplåst kommer en handlare att besöka din by **med några veckors mellanrum** och handla med de resurser du har listat för **köp** och **försäljning**.",
		"HELP_TRADING_BUYINGSELLING_TEXT_1@2024-12-06 18:19:28": "När en **handelsväg** med en **grannby** har låsts upp kan du **köpa** eller **sälja** de specifika resurser som de tillhandahåller eller letar efter.",
		"HELP_TRADING_BUYINGSELLING_TEXT_2@2024-11-27 23:28:36": "När du har definierat en resurs som du vill köpa eller sälja måste du ange den **kvantitet** av resurser som du vill **ha i lager**.",
		"HELP_TRADING_BUYINGSELLING_TEXT_3@2024-11-28 16:31:06": "Se till att de handlade resurserna är **tilldelade** till **förrådsbyggnader**.",
		"HELP_TRADING_BUYINGSELLING_TEXT_4@2024-11-28 16:31:24": "**Handlare** kommer sedan att **besöka** din by **regelbundet** för att söka upp dessa förråd.",
		"HELP_TRADING_TRADEROUTEUPGRADE_TEXT_1@2024-11-28 16:17:48": "Den **volym** en handlare kan köpa eller sälja är **begränsad** per resurs, per besök.",
		"HELP_TRADING_TRADEROUTEUPGRADE_TEXT_2@2024-11-28 16:18:12": "När tillräckligt med resurser har handlats över tid kommer du att få tillgång till ett **mandat** för att **uppgradera handelsvägen**.",
		"HELP_TRADING_TRADEROUTEUPGRADE_TEXT_3@2024-12-06 18:19:28": "**Genomförandet** av detta uppdrag kommer att **öka** **volymen** av resurser som **köps** och **säljs** genom denna handelsväg.",
		"HELP_MANDATES_YOURMANDATES_TEXT_1@~2024-11-27 23:30:03": "Genom att bygga en **Great Hall** får du tillgång till **Mandates**, som är uppgifter som förbättrar din by.",
		"HELP_MANDATES_YOURMANDATES_TEXT_2@~2024-11-27 23:30:14": "Du kan själv utföra följande uppdrag:",
		"HELP_MANDATES_YOURMANDATES_TEXT_3@2024-12-06 18:19:28": "**Uttaxera mynt** från dina bybor på bekostnad av ett tillfälligt **Lyckostraff**.",
		"HELP_MANDATES_YOURMANDATES_TEXT_4@~2024-11-28 16:32:10": "**Promotera** dina **bybor**, **stridande** och **monastiker** till en **högre status** - till en viss kostnad.",
		"HELP_MANDATES_RIGHTHAND_TEXT_1@~2024-11-28 16:16:41": "Varje **Stränd** låter dig **nominera** en medlem av din by för att utföra speciella **Mandat**:",
		"HELP_MANDATES_RIGHTHAND_TEXT_2@2024-11-28 16:16:51": "En **bybo** kan nomineras till **arbetskraft**-positionen som **Fogde**.",
		"HELP_MANDATES_RIGHTHAND_TEXT_3@~2024-11-28 16:17:01": "En **Monastiker** kan nomineras till **Präst**-positionen som **Monastisk emissarie**.",
		"HELP_MANDATES_RIGHTHAND_TEXT_4@~2024-11-28 16:17:11": "En **bybo** kan nomineras till **Kungarike**-positionen som **Kunglig hovman**.",
		"HELP_MANDATES_RIGHTHANDMANDATES_TEXT_1@~2024-11-27 23:31:58": "Du kan utföra ytterligare **Strändrelaterade mandat** genom att nominera en medlem av din by:",
		"HELP_MANDATES_RIGHTHANDMANDATES_TEXT_2@~2024-11-28 16:33:09": "**Prospektera mineral** låter dig upptäcka resurser som finns i närliggande **Mineraldepåer**.",
		"HELP_MANDATES_RIGHTHANDMANDATES_TEXT_3@~2024-11-28 16:33:14": "**Revidera ett förordnande/privilegie** låter dig ändra en fastställd **Förordnande/Privilegie**.",
		"HELP_MANDATES_RIGHTHANDMANDATES_TEXT_4@~2024-11-28 16:33:20": "**Inflytande på en stränd** kan du tjäna **Inflytande** i utbyte mot **Mynt**.",
		"HELP_MANDATES_RIGHTHANDMANDATES_TEXT_5@2024-12-06 18:19:28": "**Välkomna almoge/milismän/noviser** låter nya **bybor**, **monastiker** eller **kombatanter** immigrera i utbyte mot **Inflytande**.",
		"HELP_MANDATES_RIGHTHANDMANDATES_TEXT_6@2024-12-06 18:19:28": "**Uteslut sysslolösa monastiker** får arbetslösa **Monastiker** att **lämna** byn.",
		"HELP_MANDATES_PROSPECTION_TEXT_1@~2024-11-28 16:33:48": "Varje **karta** har flera **mineraldepåer** som innehåller **okända resurser**.",
		"HELP_MANDATES_PROSPECTION_TEXT_2@2024-11-27 23:33:23": "Genom att prospektera dem med det relevanta mandatet **avslöjas de resurser** som de innehåller.",
		"HELP_MANDATES_PROSPECTION_TEXT_3@2024-11-28 01:35:17": "Detta uppdrag kan endast utföras av **Fogde** och **Kunglig hovman**.",
		"HELP_MANDATES_PROSPECTION_TEXT_4@2024-11-28 16:33:56": "**Mineraldepåer** måste vara **nåbara** för att deras Mandat ska vara tillgängligt. Du kan behöva bygga en bro över en flod eller över en klippa.",
		"HELP_MANDATES_PROSPECTION_TEXT_5@2024-12-06 18:19:28": "När mineralfyndigheten är **prospekterad** klickar du på den och bygger en **källare** ovanpå för att samla in resursen.",
		"HELP_PROGRESSION_PROGRESSIONMENU_TEXT_1@~2024-11-27 23:34:49": "Vissa **byggnader** är inte tillgängliga i början av spelet. Du måste **låsa upp** dem från **Framstegsskärmen**.",
		"HELP_PROGRESSION_PROGRESSIONMENU_TEXT_2@2024-11-27 23:35:09": "För att låsa upp dem krävs att du når deras **Nivå**, vilket kan kräva ett visst antal **Välstånd** och **Strändprakt**.",
		"HELP_PROGRESSION_PROGRESSIONMENU_TEXT_3@~2024-11-27 23:35:24": "Väl där måste du betala en viss summa **Mynt** eller **Inflytande** för att låsa upp dem för din by.",
		"HELP_PROGRESSION_PROSPERITY_TEXT_1@2024-11-27 23:35:40": "**Välstånd** är den övergripande poängen för din by och ditt främsta riktmärke för **framsteg**.",
		"HELP_PROGRESSION_PROSPERITY_TEXT_2@~2024-11-27 23:35:51": "Välstånd beror på **flera faktorer**:",
		"HELP_PROGRESSION_PROSPERITY_TEXT_3@~2024-11-28 16:34:29": "**Rikedom** är din månatliga intäkt i **Mynt**",
		"HELP_PROGRESSION_PROSPERITY_TEXT_4@~2024-11-28 16:34:34": "**Territorium** är ditt antal ägda **Territorier**",
		"HELP_PROGRESSION_PROSPERITY_TEXT_5@~2024-11-28 16:34:39": "**Handel** är dina **handelsvägar** och deras **kvalitet**",
		"HELP_PROGRESSION_PROSPERITY_TEXT_6@2024-12-06 18:19:28": "**Befolkning** är din bys **invånare** och deras **status**",
		"HELP_PROGRESSION_PROSPERITY_TEXT_7@2024-11-28 16:36:44": "**Prakt** är ditt totala belopp av **Prakt** per **Stränd**",
		"HELP_PROGRESSION_PROSPERITY_TEXT_8@~2024-11-28 16:36:49": "**Försköning** är **skönheten** i din by",
		"HELP_PROGRESSION_SPLENDOR_TEXT_1@2024-12-06 18:19:28": "**Prakt** är ett värde som erhålls genom att bygga **Dekorationer** och imponerande **Monument**.",
		"HELP_PROGRESSION_SPLENDOR_TEXT_2@2024-11-28 16:37:31": "**Prakten** för följande **Stränder** kan **ökas** på följande sätt:",
		"HELP_PROGRESSION_SPLENDOR_TEXT_3@2024-12-06 18:19:28": "**Arbetskraftsprakt** från **Arbetsplatsförbättringar**, **Herrgårdar**, **Marknader** och **Värdshus**",
		"HELP_PROGRESSION_SPLENDOR_TEXT_4@2024-11-28 16:37:44": "**Kungarikesprakt** från **Slott**",
		"HELP_PROGRESSION_SPLENDOR_TEXT_5@2024-11-28 16:37:49": "**Prästerskapets prakt** från **kyrkor** och **kloster**",
		"HELP_PROGRESSION_SPLENDOR_TEXT_6@2024-11-28 16:38:04": "**Prakt** ges i större mängd ju mer **imponerande** en byggnads **del** eller **dekoration** är.",
		"HELP_PROGRESSION_INFLUENCE_TEXT_1@2024-12-06 18:19:28": "**Inflytande** - som du får genom att uppfylla **Mandat** och tjäna **Stränder** genom **Uppdrag** - representerar din övergripande ställning hos **Stränderna i riket**.",
		"HELP_PROGRESSION_INFLUENCE_TEXT_2@2024-11-28 16:38:25": "Inflytande har ett **mjukt tak**, som bestäms av din **Prakt** med samma **Egendom**, och närmar sig långsamt detta **tak** över tid.",
		"HELP_PROGRESSION_INFLUENCE_TEXT_3@2024-12-06 18:19:28": "Du kan använda en **Estate's Influence** för olika ändamål:",
		"HELP_PROGRESSION_INFLUENCE_TEXT_4@~2024-11-28 16:38:38": "För att **köpa Unlockables** från **Progression Screen**.",
		"HELP_PROGRESSION_INFLUENCE_TEXT_5@~2024-11-28 16:38:44": "Att **konkurrera med Estates** om förmåner i **Mandat** och **Quests**.",
		"HELP_LABORER_TAXATION_TEXT_1@2024-11-27 23:40:48": "**Skatt** är en typ av **inkomst** som är tillgänglig för **arbetsmarknaden**.",
		"HELP_LABORER_TAXATION_TEXT_2@~2024-11-28 16:38:54": "Du kan skicka ut **Skatteindrivare** från **Skattekontoret** för att **samla in mynt** från dina bybor.",
		"HELP_LABORER_TAXATION_TEXT_3@~2024-11-28 16:39:03": "**Vikten** för varje **Bostadsskatt** kan ställas in på **Skattesidan** i **Kungaboken**.",
		"HELP_LABORER_TAXATION_TEXT_4@2024-11-28 16:16:21": "**Höjande skatter** gör att du kan tjäna mer **Coins** på bekostnad av bybornas **Happiness**.",
		"HELP_LABORER_TAXATION_TEXT_5@2024-11-27 23:42:03": "*bybor med *högre status** innebär **högre intäkter**, medan **högre boendetäthet** innebär att fler **mynt samlas** på samma plats.",
		"HELP_RESOURCEFLOW_TRACKINGRESOURCE_TEXT_1@2024-12-06 18:19:28": "**Resource Tracker** ger dig en **realtidsvy** över var resurserna finns i din by.",
		"HELP_RESOURCEFLOW_TRACKINGRESOURCE_TEXT_3@2024-11-27 23:42:43": "För att **aktivera** resursspåraren, **högerklicka på en valfri resurs** i **resursmodulen** högst upp på skärmen.",
		"HELP_RESOURCEFLOW_STORAGES_TEXT_1@2024-12-06 18:19:28": "**Lagringsbyggnader**, som **Granary** och **Warehouse**, gör att du kan samla stora mängder resurser på ett ställe.",
		"HELP_RESOURCEFLOW_STORAGES_TEXT_2@2024-11-27 23:43:16": "**Resurslagring** är ett **obligatoriskt steg** i **handel**, eftersom handlare bara besöker dessa platser.",
		"HELP_RESOURCEFLOW_STORAGES_TEXT_3@~2024-11-27 23:43:38": "Utöver detta kan förrådsbyggnader också **förbättra resursflödet** i en by genom att **förkorta transporttiden** mellan arbetsplatserna.",
		"HELP_RESOURCEFLOW_STOCKPILING_TEXT_1@2024-11-27 23:44:05": "**Lagerhållning** kommer att **förhindra resurser** från att **transporteras**, vilket kan vara användbart när du försöker slutföra uppdrag.",
		"HELP_RESOURCEFLOW_STOCKPILING_TEXT_2@~2024-11-27 23:58:57": "Du kan **Lagerhålla** resurser direkt från **Kungaboken**. På sidan **Resurser** klickar du på knappen **Lagerhållning** till vänster om en viss resurs.",
		"HELP_RESOURCEFLOW_STOCKPILING_TEXT_3@2024-12-06 18:19:28": "Glöm inte att **inaktivera lagerhållning** efteråt, eftersom byborna är **förbjudna** att använda lagrade resurser.",
		"HELP_RESOURCEFLOW_STORAGEFUNCTIONS_TEXT_1@2024-12-06 18:19:28": "Använd **Prioriteringsknapparna** som är kopplade till olika **Förrådsbyggnader** för att använda resurserna så effektivt som möjligt.",
		"HELP_RESOURCEFLOW_STORAGEFUNCTIONS_TEXT_3@2024-12-06 18:19:28": "**Acceptera** tillåter hämtning och lagring av resurser från andra **Arbetsplatser**.",
		"HELP_RESOURCEFLOW_STORAGEFUNCTIONS_TEXT_4@~2024-11-27 23:46:06": "**Vägra** förhindrar att resurserna fylls på ytterligare.",
		"HELP_RESOURCEFLOW_STORAGEFUNCTIONS_TEXT_5@2024-12-06 18:19:28": "**Stock Maximum** gör att resurser hämtas från **Workplaces** och andra **Storage buildings**.",
		"HELP_RESOURCEFLOW_STORAGEFUNCTIONS_TEXT_6@2024-12-06 18:19:28": "**Tomt lager** förhindrar att resurser lagras ytterligare, medan andra **Transportörer** tillåts **transportera** bort dem.",
		"HELP_OPPORTUNITIES_ENVOYS_TEXT_1@~2024-11-27 23:47:06": "Din **by** är en del av en livlig värld från **medeltiden** som försöker samsas med dig.",
		"HELP_OPPORTUNITIES_ENVOYS_TEXT_2@2024-11-27 23:47:19": "Ibland kommer **Envoys** att besöka din by och erbjuda dig **Quests**.",
		"HELP_OPPORTUNITIES_ENVOYS_TEXT_3@2024-11-27 23:47:32": "Förutom **resurs**-belöningar ger uppdrag ofta **inflytande**.",
		"HELP_OPPORTUNITIES_ENVOYS_TEXT_4@2024-12-06 18:19:28": "Om du är **för upptagen** för att besvara ett ärende omedelbart, kommer det att **vara tillgängligt** under en tid.",
		"HELP_OPPORTUNITIES_CHOICES_TEXT_1@2024-11-27 23:48:07": "**Uppdrag** kräver ofta att du fattar **beslut**.",
		"HELP_OPPORTUNITIES_CHOICES_TEXT_2@~2024-11-27 23:48:26": "Du kan lära dig mer om **val** och se vad de innebär genom att **föra muspekaren** över dem. Tänk dig för innan du gör ett **löfte**!",
		"HELP_OPPORTUNITIES_CHOICES_TEXT_3@2024-11-27 23:48:56": "Om du missar eller tackar nej till ett uppdrag kommer det **att återkomma så småningom**.",
		"HELP_OPPORTUNITIES_DELIVERY_TEXT_1@2024-11-27 23:49:37": "En av de vanligaste typerna av uppdrag är **Leverans**.",
		"HELP_OPPORTUNITIES_DELIVERY_TEXT_2@2024-12-06 18:19:28": "Under leveranserna har du **begränsad tid** att **samla** och **producera** de begärda resurserna i dina **förrådsbyggnader**.",
		"HELP_OPPORTUNITIES_DELIVERY_TEXT_3@2024-11-27 23:51:37": "När du har lagrat de begärda resurserna kan du **fullborda leveransen** genom att klicka på knappen **Bekräfta** i Quest-panelen.",
		"HELP_ADVANCEDCONSTRUCTION_UNDOREDO_TEXT_1@~2024-11-27 23:51:17": "När du **planerar** eller **redigerar** en byggnad kan du alltid **återställa ej byggda modifieringar** genom att trycka på knappen **Undo**.",
		"HELP_ADVANCEDCONSTRUCTION_UNDOREDO_TEXT_2@~2024-11-27 23:51:57": "På samma sätt kan du **återställa återkallade ändringar** genom att trycka på knappen **Redo**.",
		"HELP_ADVANCEDCONSTRUCTION_UNDOREDO_TEXT_3@~2024-11-28 01:19:20": "Modifieringar är **applicerade för gott** när byggnationen påbörjas.",
		"HELP_ADVANCEDCONSTRUCTION_CONSTRUCTIONPRIORITY_TEXT_1@2024-12-06 18:19:28": "**Byggare** fördelar sin arbetstid mellan tre typer av byggnadsarbeten:  **Monument**, **Bostäder** och **Arbetsplatser**.",
		"HELP_ADVANCEDCONSTRUCTION_CONSTRUCTIONPRIORITY_TEXT_2@~2024-11-28 16:41:24": "Byggare börjar med de **första** byggnationer du påbörjade, **per typ**. Detta gör att du kan genomföra **flera byggprojekt** samtidigt **utan att monopolisera** alla **Builders** på en enda uppgift.",
		"HELP_ADVANCEDCONSTRUCTION_CONSTRUCTIONPRIORITY_TEXT_3@~2024-11-27 23:54:00": "De kommer att ** hoppa över** ett bygge när de ** saknar resurser** för att slutföra det, men de kommer att återvända till det när resurserna blir tillgängliga igen.",
		"HELP_ADVANCEDCONSTRUCTION_CONSTRUCTIONPRIORITY_TEXT_4@~2024-11-27 23:54:21": "Du kan ändra denna kö genom att använda knapparna **Prioritera byggnation** och **Pausa byggnation** som finns i **Byggfönstret** på varje byggarbetsplats.",
		"HELP_ADVANCEDCONSTRUCTION_PARTSNAPPING_TEXT_1@2024-11-28 16:41:58": "Under **planering** eller **redigering** kan du aktivera **Toggle Building Part Snap** så att delarna automatiskt kopplas ihop när de placeras nära **Snap Points**.",
		"HELP_ADVANCEDCONSTRUCTION_PARTSNAPPING_TEXT_2@2024-11-27 23:55:03": "**Om du slår av funktionen kan du placera delarna **var du vill**.",
		"HELP_ADVANCEDCONSTRUCTION_PARTSNAPPING_TEXT_3@2024-11-28 16:42:05": "**vissa delar**, t.ex. takkupor och takskorstenar, kan dock endast placeras när de är **snappade**.",
		"HELP_ADVANCEDCONSTRUCTION_PARTSCALING_TEXT_1@2024-12-06 18:19:28": "Du kan **skala upp** många byggnadsdelar och ge dem **ytterligare våningar**.",
		"HELP_ADVANCEDCONSTRUCTION_PARTSCALING_TEXT_2@2024-11-27 23:55:50": "Om du gör det kommer du att öka deras **storlek**, men också deras **konstruktionskostnad** och **underhållskostnad**.",
		"HELP_ADVANCEDCONSTRUCTION_PARTSCALING_TEXT_3@2024-11-27 23:56:06": "Med hjälp av **Part Levelling Mode** kan du justera flera delar så att de **anpassar sig till höjden** på en specifik referensdel. Detta är perfekt när du bygger i sluttningar och ojämn terräng.",
		"HELP_USERCOMFORT_UISCALING_TEXT_1@2024-12-06 18:19:28": "Om du har problem med att läsa användargränssnittet eller om det verkar för stort kan du ändra storleken genom att navigera till **Huvudmeny > Inställningar > Video > Skala användargränssnitt**.",
		"HELP_USERCOMFORT_AUDIO_TEXT_1@2024-11-27 23:56:30": "Vill du höja volymen på musiken eller tycker du att ljudmeddelandena är svåra att höra?",
		"HELP_USERCOMFORT_AUDIO_TEXT_2@2024-12-06 18:19:28": "Du kan justera olika ljudnivåer i spelet med hjälp av **Huvudmeny > Inställningar > Ljud**.",
		"HELP_USERCOMFORT_MOTIONSICKNESS_TEXT_1@2024-11-27 23:57:34": "Känner du att du blir åksjuk när du tittar på spelet?",
		"HELP_USERCOMFORT_MOTIONSICKNESS_TEXT_2@2024-11-27 23:56:57": "Försök att avaktivera trädets svängning i **Huvudmeny > Inställningar > Video > Miljörörelse**.",
		"HELP_GETTINGSTARTED_QUEST_MODULE_TEXT_1@~2024-11-27 21:00:17": "Dina **målsättningar** visas på **frågemodulen**!",
		"HELP_GETTINGSTARTED_QUEST_MODULE_TEXT_2@~2024-11-27 21:01:08": "I **Uppdragsmodul** visas dina aktuella **Målsättningar** och **Uppdrag** under hela spelet.",
		"HELP_GETTINGSTARTED_ACTION_MODULE_TEXT_1@2024-12-06 18:19:28": "De flesta åtgärder, som att **placera nya byggnader** eller **utöka ditt territorium**, kan utföras av **Åtgärdsmodulen** längst ned i mitten av skärmen.",
		"HELP_GETTINGSTARTED_ACTION_MODULE_TEXT_2@~2024-11-27 22:23:09": "Observera att alla åtgärder kanske inte är tillgängliga vid första tillfället.",
		"HELP_GETTINGSTARTED_MULTIPLE_PART_BUILDINGS_TEXT_1|HELP_GETTINGSTARTED_MULTIPLE_PARTS_BUILDINGS_TEXT_1@~2024-11-27 21:03:19": "Vissa byggnader, t.ex. **Marknaden**, har **flera delar** och kan anpassas på det sättet. ",
		"HELP_GETTINGSTARTED_MULTIPLE_PART_BUILDINGS_TEXT_2@~2024-11-27 22:15:32": "Varje del har en kostnad och kan ha en **specifik effekt**.",
		"HELP_GETTINGSTARTED_MULTIPLE_PART_BUILDINGS_TEXT_3@~2024-11-27 23:13:20": "Mer information finns i **Delbeskrivning**.",
		"HELP_GETTINGSTARTED_WORLD_GUI_TEXT_1@~2024-11-21 14:22:22": "En **bybo** vill tala med dig! Klicka på **bubblan** för att starta interaktionen.",
		"HELP_GETTINGSTARTED_BOOK_TEXT_1@2024-12-06 18:19:28": "Du har nu tillgång till **Kungaboken**!",
		"HELP_GETTINGSTARTED_BOOK_TEXT_2@2024-12-06 18:19:28": "**Kungaboken** innehåller användbar information och olika funktioner, till exempel möjligheten att upprätta **Handelsvägar** med dina grannar.",
		"HELP_GETTINGSTARTED_REFER_HELP_TEXT_1@~2024-11-27 22:16:58": "Du kan när som helst gå till **Hjälppanelen** för **avancerade ämnen** och **råd**.",
		"HELP_GETTINGSTARTED_ZONING_PER_BUILDING_TEXT_1@2025-01-30 23:32:11": "Vissa **byggnader** kräver en **utpekad zon** för att fungera, vilket du kan organisera via deras **Byggnadsfönster**.",
		"HELP_GETTINGSTARTED_TIME_CONTROL_TEXT1@2024-12-06 18:19:28": "Du kan när som helst **pausa** spelet eller justera dess **hastighet** via **Game Speed Module**.",
		"HELP_GETTINGSTARTED_HOUSE_ZONING_TEXT_1@~2024-11-21 14:22:42": "Byborna kommer automatiskt att etablera sitt hem i det **bostadsområde** som du har definierat. De kommer också att välja en plats som bäst passar deras intressen, till exempel **närheten till deras arbetsplats**.",
		"HELP_MONUMENTBASIC_IMPROVINGMONUMENTS_TEXT_1@2025-01-27 18:44:39": "Precis som vanliga byggnader kan monument **förbättras** genom att **lägga till** nya **underbyggnader** och **ändra** befintliga.",
		"HELP_MONUMENTBASIC_IMPROVINGMONUMENTS_TEXT_2@2025-01-27 18:44:39": "Du kan också **ändra** en delbyggnads funktion eller **förstöra** vilken delbyggnad du vill."
	}
}