﻿{
	"MAIN_MENU": {
		"NEW_GAME": "Nytt spel",
		"CONTINUE": "Fortsätt",
		"LOAD_GAME": "Läs in spel",
		"EDIT_SAVE_GAME_MODS": "Redigera moddar för sparfiler",
		"SAVE_GAME": "Spara spel",
		"EDIT_MODS": "Redigera Mods",
		"SELECT_MODS@~2024-06-27 14:31:13": "Välj dina mods",
		"MANAGE_MODS": "Hantera mods",
		"FETCHING_MODS_INFORMATIONS": "Hämtar modinformation...",
		"LOAD": "Ladda",
		"SAVE": "Spara",
		"DELETE": "Radera",
		"LOAD_ANYWAY": "Läs in ändå",
		"DOWNLOAD_MISSING_MODS": "Hämta ner saknade mods",
		"START_GAME_ERROR": "Fel vid spelstart",
		"START_GAME_MOD_LOADING_FAILED": "Mod '{1}' kunde inte läsas in. Kontrollera loggfiler för mer information.",
		"LOAD_GAME_ERROR": "Fel vid inläsning av spel",
		"LOAD_GAME_ERROR_MSG": "Omöjligt att läsa filen '{1}'.",
		"INCOMPATIBLE_SAVE_GAME": "Inkompatibelt sparat spel",
		"INCOMPATIBLE_SAVE_GAME_MSG": "Sparfilen är inte kompatibel med denna version av Foundation.",
		"INCOMPATIBLE_SAVE_GAME_VERSION_MSG@2024-11-06 17:21:00": "Det här sparade spelet från version {1} är inkompatibelt eftersom en version som är bättre än eller lika med {2} förväntas.",
		"INCOMPATIBLE_SAVE_GAME_VERSION_BRANCH_MSG": "Denna sparfil har sparats från en gren ({1}) som inte är kompatibel med den aktuella spelversionen ({2}).",
		"INCOMPATIBLE_WITH_PREVIEW_MSG": "Denna förhandsgranskade sparfil kan inte laddas i en icke förhandsgranskad version av Foundation.",
		"INCOMPATIBLE_PREVIEW_SAVE_GAME_MSG": "Denna förhandsgranskade spelfil är inkompatibelt med denna version av Foundation.",
		"INCOMPATIBLE_SAVE_GAME_ONLY_LOAD_PREVIEW_MSG": "Denna förhandsgranskning kan bara ladda sparfiler från samma förhandsvisning.",
		"INCOMPATIBLE_SAVE_GAME_FOR_DEMO_MSG@~2025-01-29 19:42:41": "Sparfilen är inte kompatibel med demoversionen av Foundation.",
		"WARNING_NON_PREVIEW_SAVE_GAME_OVERWRITING": "Att skriva över en icke förhandsgranskad sparfil kommer förhindra öppnandet av den i en icke förhandsgranskad version av Foundation.",
		"SAVE_GAME_TOO_RECENT@2024-11-06 17:21:00": "Sparfilen är för ny",
		"SAVE_GAME_TOO_RECENT_MSG": "Sparfilen (v{1}) är för ny för denna version av Foundation (v{2}).",
		"LOAD_GAME_MOD_WARNING": "Varning vid inläsning av spelmod",
		"LOAD_GAME_MISSING_MOD": "Mod '{1}' saknas.",
		"LOAD_GAME_MOD_LOADING_FAILED": "Inläsning av mod '{1}' misslyckades.",
		"LOAD_GAME_MODS_WILL_NOT_BE_LOADED": "Dessa mods kommer inte laddas.",
		"LOAD_GAME_WRONG_MOD_VERSION": "Mod '{1}' läses in med version {2} (tidigare {3}).",
		"LOAD_GAME_DELETE_WARNING": "Varning: sparfil raderas",
		"LOAD_GAME_DELETE_CONFIRMATION": "Sparfilen '{1}' kommer att tas bort.",
		"SAVE_GAME_OVERWRITE_WARNING": "Varning: spelfilen skrivs över",
		"SAVE_GAME_OVERWRITE_CONFIRMATION": "Sparfilen '{1}' kommer att skrivas över.",
		"NEW_SAVEGAME": "Ny sparfil",
		"NO_SAVE_GAME_FOUND": "Ingen sparfil hittades",
		"LOADING_SAVEGAME_INFO": "Läser in sparfilsinfo...",
		"ENTER_NAME_FOR_NEW_SAVEGAME": "Ange ett namn för din nya sparfil",
		"CONFIRM_AND_SAVE": "Bekräfta och spara",
		"OVERWRITE": "Skriv över",
		"X_MODS": "{1} mods",
		"MODS_REQUIRE_ATTENTION": "Vissa installerade mods kräver din uppmärksamhet.",
		"X_POPULATION": "{1} pop.",
		"RELOADING_FAILED": "Omläsning misslyckades",
		"RETRY": "Försök igen",
		"SETTINGS": "Inställningar",
		"MODS": "Moderatorer",
		"ACHIEVEMENTS": "Prestationer",
		"QUIT": "Avsluta",
		"QUIT_TO_MAIN_MENU": "Avsluta till huvudmeny",
		"QUIT_GAME": "Avsluta spelet",
		"SAVE_AND_X": "Spara och {1}",
		"BALANCING": "Balansering",
		"START_GAME": "Starta spelet",
		"OPEN_IN_BROWSER": "(Öppnas i webbläsaren)",
		"CLICK_TO_OPEN_IN_BROWSER": "(Klicka för att öppna i webbläsare)",
		"VERSION_X": "Version {1}",
		"X_FPS": "{1} bilder/s",
		"COMMUNITY_TRANSLATION": "Foundation översatts med värdefulla bidrag från spelare. Om du skulle vilja bidra till översättningen av ditt språk, besök {IMG1}",
		"DISCORD": "Discord",
		"FACEBOOK": "Facebook",
		"INSTAGRAM": "Instagram",
		"YOUTUBE@2024-11-06 17:21:00": "Youtube",
		"TWITTER@~2024-10-28 14:14:03": "X",
		"CROWDIN": "Crowdin",
		"POLYMORPH": "Polymorph",
		"REDDIT@~2024-12-02 22:05:05": "Reddit",
		"DELETE_PLAYTHROUGH_WARNING@~2024-10-23 22:51:09": "Varning: Borttagning av genomspelning",
		"DELETE_PLAYTHROUGH_CONFIRMATION@~2024-10-23 22:51:30": "Genomspelningen '{1}' kommer att raderas.",
		"OPEN_IN_EXPLORER@~2024-10-23 23:43:29": "Visa i filutforskaren",
		"ALL_SAVES_ARE_CLOUD@~2024-10-23 23:44:50": "Alla sparade spel i denna genomgång är Cloud Saves",
		"NEW_GAME_VILLAGE_DETAILS@~2024-06-27 14:14:16": "Beskriv din by",
		"NEW_GAME_DEFINE_YOUR_SET_OF_RULES@~2024-06-27 14:31:49": "Välj dina regler",
		"VILLAGE_DETAILS_NAME_TITLE@~2024-07-03 14:35:25": "Ditt namn och titel",
		"VILLAGE_DETAILS_VILLAGE_NAME_TITLE@~2024-07-03 14:49:54": "Namnet för din by",
		"VILLAGE_DETAILS_HERALDRY_TITLE@2024-11-06 17:21:00": "Din heraldik",
		"VILLAGE_DETAILS_ASPIRATION_TITLE@~2024-07-03 14:50:16": "Din bysträvan",
		"WISHLIST_NOW_ON_STEAM@~2024-10-23 15:59:14": "Önskelista nu på",
		"BUY_NOW_ON_STEAM@~2025-01-23 20:22:34": "Köp nu på",
		"RANDOMIZE_VILLAGE_NAME@~2024-10-30 17:41:27": "Slumpmässigt namn",
		"RANDOMIZE_PLAYER_NAME_TITLE@~2024-10-30 17:39:49": "Slumpmässigt namn och titel",
		"NEW_GAME_STEP_X@~2024-11-07 16:15:23": "Steg {1} - {2}",
		"SELECT_ASPIRATION@~2024-11-07 19:22:47": "Välj din strävan",
		"SKIP_ONBOARDING@~2024-11-12 12:30:45": "Hoppa över introduktion",
		"SKIP_ONBOARDING_CONFIRM@2024-11-27 04:18:23": "Är du säker på att du vill hoppa över introduktionen?",
		"EARLY_ACCESS@~2024-11-18 22:44:09": "Early Access",
		"FULL_RELEASE@~2024-11-18 22:45:49": "Fullständig utgåva",
		"CREDITS@~2024-11-23 17:00:19": "Medverkande",
		"DEMO_WIP_WARNING@2025-01-30 23:32:11": "Eftersom vi fortsätter att förfina Foundation kan denna demo innehålla mindre konstigheter eller oväntade beteenden. Tack för ditt tålamod och för att du är en del av vår utvecklingsresa!",
		"SAVE_AND_QUIT@~2024-11-28 16:08:26": "Spara och avsluta",
		"SAVE_AND_EXIT@~2024-11-28 16:44:37": "Spara och avsluta"
	},
	"MENU_LOADING_SCREEN": {
		"LOADING_STATE": "Läser in...",
		"NEXT_TIP": "Nästa tips",
		"PREVIOUS_TIP": "Föregående tips",
		"PLAY": "Spela",
		"DEFAULT_PLAYTHROUGH_NAME|DEFAULT_PLAYTHROUGHT_@~2024-04-24 20:46:42": "Inga genomspelningsbesparingar"
	},
	"MENU_SAVEGAME_COMPATIBILITY_POPUP": {
		"DEMO_POPUP_DESC_1|DEMO_POPUP_DESC@2024-11-27 04:18:23": "Kära spelare,\n\nTack så mycket för att du provade Foundation Demo. Observera att den demoversion du kommer att spela skiljer sig mycket från Early Access-versionen av spelet.",
		"DEMO_POPUP_TITLE@2024-11-27 04:18:23": "Denna demo skiljer sig från Early Access-versionen",
		"SAVEGAME_COMPATIBILITY_INFO_TITLE": "Sparfilens kompatibilitetsinformation",
		"SAVEGAME_COMPATIBILITY_INFO_FOOTER@2024-11-06 17:21:00": "Om du har några frågor om sparade spel och kompatibilitet kan du gå till vår officiella Foundation Discord-server och ställa dem. Ha det så kul!",
		"SAVEGAME_COMPATIBILITY_INFO_FOOTER_WITH_LINKS@2024-11-06 17:21:00": "Om du har några frågor om sparade spel och kompatibilitet, gå till vår officiella {1} och fråga. Ha det så kul!",
		"I_UNDERSTAND_BUTTON": "Jag förstår",
		"DO_NOT_REMIND_ME_BUTTON": "Påminn mig inte",
		"FOUNDATION_DISCORD_SERVER": "Foundation Discord-server",
		"PRIVATE_PLAYTEST_REMINDER_TITLE@~2024-06-17 16:57:56": "Information om privata speltest",
		"PRIVATE_PLAYTEST_REMINDER_NDA@2024-11-06 17:21:00": "Hej, speltestare!\n\n Som en påminnelse tillhandahålls detta speltest under ett sekretessavtal (NDA).\n\nVänligen se till att inget innehåll från speltestet delas offentligt.\n\nVi uppmuntrar dig dock att dela innehåll och diskutera speltestet i de utsedda speltestkanalerna på vår Discord-server. Var bara noga med att kontrollera att du postar i de stängda kanalerna!",
		"PRIVATE_PLAYTEST_REMINDER_FEEDBACK_FOOTER_WITH_LINKS@2024-11-06 17:21:00": "Återkoppling om spelets utveckling är enormt viktigt för oss, spelets framtid och varje enskild spelare av Foundation. \n\nNär du är redo kan du hjälpa oss vidare genom att fylla i {1}.",
		"PRIVATE_PLAYTEST_FEEDBACK_URL@~2024-06-17 17:13:10": "formulär för återkoppling av playtest",
		"PRIVATE_PLAYTEST_REMINDER_QUESTION_FOOTER_WITH_LINKS@2024-11-06 17:21:00": "Om du har några frågor kanske du hittar svar i den medföljande {1}, men om inte, är du mer än välkommen att ställa dem i Discord playtest-kanaler.\n\nHa det så kul!",
		"PRIVATE_PLAYTEST_PDF_URL@~2024-06-17 17:26:56": "playtest pdf-guide",
		"DEMO_POPUP_BULLET_1@2024-11-27 04:18:23": "**Lägg den i önskelistan** för att få ett meddelande om utgivningen",
		"DEMO_POPUP_BULLET_2@2024-12-06 18:19:28": "**Köp Early Access-versionen** nu, som automatiskt kommer att uppgraderas till den fullständiga versionen när den släpps.",
		"DEMO_POPUP_DESC_2@2024-11-27 04:18:23": "Om du gillar spelet kan du antingen:",
		"DEMO_POPUP_DESC_3@2024-11-27 04:18:23": "Om du köper Early Access-versionen kommer du fortfarande att kunna spela demot oberoende av Early Access-versionen.\n\nFrån oss alla i utvecklingsteamet önskar vi dig en underbar upplevelse med Foundation, ett spel som skapats med innerlig passion och hängivenhet.\n\n- Polymorph Games-teamet"
	},
	"MENU_MAP_SELECTOR": {
		"SELECT_MAP@~2024-06-27 14:31:34": "Välj din karta",
		"HILLS_MAP_DESC@2024-11-06 17:21:00": "Kullarkartan har täta skogar, gröna betesmarker och ett rundat landskap. Avsaknaden av fiske kan dock göra det mer utmanande att föda befolkningen.",
		"FLUVIAL_MAP_DESC@2024-11-06 17:21:00": "Flodkartan har långa flodsträckor som delar landet, vilket gör att tidiga brobyggen är avgörande för att bybor, handelsmän och immigranter ska kunna ta sig fram.",
		"COASTAL_MAP_DESC@2024-11-06 17:21:00": "Kustkartan har allt: idylliska strandvikar skyddade av klippor, med böljande kullar och slätter längre inåt landet som är idealiska för bosättning och jordbruk.",
		"MOUNTAIN_MAP_DESC": "Bergskartan erbjuder en liten kuststräcka med tufft stigande terräng bakom sig som kommer att utmana din etablering.",
		"VALLEY_MAP_DESC@2024-11-06 17:21:00": "I grund och botten är dalkartan en slingrande flod som rinner genom frodig skog och omges av gamla berg, vilket säkert kommer att glädja.",
		"COASTAL_GEN_MAP_DESC@2024-11-06 17:21:00": "En procedurellt genererad kustkarta. Sandiga holmar och branta öar prickar havet, medan åsar och stränder avgränsar fastlandet, vilket leder till frekventa frodiga kullar och mäktiga berg.",
		"FLUVIAL_GEN_MAP_DESC@2024-11-06 17:21:00": "En procedurellt genererad flodkarta. En kraftfull flod delar sina trevliga kullar, som ibland tillåter holmar längs sin strand av bördig lågland och trasiga klippor.",
		"HILLS_GEN_MAP_DESC@2024-11-06 17:21:00": "En procedurgenererad kullarkarta med gröna pastorala kullar av varierande höjd, stora skogsklädda dalar och många klipptyper. Ibland kan man hitta fisk i de små upphöjda sjöarna.",
		"NO_MAP_DESC@2024-11-06 17:21:00": "Ingen beskrivning har ännu lämnats för denna karta.",
		"OFFICIAL_MAP": "Officiell karta",
		"ORIGINAL_MAP": "Ursprunglig karta",
		"COMMUNITY_MAP": "Gemenskapskarta",
		"PROCEDURAL_MAP": "Procedurkarta",
		"ORIGINAL_MAPS": "Ursprungliga kartor",
		"PROCEDURAL_MAPS": "Procedurkartor",
		"COMMUNITY_MAPS": "Communityns kartor",
		"GENERATE": "Generera",
		"GENERATE_NEW_MAP": "Generera ny karta",
		"GENERATING_MAP": "Genererar karta...",
		"PREVIOUS_GENERATED_MAP": "Gå till föregående genererad karta",
		"BETA": "beta",
		"TRICKY_TERRAIN": "Knepig terräng",
		"TRICKY_TERRAIN_DESC@2024-11-06 17:21:00": "Kan kräva kostsamma broar och mer utbyggnad för att övervinna terränghöjder och hinder.",
		"MAP_RESOURCES_MISSING": "Saknar resurser",
		"MAP_RESOURCES_MISSING_DESC": "Den här kartan innehåller alla resurser utom {1}.",
		"MAP_SPECIFICITIES": "Specificiteter",
		"PROCEDURAL_MAPS_TOOLTIP_TITLE": "Procedurkartor – Beta",
		"PROCEDURAL_MAPS_TOOLTIP_CONTENT@2024-11-06 17:21:00": "Tack vare slumpmässigt genererade procedurkartor blir varje spel en unik upplevelse, även om kartgeneratorn fortfarande är under utveckling. \n\nFör närvarande presenterar vi tre varianter som är inspirerade av de ursprungliga spelkartorna: kust, flod och kullar. \n\nFlera funktioner planeras för framtiden, till exempel fler karttyper, anpassning genom en uppsättning justerbara parametrar, förbättrad vegetation och förhöjda floder. \n\nVi vill gärna ha återkoppling på denna första iteration. Gå med i vår Discord och berätta vad du tycker!",
		"MAPGEN_SLIDER_BAY": "Bukt",
		"MAPGEN_SLIDER_BEACH": "Strand",
		"MAPGEN_SLIDER_LAKE": "Sjö",
		"MAPGEN_SLIDER_OCEAN": "Hav",
		"MAPGEN_SLIDER_ISLAND": "Ö",
		"MAPGEN_SLIDER_RIVER": "Flod",
		"MAPGEN_SLIDER_PROMONTORY": "Udde",
		"MAPGEN_SLIDER_BUMPINESS": "Ojämnhet",
		"MAPGEN_SLIDER_PLATEAU": "Platå",
		"MAPGEN_SLIDER_ELEVATION": "Höjd",
		"MAPGEN_SLIDER_HILL": "Kulle",
		"MAPGEN_SLIDER_SLOPE": "Lutning",
		"MAPGEN_SLIDER_CLIFF": "Klippa",
		"MAPGEN_SLIDER_MOUNTAIN": "Berg",
		"MAPGEN_SLIDER_BAY_DESC": "Styr den totala ytan som täcks av vikar.",
		"MAPGEN_SLIDER_BEACH_DESC": "Styr den totala ytan som täcks av sand kring vattendrag.",
		"MAPGEN_SLIDER_LAKE_DESC": "Styr den totala ytan som täcks av sjöar.",
		"MAPGEN_SLIDER_OCEAN_DESC": "Styr storleken på havet.",
		"MAPGEN_SLIDER_ISLAND_DESC": "Styr den totala ytan som täcks av öar i huvudsakliga vattenmassor.",
		"MAPGEN_SLIDER_PROMONTORY_DESC": "Styr den totala ytan som täcks av uddar.",
		"MAPGEN_SLIDER_RIVER_DESC@2024-11-06 17:21:00": "Kontrollerar den totala ytan som upptas av vikar i floder och får floder att se bredare ut på vissa platser.",
		"MAPGEN_SLIDER_BUMPINESS_DESC@2024-11-06 17:21:00": "Styr hur ojämn terrängen är: ett lågt värde genererar platt terräng med många slätter, medan ett högt värde genererar ojämn terräng med många kullar",
		"MAPGEN_SLIDER_ELEVATION_DESC": "Kontrollerar platånivån på terrängen, vilket skapar klippor.",
		"MAPGEN_SLIDER_SLOPE_DESC": "Kontrollerar terrängens totala lutning.",
		"MAPGEN_RANDOMIZE_SEED_TOOLTIP": "Slumpa frö (genererar en ny karta med nuvarande inställningar)",
		"MAPGEN_RANDOMIZE_SEED_TOOLTIP_TITLE": "Slumpa frö",
		"MAPGEN_RANDOMIZE_SEED_TOOLTIP_TEXT": "Generera en ny karta med nuvarande inställningar.",
		"MAPGEN_RANDOMIZE_SETTINGS_TOOLTIP": "Slumpa alla inställningar och frö",
		"MAPGEN_RANDOMIZE_SETTINGS_TOOLTIP_TITLE": "Slumpa allt",
		"MAPGEN_RANDOMIZE_SETTINGS_TOOLTIP_TEXT": "Slumpa alla inställningar och frö.",
		"MAPGEN_TOGGLE_TERRITORIES_TOOLTIP": "Växla territorieöversikt",
		"MAPGEN_TOGGLE_TREES_TOOLTIP@2024-11-06 17:21:00": "Växla mellan förhandsgranskning av träd",
		"MAPGEN_TOGGLE_MINERALS_TOOLTIP@2024-11-06 17:21:00": "Toggle förhandsgranskning av mineraltillgångar",
		"MAPGEN_TOGGLE_FOOD_TOOLTIP@2024-11-06 17:21:00": "Toggle förhandsgranskning av livsmedelskälla",
		"MAPGEN_SELECT_MAP_ARCHETYPE": "Välj kartarketyp",
		"MAPGEN_MAP_MODIFIED": "(ändrad)",
		"MAPGEN_UNDO": "Ångra",
		"MAPGEN_RANDOMIZE": "Slumpa",
		"MAPGEN_UNDO_TOOLTIP": "Ångra senaste ändringen",
		"MAPGEN_MAPCODE_TOOLTIP": "Kartkod (innehåller all aktuell kartinformation)",
		"MAPGEN_MAPCODE_TOOLTIP_TITLE": "Kartkod",
		"MAPGEN_MAPCODE_TOOLTIP_TEXT@2024-11-06 17:21:00": "Innehåller all aktuell kartinformation, vilket gör det enklare att dela med sig av den.\n\nObservera att kartkoderna kan bli helt eller delvis föråldrade när vi förbättrar och uppdaterar kartgeneratorn.",
		"MAPGEN_COPY_MAPCODE_TOOLTIP": "Kopiera kartkoden till urklipp",
		"MAPGEN_PASTE_MAPCODE_TOOLTIP": "Klistra in kartkod från urklipp",
		"MAPGEN_MAPCODE_INVALID": "Ogiltig kartkod",
		"MAPGEN_MAPCODE_INVALID_TEXT@2024-11-06 17:21:00": "Denna Map Code uppfyller inte de nödvändiga specifikationerna (längd, tecken eller båda) och kan inte behandlas.",
		"MAPGEN_MAPCODE_DEPRECATED_TITLE": "Utdaterad kartkod",
		"MAPGEN_MAPCODE_DEPRECATED_TEXT": "Denna kartkod är utdaterad och kan inte behandlas.",
		"MAPGEN_MAPCODE_MORE_RECENT_TITLE": "Utdaterad kartkod",
		"MAPGEN_MAPCODE_MORE_RECENT_TEXT": "Denna kartkod verkar vara från en nyare version av kartgeneratorn. Uppdatera till den senaste versionen av spelet eller försök med en annan kartkod.",
		"MAPGEN_MAPCODE_WARNING_TITLE": "Kartkodvarning",
		"MAPGEN_MAPCODE_WARNING_TEXT@2024-11-06 17:21:00": "Denna kartkod är från en tidigare version av kartgeneratorn. Nuvarande resultat kan skilja sig från den ursprungliga versionen.",
		"MAP_GENERATOR_SECTION_TITLE": "Kartgenerator",
		"MAP_GENERATOR_NEWMAP_BUTTON": "Skapa en karta"
	},
	"MENU_SETTINGS": {
		"MENU_SETTINGS_GENERAL": "Allmänt",
		"MENU_SETTINGS_GRAPHICS": "Grafik",
		"MENU_SETTINGS_AUDIO": "Ljud",
		"MENU_SETTINGS_CONTROL_REMAPPER": "Kontroller",
		"MENU_SETTINGS_ACCESSIBILITY": "Tillgänglighet",
		"CHANGES_APPLIED": "Ändringar tillämpade"
	},
	"MENU_GENERAL_SETTINGS": {
		"LANGUAGE": "Språk",
		"LANGUAGE_LOCKED_TO_ENGLISH": "Endast engelska är tillgängligt i denna version.",
		"USER_INTERFACE_SCALE": "Användargränssnittsskala",
		"USER_INTERFACE_SCALE_WARNING": "Användargränssnittsskala överskrider den rekommenderade skalan ({1}) för den aktuella upplösningen.",
		"AUTOMATIC_DOWNSCALING@2024-11-06 17:21:00": "Gränssnittets skala har justerats automatiskt för att spelgränssnittet ska få plats på skärmen.",
		"AUTO_SAVE@2024-11-06 17:21:00": "Autospara",
		"SHOW_FPS": "Visa bildhastighet (FPS)",
		"AUTO_SAVE_IN_CLOUD@2024-11-06 17:21:00": "Autospara till molnet",
		"QUICK_SAVE_IN_CLOUD@2024-11-06 17:21:00": "Spara till molnet",
		"UNHIDE_CONTROLS_HELP_WINDOWS": "Visa kontrollhjälpsfönster",
		"UNHIDE_ALL": "Visa alla",
		"EDGE_MOVE": "Kantrullning",
		"KEEP_CURSOR_IN_WINDOW": "Håll kvar muspekaren i fönstret",
		"AUTOSAVE_MAXIMUM_COUNT_PER_PLAYTHROUGH|AUTOSAVES_MAXIMUM_COUNT_PER_PLAYTHROUGH@~2024-10-23 22:49:06": "Autosave-gräns per genomspelning",
		"QUICKSAVE_MAXIMUM_COUNT_PER_PLAYTHROUGH|QUICKSAVES_MAXIMUM_COUNT_PER_PLAYTHROUGH@~2024-10-23 22:49:10": "Quicksave-gräns per genomspelning",
		"RUN_IN_BACKGROUND@~2025-01-10 23:34:10": "Kör i bakgrunden",
		"LANGUAGE_COMMUNITY_TRANSLATION": "Översatt av gemenskapen",
		"LANGUAGE_MOD_TRANSLATION": "Mod"
	},
	"MENU_GRAPHICS_SETTINGS": {
		"DISPLAY_MODE": "Visningsläge",
		"FULLSCREEN": "Helskärm",
		"WINDOWED": "Fönster",
		"DISPLAY_MONITOR": "Visningsskärm",
		"RESOLUTION": "Upplösning",
		"V_SYNC": "V-Sync",
		"V_SYNC_ON@~2025-01-10 23:00:13": "Skärmfrekvens (standard)",
		"V_SYNC_HALF@~2025-01-10 23:00:32": "1/2 skärmfrekvens",
		"V_SYNC_OFF": "Inaktiverad",
		"ANTI_ALIASING": "Kantutjämning",
		"ANTI_ALIASING_NONE@~2024-10-29 23:48:08": "Inaktiverad",
		"ANTI_ALIASING_FXAA@~2024-10-29 23:48:27": "FXAA",
		"ANTI_ALIASING_TAA@~2024-10-29 23:48:35": "TAA",
		"SSAO@~2025-01-10 23:03:30": "SSAO (ocklusion i omgivande ljus)",
		"SSGI@~2025-01-10 23:03:43": "SSGI (global belysning)",
		"PARTICLES": "Partiklar",
		"PARTICLE_QUALITY": "Partikelkvalitet",
		"SHADOW_QUALITY@2024-11-06 17:21:00": "Skugga Kvalitet",
		"GRASS_DISTANCE": "Gräsavstånd",
		"NEAR_DEPTH_OF_FIELD": "Nära skärpedjup",
		"FAR_DEPTH_OF_FIELD": "Långt skärpedjup",
		"DEPTH_OF_FIELD_QUALITY": "Kvalitet på skärpedjup",
		"QUALITY_DISABLED": "Inaktiverad",
		"QUALITY_FULL": "Full",
		"QUALITY_VERY_LOW": "Mycket Låg",
		"QUALITY_LOW": "Låg",
		"QUALITY_MEDIUM": "Medium",
		"QUALITY_HIGH": "Hög",
		"QUALITY_ULTRA": "Ultra",
		"QUALITY_EXTREME": "Extrem",
		"QUALITY_CUSTOM@~2025-01-10 23:26:59": "Anpassad",
		"QUALITY_PRESET@~2025-01-10 23:27:17": "Kvalitetsalternativ",
		"GRASS_VERY_NEAR": "Väldigt nära",
		"GRASS_NEAR": "Nära",
		"GRASS_FAR": "Långt",
		"GRASS_VERY_FAR": "Väldigt långt",
		"ENVIRONMENTAL_MOVEMENT": "Miljörörelse",
		"ACTIVE_GPU@~2025-01-10 23:26:13": "Aktiv GPU",
		"GRAPHICS_QUALITY@~2025-01-10 23:26:40": "Grafikkvalitet",
		"TEXTURE_QUALITY@~2025-01-10 23:27:35": "Texturkvalitet",
		"OBJECT_QUALITY@~2025-01-10 23:27:49": "Objektkvalitet",
		"LEVEL_OF_DETAIL@~2025-01-10 23:28:03": "Detaljnivå",
		"FPS_LIMIT@~2025-01-10 23:28:15": "Bildfrekvensgräns",
		"FPS_NO_LIMIT@~2025-01-10 23:30:59": "Inget"
	},
	"MENU_AUDIO_SETTINGS": {
		"MASTER_VOLUME": "Huvudvolym",
		"MUSIC_VOLUME": "Musikvolym",
		"AMBIENT_VOLUME": "Omgivningsvolym",
		"SOUND_FX_VOLUME@2024-11-06 17:21:00": "Volym för ljudeffekter",
		"UI_VOLUME": "Gränssnittsvolym"
	},
	"MENU_CONTROL_REMAPPER_SETTINGS": {
		"REMAPPER_MESSAGE_1": "Vänsterklicka på en inmatning för att tilldela om. ESC för att avbryta.",
		"REMAPPER_MESSAGE_2": "Högerklicka för att ta bort tilldelningen.",
		"REMAPPER_PRESS_KEY": "TRYCK TANGENT",
		"RESTORE_ALL_DEFAULTS": "Återställ alla standardinställningar",
		"RESTORE_DEFAULTS": "Återställ standardinställningar",
		"RESTORE_DEFAULTS_WARNING_MESSAGE": "Är du säker på att du vill återställa alla kontroller till sina standardinställningar? Denna åtgärd kan inte ångras.",
		"RESET_INPUTS": "Återställ båda inmatningarna",
		"CONFLICT_TOOLTIP": "Denna kontroll krockar med:",
		"INVERT_CAMERA_VERTICAL": "Invertera vertikal kamerarotation",
		"INVERT_CAMERA_HORIZONTAL": "Invertera horisontell kamerarotation",
		"CAMERA_MOUSE_SENSITIVITY": "Kameramusens känslighet",
		"CAMERA_KEYBOARD_SENSITIVITY": "Tangentbordskänslighet för kamera",
		"CONTROL_UNASSIGNED_TOOLTIP": "Att lämna denna funktion otilldelad kan hindra din upplevelse av spelet.",
		"CONFLICTS_POPUP_TITLE": "Konflikter upptäcktes i kontroller",
		"CONFLICTS_POPUP_MESSAGE@2024-11-06 17:21:00": "De senaste kontrollerna är i konflikt med den aktuella konfigurationen för nyckelbindning. Vill du återställa standardvärdena eller justera dem manuellt?",
		"CONFLICTS_POPUP_RESTORE_DEFAULTS": "Återställ standardkontroller",
		"CONFLICTS_POPUP_GOTO_CONTROLS": "Gå till kontrollinställningarna"
	},
	"MENU_CONTROL_REMAPPER_CONTROL__GROUP_NAMES": {
		"CONTROL_GROUP_CONSTRUCTION": "Konstruktion",
		"CONTROL_GROUP_ZONING": "Zonmålning",
		"CONTROL_GROUP_WALL": "Väggredigering"
	},
	"MENU_CONTROL_REMAPPER_CONTROL_NAMES": {
		"CONTROL_QUICK_SAVE@2024-11-06 17:21:00": "Snabbspara",
		"CONTROL_TOGGLE_UI": "Växla gränssnitt",
		"CONTROL_QUICK_GAME_RELOAD@2024-11-06 17:21:00": "Snabbinläsning",
		"CONTROL_MOVE_CAMERA_FORWARD": "Panorera kameran framåt",
		"CONTROL_MOVE_CAMERA_BACK": "Panorera kameran bakåt",
		"CONTROL_MOVE_CAMERA_LEFT": "Panorera kameran åt vänster",
		"CONTROL_MOVE_CAMERA_RIGHT": "Panorera kameran åt höger",
		"CONTROL_ROTATE_CAMERA_LEFT": "Rotera kameran åt vänster",
		"CONTROL_ROTATE_CAMERA_RIGHT": "Rotera kameran åt höger",
		"CONTROL_ROTATE_CAMERA_FORWARD": "Luta kameran framåt",
		"CONTROL_ROTATE_CAMERA_BACK": "Luta kameran bakåt",
		"CONTROL_ZOOM_CAMERA_FORWARD@2024-11-06 17:21:00": "Zooma in kameran",
		"CONTROL_ZOOM_CAMERA_BACK@2024-11-06 17:21:00": "Zooma ut kameran",
		"CONTROL_MOUSE_CAMERA_ROTATE": "Rotera kameran (Håll + flytta musen)",
		"CONTROL_MOUSE_CAMERA_PAN": "Panorera kameran (Håll + flytta musen)",
		"CONTROL_FOCUS_VILLAGE_CENTER@2024-11-06 17:21:00": "Fokusera kameran på byns centrum",
		"CONTROL_TOGGLE_PAUSE": "Växla paus",
		"CONTROL_DECREASE_GAME_SPEED": "Sänk spelhastighet",
		"CONTROL_INCREASE_GAME_SPEED": "Öka spelhastighet",
		"CONTROL_GAME_SPEED_X1": "Ställ in spelhastighet till x1",
		"CONTROL_GAME_SPEED_X2": "Ställ in spelhastighet till x2",
		"CONTROL_GAME_SPEED_X3": "Ställ in spelhastighet till x3",
		"CONTROL_CLOSE_WINDOW": "Stäng fokuserat fönster",
		"CONTROL_CLOSE_ALL_WINDOWS": "Stäng alla fönster",
		"CONTROL_OPEN_CLOSE_SYSTEM_MENUS": "Öppna/Stäng systemmenyer",
		"CONTROL_ROTATE_PART": "Rotera del (Håll + flytta musen)",
		"CONTROL_PLACE_MULTIPLE_COMPONENT@2024-11-06 17:21:00": "Placera flera delar",
		"CONTROL_REMOVE_COMPONENT": "Ta bort förhandsgranskad del",
		"CONTROL_TOGGLE_ATTACH_SNAP@2024-11-06 17:21:00": "Växla anslutning av delar",
		"CONTROL_TRANSLATE_BRIDGE": "Flytta bro",
		"CONTROL_PAINT_ZONE": "Måla zon",
		"CONTROL_UNPAINT_ZONE": "Sudda zon",
		"CONTROL_RESIZE_BRUSH_HOLD": "Ändra penselstorlek (Håll + Mushjul)",
		"CONTROL_INCREASE_BRUSH_SIZE": "Öka penselstorlek",
		"CONTROL_DECREASE_BRUSH_SIZE": "Minska penselstorlek",
		"CONTROL_WALL_REMOVE": "Ta bort Nod / Segment",
		"CONTROL_WALL_ADD": "Lägg till / Infoga nod",
		"CONTROL_WALL_BACK": "Avmarkera vägg / Avsluta redigering",
		"CONTROL_UNDO@~2024-10-29 21:41:43": "Ångra (avbryta) åtgärd",
		"CONTROL_REDO@~2024-10-29 21:41:37": "Gör om åtgärden",
		"CONTROL_MOVE_BUILDING@~2024-11-28 16:55:08": "Flytta byggnaden",
		"CONTROL_REPLACE_PART@~2024-11-28 17:12:45": "Byt ut del",
		"CONTROL_SELECT_CONNECTING_PARTS@~2024-11-28 17:12:43": "Välj anslutande delar",
		"CONTROL_SELECT_UNSELECT_PART@~2024-11-29 21:12:56": "Lägg till / ta bort del från markering (håll + vänsterklicka)",
		"OPEN_BOOK@~2024-11-28 15:38:35": "Öppna Kungaboken",
		"OPEN_BOOK_VILLAGERS@~2024-11-28 15:38:46": "Öppna kungaboken (sidan för bybor)",
		"OPEN_BOOK_WORKPLACE@~2024-11-28 15:38:49": "Öppna Kungaboken (byggnadssida)",
		"OPEN_BOOK_TRADE@~2024-11-28 15:38:51": "Öppna kungaboken (resurssida)",
		"OPEN_BOOK_BUDGET@~2024-11-28 15:38:53": "Öppna kungaboken (ekonomisida)",
		"OPEN_BOOK_ESTATES@~2024-12-05 22:42:37": "Öppna utvecklingsskärmen",
		"OPEN_BOOK_ARMY@~2025-01-27 15:46:50": "Öppna arméns bok",
		"OPEN_BOOK_LOGS@~2024-11-28 16:51:54": "Öppna Kungaboken (Loggsida)",
		"OPEN_BOOK_VILLAGE_OVERVIEW@~2024-11-28 16:51:57": "Öppna Kungaboken (sidan med översikt över byn)",
		"OPEN_BOOK_TAXATION@~2024-11-28 16:52:02": "Öppna kungaboken (beskattningssida)",
		"OPEN_BOOK_EDICTS_AND_PRIVILEGES@~2024-11-28 16:52:06": "Öppna Kungaboken (förordnaden och privilegier)",
		"OPEN_BOOK_TRADE_ROUTES@~2024-11-28 16:52:09": "Öppna Kungaboken (handelsvägar)",
		"OPEN_MAP@~2024-12-05 22:39:53": "Öppna bykartan",
		"OPEN_MANDATES_WINDOW@~2024-11-28 14:44:36": "Öppna mandat",
		"OPEN_BUILD_MENU_WINDOW@~2025-01-02 20:54:26": "Öppna byggmenyn"
	},
	"MENU_CONTROL_INPUT_KEYS": {
		"KEY_CONTROL": "Ctrl",
		"KEY_SHIFT": "Shift",
		"KEY_ALT": "Alt",
		"KEY_CANCEL": "Avbryt",
		"KEY_BACKSPACE": "Backsteg",
		"KEY_TAB": "Flik",
		"KEY_LINE_FEED": "Radbrytning",
		"KEY_ENTER": "Retur",
		"KEY_BREAK": "Bryt",
		"KEY_ESCAPE": "Esc",
		"KEY_SPACE": "Blanksteg",
		"KEY_PAGE_UP": "Page Up",
		"KEY_PAGE_DOWN": "Page Down",
		"KEY_END": "End",
		"KEY_HOME": "Home",
		"KEY_LEFT": "Vänsterpil",
		"KEY_UP": "Uppåtpil",
		"KEY_RIGHT": "Högerpil",
		"KEY_DOWN": "Nedåtpil",
		"KEY_INSERT": "Infoga",
		"KEY_DELETE": "Delete",
		"KEY_WINDOWS@2024-11-06 17:21:00": "WinKey",
		"KEY_NUMPAD0": "NumPad 0",
		"KEY_NUMPAD1": "NumPad 1",
		"KEY_NUMPAD2": "NumPad 2",
		"KEY_NUMPAD3": "NumPad 3",
		"KEY_NUMPAD4": "NumPad 4",
		"KEY_NUMPAD5": "NumPad 5",
		"KEY_NUMPAD6": "NumPad 6",
		"KEY_NUMPAD7": "NumPad 7",
		"KEY_NUMPAD8": "NumPad 8",
		"KEY_NUMPAD9": "NumPad 9",
		"KEY_ADD": "NumPad +",
		"KEY_SUBTRACT": "NumPad -",
		"KEY_MULTIPLY": "NumPad *",
		"KEY_DIVIDE": "NumPad /",
		"KEY_SEPARATOR": "\\",
		"KEY_DECIMAL": "NumPad .",
		"KEY_PLUS": "+",
		"KEY_MINUS": "-",
		"KEY_COMMA": ",",
		"KEY_PERIOD": ".",
		"KEY_MOUSE_LEFT_CLICK@~2024-10-25 17:26:02": "Vänsterklick",
		"KEY_MOUSE_MIDDLE_CLICK@~2024-10-25 17:26:04": "Mittenklick",
		"KEY_MOUSE_RIGHT_CLICK@~2024-10-25 17:26:07": "Högerklick",
		"KEY_MOUSE_BACKWARD_CLICK": "Musknapp 4",
		"KEY_MOUSE_FORWARD_CLICK": "Musknapp 5",
		"KEY_MOUSE_DOUBLE_CLICK@~2024-11-26 19:09:13": "Dubbelklick",
		"KEY_SPECIAL_1": "Specialknapp 1",
		"KEY_SPECIAL_2": "Specialknapp 2",
		"KEY_SPECIAL_3": "Specialknapp 3",
		"KEY_SPECIAL_4": "Specialknapp 4",
		"KEY_SPECIAL_5": "Specialknapp 5",
		"KEY_SPECIAL_6": "Specialknapp 6",
		"KEY_SPECIAL_7": "Specialknapp 7",
		"KEY_SPECIAL_8": "Specialknapp 8",
		"KEY_SPECIAL_102": "Specialknapp 102"
	},
	"MENU_MODS": {
		"INSTALLED_MODS": "Installerade mods",
		"BROWSE_MODS": "Bläddra bland mods",
		"MODS_DISABLED_IN_BUILD": "Mods är inaktiverade i denna version",
		"MENU_MODS_DESC@~2024-10-25 20:11:07": "Vissa mods kan ha beroenden. Se till att ladda dina mods i rätt ordning (dra och släpp för att ändra ordning på dem, föräldern först)."
	},
	"MENU_MODS_INSTALLED": {
		"ACTIVE": "Aktiva",
		"BY_AUTHOR": "av {1}",
		"NO_MODS_INSTALLED": "Inga mods installerade",
		"LOADING_FAILED": "Inläsning misslyckades",
		"SEARCH_INSTALLED_MODS": "Sök installerade mods",
		"CANNOT_LOAD_MOD": "Moden kunde inte läsas in. Se loggarna för ytterligare information."
	},
	"MENU_MODS_BROWSER": {
		"UPLOAD_MODS_URL": "Skicka upp dina mods: {IMG1}",
		"SEARCH": "Sök",
		"NO_MODS_FOUND": "Inga mods hittades",
		"UPDATE": "Uppdatera",
		"UPDATE_ALL": "Uppdatera alla",
		"INSTALL": "Installera",
		"REMOVE": "Ta bort",
		"REPORT": "Rapportera",
		"REPORT_MOD": "Rapportera denna mod",
		"REPORT_MOD_POPUP_TITLE": "Rapportera mod",
		"REPORT_MOD_POPUP_CONTENT": "Upplever du tekniska problem med en specifik mod? Vi rekommenderar att du besöker kommentarsektionen på modens webbsida först för att kontakta författaren.\n\nDe vänliga människorna i mod supportkanalen i Foundations Discord-server kan också ge ytterligare hjälp.\n\nFör olämpligt innehåll föreslår vi att du använder mod.io rapportverktyg istället.",
		"COMMENT_ON_MOD_PAGE": "Öppna mod webbsida",
		"USE_MOD_IO_REPORT_TOOL": "Öppna mod.io rapportverktyg",
		"TAGS": "Taggar",
		"X_DOWNLOADS": "{1} hämtningar",
		"ALL_TAGS": "Alla taggar",
		"ALL_STATUS": "All status",
		"LOCAL_ONLY": "Endast lokalt",
		"UP_TO_DATE": "Uppdaterad",
		"OUTDATED": "Utdaterad",
		"CORRUPTED": "Korrupt",
		"DATE_ADDED": "Datum tillagt",
		"UPVOTE": "Upprösta",
		"DOWNVOTE": "Nedrösta",
		"PREVIOUS": "Föregående",
		"NEXT": "Nästa",
		"SEARCH_MODIO_MODS": "Sök mods på foundation.mod.io",
		"VISIT_MOD_IO": "Besök foundation.mod.io (Öppnas i webbläsare)",
		"REMOVE_MOD_CONFIRMATION_TITLE": "Ta bort Mod",
		"REMOVE_MOD_CONFIRMATION_MESSAGE": "Mod \"{1}\" kommer tas bort.",
		"PAGE_X_OF_Y": "Sida {1} av {2}",
		"DATE_UPDATED": "Uppdaterat datum"
	},
	"MENU_MODS_BROWSER_INSTALLATION": {
		"RESOLVING_DEPENDENCIES": "Löser beroenden...",
		"DOWNLOADING": "Laddar ner...",
		"EXTRACTING": "Extraherar...",
		"INSTALLING": "Installerar...",
		"INSTALLATION_ERROR": "Installationsfel",
		"MOD_DEPENDENCIES_NOT_FOUND": "Modberoenden hittades inte",
		"FAILED_RETRIEVE_X_MOD_DEPENDENCIES": "Det gick inte att hämta modinformation för {1} av beroendemodsen",
		"CANNOT_LOAD_INSTALLED_MOD@2024-11-06 17:21:00": "Mod \"{1}\" har installerats men kunde inte laddas. Se loggarna för ytterligare information.",
		"MODIO_ERROR_WITH_CODE_X@2024-11-06 17:21:00": "Ett fel uppstod när mod {1} hämtades från mod.io (svarskod: {2}).",
		"MODIO_INVALID_FILE": "Den hämtade modfilen är ogiltig. Försök igen.",
		"EXTRACTION_FAILED": "Uppackningen misslyckades. Se loggarna för mer information."
	},
	"MENU_MODS_DEPENDENCIES": {
		"MOD_X_DEPENDENCIES": "Mod \"{1}\" beroenden",
		"CHECKING_DEPENDENCIES": "Kontrollerar beroenden...",
		"FETCHING_DEPENDENCIES": "Hämtar beroenden...",
		"MOD_X_REQUIRES_DEPENDENCIES": "Mod \"{1}\" kräver följande mods för att fungera korrekt. Välj alla beroenden du vill installera.",
		"DOWNLOAD_SELECTED_MODS": "Hämta ner markerade mods",
		"SELECT_ALL": "Markera alla",
		"UNSELECT_ALL": "Avmarkera alla"
	},
	"MENU_MOD_PRIORITY": {
		"MOVE_UP": "Flytta upp",
		"MOVE_DOWN": "Flytta ner",
		"ENABLE_ALL": "Aktivera alla",
		"DISABLE_ALL": "Inaktivera alla",
		"ENABLED_X": "Aktiverade ({1})",
		"DISABLED_X": "Inaktiverad ({1})",
		"OUTDATED_X": "Utdaterad ({1})",
		"CANNOT_LOAD_MOD_BEFORE_DEPENDENCY": "Kan inte ladda en mod innan dess beroenden",
		"ADD": "Lägg till",
		"ENABLE_MOD": "Aktivera mod",
		"DISABLE_MOD": "Inaktivera mod",
		"MOD_DEPENDENCIES": "Modberoenden",
		"MOD_MISSING_DEPENDENCIES": "Saknar beroenden",
		"MOD_DEPENDENCIES_LOADED_AFTER_THE_MOD": "Beroenden laddade efter mod",
		"MOD_MISSING": "Denna mod saknas (ej installerad eller laddad)",
		"MOD_NOT_LOADED": "{1} (ej laddad)",
		"MOD_AND_ITS_DEPENDENCIES": "{1} (+ dess beroenden)",
		"MOD_NOT_INSTALLED": "{1} (ej installerad)",
		"INSTALLED_ON_X": "Installerat på {1}",
		"DEPENDENCIES": "Beroenden",
		"MOD_DEPENDENCIES_REQUIRED": "Denna mod kräver andra mods för att fungera korrekt.",
		"MOD_NO_DEPENDENCY_REQUIRED": "Denna fristående mod har inga beroenden.",
		"INSTALLED_DEPENDENCIES": "Installerade beroenden",
		"DEPENDENCIES_INSTALLED_BUT_DISABLED": "Beroenden installerade men inaktiverade",
		"MISSING_DEPENDENCIES": "Saknar beroenden",
		"MOD_NOT_FOUND": "Mod hittades inte",
		"NO_MODS_FOUND_FOR_SELECTION@2024-11-06 17:21:00": "Inga mods hittades. Om du vill spela med mods kan du besöka Mods-sektionen i huvudmenyn.",
		"NO_MODS_ENABLED": "Inga mods är aktiverade.",
		"ALL_MODS_ENABLED": "Alla mods har aktiverats."
	},
	"MENU_MARKETING": {
		"MENU_GUIVRE_GARDEN_SUPPORTER_PACK@~2025-01-23 20:24:08": "Stödpaket för Guivre-trädgården",
		"SUPPORTER_PACK_UPGRADE_NOW@~2025-01-23 20:24:37": "Uppgradera nu!"
	}
}