﻿{
	"MILITARY_GENERAL": {
		"NO_MISSION_AVAILABLE@~2024-01-05 18:08:58": "Inga uppdrag tillgängliga för närvarande.",
		"A_NEW_MILITARY_MISSION_IS_AVAILABLE": "Militärt uppdrag tillgängligt!",
		"X_MILITARY_MISSIONS_AVAILABLE": "{1} uppdrag tillgängliga för din armé",
		"X_MILITARY_MISSIONS_ONGOING": "{1} uppdrag pågår",
		"NO_MISSION_IN_PROGRESS": "Inga uppdrag pågår.",
		"PREPARE_MISSION@~2024-01-04 15:41:58": "Förbered kompani",
		"START_MISSION@~2024-01-04 15:42:25": "Sätt in kompani",
		"STRENGTH@~2024-04-09 13:44:55": "Styrka",
		"STRENGTH_ABBREVIATED@~2024-03-15 15:14:23": "STY.",
		"CASUALTIES": "Förlust av liv",
		"VICTORY": "Seger",
		"SELECT_MISSION": "Inget uppdrag valt.",
		"ADD_X_COMPANY@~2023-09-22 14:50:21": "Lägg till {1}-kompani",
		"COMPANY_X@~2023-09-26 18:05:25": "Kompani {1}",
		"WAGE@~2023-12-01 20:57:47": "Lön",
		"FAVORED_WEAPON@2025-01-14 22:58:01": "Favoritvapen:",
		"PLEDGE_COMPANY@~2024-01-04 15:38:16": "Be ett kompani",
		"POSSIBLE_REWARDS@~2024-01-04 15:35:21": "Belöningar",
		"CHALLENGE@~2024-01-04 15:36:12": "Utmaning",
		"CALL_BACK_SOLDIERS@~2024-01-04 15:36:22": "Återkalla kompani",
		"CALL_BACK_SOLDIERS_CONFIRMATION@~2024-03-07 17:30:45": "Är du säker på att du vill återkalla kompaniet?\n\nAtt överge ett uppdrag ger ingen belöning.",
		"WEAPON@~2024-01-04 15:37:44": "Vapen",
		"NO_COMPANY_AVAILABLE@~2024-01-04 15:37:47": "Inget kompani tillgängligt",
		"DEPLOY_BATTALION@~2024-01-04 15:37:54": "Utplacera bataljon",
		"ABANDON_CAMPAIGN@~2024-03-07 17:23:45": "Återinkallad bataljon",
		"ABANDON_CAMPAIGN_CONFIRMATION@~2024-03-07 17:31:02": "Är du säker på att du vill kalla tillbaka bataljonen?\n\nAtt överge en kampanj ger bara det aktuella krigsbytet.",
		"ASSEMBLE_A_BATTALION@~2024-01-04 15:40:06": "Samla bataljon",
		"COMPANY@~2024-01-04 15:40:17": "Kompani",
		"BATTALION_LEFT@~2024-01-04 15:41:13": "Din bataljon åkte iväg på ett militärt fälttåg. För kungen!",
		"NO_CAMPAIGN_AVAILABLE@~2024-03-18 20:24:59": "Ingen kampanj är tillgänglig för närvarande.\n\nVisa vad du går för på slagfältet; din kung kommer så småningom att bjuda in dig att strida vid hans sida!",
		"CHANGE_COMPANY_WEAPON@2025-01-14 22:58:01": "Tilldela kvaliteten på företagets vapen. Om det inte finns fler vapen av denna kvalitet tillgängliga, kommer de stridande att utrusta sig med vapen av lägre kvalitet.",
		"BACK_TO_COMPANY_LIST@~2024-01-04 15:48:49": "Tillbaka till listan",
		"COMPANY_STATUS_WARNING_TITLE@~2024-01-30 22:37:53": "Kompaniet är redo men har problem",
		"COMPANY_PREFERRED_WEAPON_X@~2024-02-06 14:25:21": "Tilldelade vapen : {1}",
		"COMPANY_BEHAVIOR_PATROL_DESCRIPTION@2025-01-14 22:58:01": "Patrullerande kompanier tillbringar sin arbetstid med att patrullera byn. De kan inte tilldelas uppdrag.",
		"COMPANY_BEHAVIOR_MISSION_DESCRIPTION@~2024-01-30 23:18:00": "Kompanier med uppdragstjänstgöring ägnar sin arbetstid åt att förbereda sig för uppdrag. De kan bli uttagna till uppdrag men patrullerar inte i byn.",
		"COMPANY_BOW@~2024-01-30 22:38:26": "Bågkompani",
		"COMPANY_SPEAR@~2024-01-30 22:38:29": "Spjutkompani",
		"COMPANY_SWORD@~2024-01-30 22:38:31": "Svärdskompani",
		"COMPANY_HOME@~2024-01-30 22:38:35": "Slottskompani",
		"COMPANY_X_ON_THIS_MISSION_DAYS@~2024-04-11 21:16:16": "{1} bör vara tillbaka om några dagar.",
		"COMPANY_X_ON_THIS_MISSION_WEEKS@~2024-04-11 21:16:14": "{1} bör vara tillbaka om några veckor.",
		"COMPANY_X_ON_THIS_MISSION_MONTHS@~2024-04-11 21:16:11": "{1} bör vara tillbaka om några månader.",
		"BATTALION_BACK_IN_DAYS@~2024-04-11 21:19:16": "Vi räknar med att höra från bataljonen inom de närmaste dagarna.",
		"BATTALION_BACK_IN_WEEKS@~2024-04-11 21:19:21": "Vi räknar med att höra från bataljonen om några veckor.",
		"BATTALION_BACK_IN_MONTHS@~2024-04-11 21:19:25": "Vi räknar med att höra från bataljonen om några månader.",
		"DISBAND_X_CONFIRMATION@~2024-02-22 16:10:23": "Är du säker på att du vill avgruppera detta {1}?",
		"SPOILS_OF_WAR@~2024-02-29 18:16:34": "Krigsbyte",
		"COMPANY_HAS_FAVORED_WEAPON@2025-01-14 22:58:01": "Ett kompani är mer effektivt när det använder de vapen som uppdraget föredrar.",
		"WOUND_TOLL@~2024-03-01 17:26:14": "Såravgift",
		"LOSS_TOLL@~2024-03-01 17:26:16": "Förlustavgift",
		"CURRENT_BATTALION@~2024-03-01 17:28:53": "Utplacerad bataljon",
		"ONGOING_CAMPAIGN_STATS@~2024-03-01 19:04:59": "Bataljonens rapport",
		"CURRENT_SPOIL_OF_WAR@~2024-03-01 18:58:42": "Nuvarande Krigsbyte",
		"MIGHT_DESC|STRENGTH_DESC@2025-01-14 22:58:01": "Mäktighet är stridsförmågan hos ett kompani. Ju högre Mäktighet, desto lättare är det att lyckas med svåra uppdrag.\n\nMäktighet baseras på kompaniets storlek samt på de stridandes styrka, lycka och träning.",
		"SOLDIER_RANK_DESC|RANK_DESC@~2024-04-10 17:37:36": "Varje kombattant har en rang, som ökar deras styrka. Den baseras på erfarenhet och befordringar.\n\nRankerna ökar med tiden genom att du tjänar erfarenhet från uppdrag.\n\nNär en kombattant har nått sin högsta rang måste han eller hon befordras för att komma vidare.\n\n{1}",
		"WEAPON_DESC|NEW_KEY@2025-01-14 22:58:01": "Kombattanter måste bära vapen för att vara effektiva under uppdrag.\n\nVapen har olika styrkor och är mer benägna att gå sönder om de hanteras av ineffektiva kombattanter.\n\nVapnets styrka: {1}",
		"SOLDIER_HAPPINESS_DESC@~2024-04-08 15:03:05": "Combatants Happiness påverkar hur sannolikt det är att de klarar av uppdrag oskadda.",
		"SOLDIER_CONDITION_WOUNDED_DESC|SOLDIER_WOUNDED_DESC@~2024-04-08 15:10:27": "Den stridande är skadad: De tjänar lite erfarenhet och kanske inte återvänder från uppdrag.",
		"SOLDIER_CONDITION_TRAINING_DESC|CONDITION_SOLDIER_TRAINING_DESC@2025-01-14 22:58:01": "Kombattanten är fortfarande under utbildning: De får måttlig erfarenhet och kommer sannolikt att skadas under uppdrag.",
		"SOLDIER_CONDITION_FULLY_TRAINED_DESC@2025-01-14 22:58:01": "Den stridande är fullt utbildad: De kommer att tjäna massor av erfarenhet och kommer sannolikt inte att skadas under uppdrag.",
		"SOLDIER_RANK@~2024-04-08 15:03:56": "Kombattant rang",
		"SOLDIER_HAPPINESS@~2024-04-08 15:03:52": "Lycka för stridande",
		"SOLDIER_XP_PROGRESSION@~2024-04-10 17:36:41": "Denna stridande behöver {1} erfarenhet för att gå vidare till nästa rang.",
		"MAX_LEVEL_REACHED@~2024-04-10 17:38:12": "Denna kombattant har nått den högsta {1} rangen.",
		"SOLDIER_STRENGTH@~2024-04-08 14:19:38": "Stridande styrka",
		"SOLDIER_STRENGTH_DESC@~2024-04-08 14:24:10": "Styrka är en enskild stridande parts stridsförmåga.\n\nRang, vapenstyrka och träningsförhållanden förbättrar stridsdeltagarens styrka.",
		"MIGHT@~2024-04-09 13:45:12": "Mäktighet",
		"RANK_X@~2024-04-10 17:37:41": "Rang {1}",
		"WAR_RATION_DESC@~2024-04-11 17:16:18": "Krigsransoner krävs för detta uppdrag.",
		"MISSION_RISK_DESC@~2024-04-16 14:57:51": "Vapen kan gå sönder och kombattanter kanske inte återvänder från detta uppdrag.",
		"MILITARY_GRADE_1_DESC@2025-01-14 22:58:01": "Ett militärkompani av 1:a graden består helt och hållet av milismän. Det kan endast utföra enkla uppdrag.\n\nFör att höja kompaniets grad ska du befordra minst en stridande till soldatstatus.",
		"MILITARY_GRADE_2_DESC@2025-01-14 22:58:01": "Ett militärkompani av 2: a graden har minst en soldat. Det kan utföra mer givande uppdrag jämfört med 1: a graden.\n\nFör att höja kompaniets grad ska du befordra minst en stridande till riddare.",
		"MILITARY_GRADE_3_DESC@~2024-05-07 18:47:06": "Ett militärkompani av 3:e graden har minst en riddare. Det kan utföra de mest belönande uppdragen.",
		"MILITARY_GRADE_1_TITLE@~2024-05-07 18:50:21": "1:a klassens kompani",
		"MILITARY_GRADE_2_TITLE@~2024-05-07 18:50:25": "2:a klassens kompani",
		"MILITARY_GRADE_3_TITLE@~2024-05-07 18:50:30": "3:e klassens kompani",
		"COMPANY_PLUR_STATUS_WARNING_TITLE|NEW_KEY@~2024-06-19 20:10:15": "Kompanier är redo men har problem",
		"SELECT_COMPANY@~2024-06-13 19:50:32": "Välj ett kompani",
		"SELECT_COMPANY_CAMPAIGN@~2024-06-13 19:50:54": "Välj flera kompanier",
		"MILITARY_MISSION_GRADE_1_TITLE|MILITARY_MISSION_GRADE_1@~2024-06-19 20:13:19": "1:a klassens uppdrag",
		"MILITARY_MISSION_GRADE_2_TITLE@~2024-06-19 20:13:21": "2:a klassens uppdrag",
		"MILITARY_MISSION_GRADE_3_TITLE@~2024-06-19 20:13:25": "3:e klassens uppdrag",
		"MILITARY_MISSION_GRADE_1_DESC@~2024-06-19 20:22:44": "Dessa uppdrag ger enkla belöningar och innebär liten eller ingen utmaning. Företag i alla årskurser kan utföra uppdrag i första årskursen.",
		"MILITARY_MISSION_GRADE_2_DESC@2025-01-14 22:58:01": "Företag i 2:a och 3:e klass kan genomföra dessa måttligt utmanande uppdrag, som ger två olika typer av belöningar i genomsnittliga mängder.",
		"MILITARY_MISSION_GRADE_3_DESC@2025-01-14 22:58:01": "Endast företag i tredje klass kan ta sig an dessa mycket utmanande uppdrag, som ger minst tre typer av belöningar i rikliga mängder.",
		"UNAVAILABLE_GRADE@~2024-11-07 21:40:26": "Inga företag med den militära grad som krävs finns tillgängliga.",
		"ALL_SUITABLE_COMPANIES_AWAY@~2024-06-20 21:23:20": "Alla lämpliga bolag är ute på uppdrag.",
		"UNLIMITED_MISSION_TIME@~2024-06-26 14:36:07": "∞ dagar kvar",
		"MILITARY_REWARD_DESC_RANGE@~2024-07-03 15:15:00": "Mellan {1} och {2} kommer {3} att belönas.",
		"MILITARY_REWARD_DESC@~2024-10-04 18:09:28": "Du kommer att få en {1} belöning av {2}.",
		"MILITARY_MISSION_DISTANCE@~2024-07-03 15:15:27": "Avstånd",
		"MILITARY_MISSION_DIFFICULTY@~2024-07-03 15:15:29": "Svårighetsgrad",
		"SOLDIERS_BETWEEN_CYCLE_FOR_FEW_DAYS@2025-01-14 23:02:04": "Kombattanter återhämtar sig under några dagar",
		"SOLDIERS_BETWEEN_CYCLE_FOR_FEW_WEEKS@2025-01-14 23:02:04": "Kombattanter återhämtar sig under några veckor",
		"SOLDIERS_BETWEEN_CYCLE_FOR_FEW_MONTHS@2025-01-14 23:02:04": "Stridande återhämtar sig under några månader",
		"COMBATANTS@~2024-09-09 18:50:09": "Kombattanter",
		"ASSIGNED_COMPANIES_X_Y@~2024-11-07 22:04:14": "Tilldelade företag: {1}/{2}",
		"MISSION_ASSIGNATION_ANY_COMPANY@~2024-11-07 22:16:33": "Tilldela valfri kompanityp",
		"MISSION_ASSIGNATION_COMPANY_TYPE_X_REQUIRED@~2024-11-07 22:07:22": "Tilldela ett {1}-kompani",
		"NOTIFICATION_COMPANY_BACK_FROM_CYCLE@2025-01-14 22:58:01": "{1} är tillbaka från ett uppdrag med",
		"FINISH_MISSION_X_TO_UNLOCK@~2024-10-24 13:57:46": "Avsluta {1} först för att låsa upp detta uppdrag.",
		"MISSION_LOCKED@~2024-10-24 14:00:50": "Uppdraget låst",
		"NO_COMPANY_SLOT_AVAILABLE_FOR_WEAPON@~2024-12-17 01:54:45": "Ingen tillgänglig kompaniplats för detta kompanis vapentyp",
		"NO_COMPANY_SLOT_AVAILABLE@~2024-12-17 01:54:41": "Ingen tillgänglig kompaniplats",
		"BONUS_REWARD@~2024-11-07 22:23:12": "Prestationsbaserad belöning",
		"PERFORMANCE@~2024-11-07 22:23:32": "Prestanda",
		"SOLDIERS_SENT@~2024-11-07 22:35:56": "Dina kombattanter är utplacerade",
		"SOLDIERS_BACK@~2024-11-07 22:36:59": "Dina kombattanter återvänder hem",
		"NO_SOLDIERS@~2024-12-17 01:55:58": "Inga kombattanter",
		"ALL_SOLDIERS_ARE_WOUNDED@~2024-12-17 01:55:52": "Alla kombattanter är skadade",
		"X_SO_FAR@~2024-11-13 23:37:07": "{1} hittills:",
		"MISSION_IS_ACTIVE@~2024-11-14 00:05:00": "Uppdrag Aktiv",
		"CURRENT_AND_POTENTIAL_MIGHT|NEW_KEY@~2024-11-14 15:32:15": "Nuvarande och potentiell Might",
		"COMPANY_BEHAVIOR_GUARD_DESCRIPTION@~2024-12-18 23:46:53": "Kompanier i vakttjänst tillbringar sin arbetstid med att bevaka befästningsbyggnader. De kan inte tilldelas uppdrag.",
		"SOLDIERS_CONDITION|SOLDIERS_CONDITIONS@~2025-01-23 23:29:59": "Kombattanternas tillstånd:",
		"PROGRESS_MISSION@~2025-01-23 23:31:43": "Kommer att utvecklas i uppdraget",
		"MIGHT_RATING@~2025-01-24 16:26:15": "Mäktighet:",
		"SOLDIERS_HAPPINESS_RATING|SOLDIERS_HAPPINESS@~2025-01-24 16:26:17": "Lycka:",
		"TRAINING_STATE_RATING|TRAINING_STATE@~2025-01-24 16:26:19": "Utbildning:",
		"WAR_RATION_RATING@~2025-01-24 16:26:23": "Krigsransoner:",
		"REWARDS_SO_FAR@~2025-01-24 18:32:36": "Ackumulerade belöningar:",
		"PERFORMANCE_SO_FAR@~2025-01-24 18:30:25": "Nuvarande prestanda:",
		"MISSION_TYPE@~2025-01-24 18:57:05": "Typ av uppdrag:",
		"SINGLE_MISSION_TITLE@~2025-01-24 18:57:18": "Enbart uppdrag",
		"SINGLE_MISSION_DESC@~2025-01-24 18:57:28": "Dessa uppdrag genomförs i ett enda steg. När uppdraget är slutfört återvänder de utsedda företagen hem med belöningen.",
		"CYCLING_MISSION_TITLE@~2025-01-24 18:57:40": "Uppdrag cykling",
		"CYCLING_MISSION_DESC@~2025-01-24 18:57:51": "Dessa uppdrag består av flera steg med samma svårighetsgrad. Efter varje steg återvänder de utsedda företagen hem med en del av den ackumulerade belöningen för att vila och träna i några dagar. Därefter påbörjar de nästa steg. När det tredje steget har slutförts avslutas uppdraget och de tilldelade kompanierna återvänder hem med de återstående belöningarna. En bonusbelöning utdelas baserat på kompaniets prestation.",
		"MILITARY_CAMPAIGN_TITLE@~2025-01-24 18:58:05": "Militär kampanj",
		"MILITARY_CAMPAIGN_DESC@2025-01-27 18:59:14": "Dessa uppdrag består av steg med ökande svårighetsgrad och belöningar. Tilldelade kompanier återvänder inte hem efter varje steg, men du har möjlighet att avbryta den militära kampanjen, vilket gör att kompanierna kan återvända med en del av de belöningar som hittills har samlats in. När det tredje steget är avklarat avslutas kampanjen och de överlevande kompanierna kan återvända hem.",
		"MISSION_INFO_NEW_COMPANY@~2025-01-29 21:27:04": "Bygg ett nytt läger för att skapa ett nytt kompani.",
		"SOLDIERS_DONE@~2025-01-31 00:52:22": "Dina kombattanter är hemma igen"
	},
	"SOLDIER_STATUS": {
		"SOLDIER_STATUS_AVAILABLE": "Tillgängliga",
		"SOLDIER_STATUS_ASSIGNED_TO_MISSION": "Tilldelad till uppdrag",
		"SOLDIER_STATUS_ON_MISSION": "På ett uppdrag",
		"COMPANY_STATUS_AVAILABLE@~2024-12-19 02:34:21": "Kompaniet är redo och har inga problem",
		"COMPANY_STATUS_ON_MISSION@2025-01-14 22:58:01": "Kompaniet är ute på ett uppdrag",
		"COMPANY_STATUS_UNAVAILABLE@~2024-01-30 22:39:01": "Kompaniet är inte tillgängligt"
	},
	"SOLDIER_STATE": {
		"STATE": "Stat: {IMG1}",
		"SOLDIER_CONDITION": "Skick",
		"WOUNDED": "Skadad",
		"UNTRAINED": "Otränad",
		"PARTLY_TRAINED": "Delvis utbildad",
		"MOSTLY_TRAINED": "Mestadels utbildad",
		"FULLY_TRAINED": "Fullständigt utbildad",
		"SOLDIERS_REGROUP": "Omgruppering",
		"ON_MISSION": "På ett uppdrag",
		"ASSIGNED_TO_MISSION": "Tilldelad"
	},
	"MISSION_CASUALTIES": {
		"CASUALTIES_LIST@2025-01-14 22:58:01": "Dödslista",
		"WOUNDED_LIST": "Lista över skadade"
	},
	"EVENTS": {
		"LET_ME_THINK_ABOUT_IT": "Låt mig tänka på det.",
		"KINGDOMWAR_INTRO_MISSION_01_TITLE@~2023-01-01 01:01:01": "Förberedelser för krig",
		"KINGDOMWAR_INTRO_MISSION_01_DESC@~2024-06-20 16:46:38": "Kungen har uppmärksammat din orubbliga lojalitet och anser att du är värdig att följa med honom i strid!\n\nFör att hjälpa dig att lyckas har han instruerat den förste konstapeln att hjälpa dig att samla en mäktig styrka som kan uthärda en lång militär kampanj. När de är klara kommer kungen att bedöma styrkan hos dina kombattanter.\n\nNu är det dags att stiga upp och bevisa den sanna styrkan hos dina krigare!",
		"KINGDOMWAR_INTRO_MISSION_01_CHOICE_A_TITLE@~2024-05-03 19:59:32": "Ni kan lita på våra företag, Ers Majestät!",
		"KINGDOMWAR_INTRO_MISSION_01_CHOICE_A_TOOLTIP@~2024-05-03 19:55:38": "Kungen förväntar sig att du utbildar en mäktig armé och lagrar krigsransoner.",
		"KINGDOMWAR_INTRO_MISSION_02_TITLE@~2023-01-01 01:01:01": "Kämpar för kungen",
		"KINGDOMWAR_INTRO_MISSION_02_DESC@2025-01-14 22:58:01": "Den förste konstapeln har uppmärksammat ert hårda arbete och anser att era styrkor är redo att marschera ut i strid.\n\nHon ger er äran att låta ert mäktigaste kompani följa med den kungliga armén på deras nästa utplacering.",
		"KINGDOMWAR_INTRO_MISSION_02_CHOICE_A_TITLE@~2023-01-01 01:01:01": "Till kriget!",
		"KINGDOMWAR_INTRO_MISSION_02_CHOICE_A_TOOLTIP@~2023-01-01 01:01:01": "Den förste konstapeln förväntar sig att du stödjer hennes armé med ditt mäktigaste kompani.",
		"KINGDOMWAR_INTRO_MISSION_CAMPAIGN_SUCCESS_DESC@~2023-01-01 01:01:01": "Ert kompani har visat sig kapabelt att strida i kungens namn.",
		"KINGDOMWAR_INTRO_MISSION_CAMPAIGN_FAILURE_DESC@~2023-01-01 01:01:01": "Ert kompani besegrades. Den förste konstapeln kommer att ge er en ny chans senare.",
		"KINGDOMWAR_INTRO_MISSION_QUEST_SUCCESS_TITLE@~2023-01-01 01:01:01": "Krigsförberedelser slutförda",
		"KINGDOMWAR_INTRO_MISSION_QUEST_SUCCESS_DESC@~2023-01-01 01:01:01": "Du utbildade ett kraftfullt kompani och lagrade tillräckligt med krigsransoner för att skicka dem till kriget.",
		"KINGDOMWAR_INTRO_MISSION_QUEST_DESC@2025-01-14 22:58:01": "Jag har gått med på att lagra krigsransoner och utbilda ett mäktigt kompani åt förste konstapeln.",
		"KINGDOMWAR_INTRO_MISSION_02_QUEST_DESC@2025-01-14 22:58:01": "Jag har gått med på att låna ut mitt mäktigaste kompani till förste konstapeln.",
		"KINGDOMWAR_INTRO_MISSION_SUPPORT_DESC@~2024-03-18 20:27:56": "Den förste konstapeln vill att vårt mäktigaste kompani följer med henne ut i kriget. Om vi tjänar henne väl kommer vi att få rätt att strida vid vår kungs sida!",
		"KINGDOMWAR_INTRO_TITLE@~2023-10-27 21:19:03": "En uppmaning till krig",
		"KINGDOMWAR_INTRO_DESC@~2023-10-30 19:06:22": "Din kung ger dig förmånen att få följa med honom i strid!\n\nSvara på hans uppmaning och sätt samman en mäktig bataljon från dina kompanier, för han behöver all den styrka som hans rike kan erbjuda.",
		"KINGDOMWAR_INTRO_RECURRING_DESC@~2023-10-27 21:08:17": "Din kung kallar på hjälp!\n\nBesvara hans vädjan och sätt samman en mäktig bataljon från dina kompanier, för han behöver all styrka som hans rike kan erbjuda.",
		"KINGDOMWAR_INTRO_CHOICE_A_TITLE@~2023-10-30 18:52:41": "Jag ska sätta ihop min bataljon!",
		"KINGDOMWAR_INTRO_CHOICE_A_TOOLTIP@~2023-10-30 18:52:45": "Du kommer att påbörja förberedelserna för en militär kampanj.",
		"KINGDOMWAR_INTRO_CHOICE_NO_TITLE@~2024-04-16 15:17:43": "Mina kombattanter är inte redo.",
		"KINGDOMWAR_INTRO_CHOICE_NO_TOOLTIP@~2023-10-30 18:52:54": "Kungen kommer att fråga dig igen nästa år.",
		"KINGDOMWAR_INTRO_MISSION_CHOICE_NO_TOOLTIP@~2024-03-18 15:05:24": "Den förste konstapeln kommer att fråga dig igen nästa år.",
		"KINGDOMWAR_01_A_TITLE@~2023-10-27 21:12:08": "Marscherar mot fienden",
		"KINGDOMWAR_01_A_DESC@2025-01-14 22:58:01": "Din Lehnsherre planerar att attackera en befäst linje längs fiendens gräns. Om han lyckas med din hjälp lovar han att belöna dig med stål, mynt och stenar från fiendens fruktansvärda fästningar.",
		"KINGDOMWAR_01_B_TITLE@~2023-10-27 21:12:24": "Försvar av jordbruksmark",
		"KINGDOMWAR_01_B_DESC@~2023-10-27 21:08:38": "Fienden har plundrat kungens jordbruksmarker; om du hjälper till att slå tillbaka angriparna lovar din Lehnsherre stål, mynt och en del av det bröd som de plundrade.",
		"KINGDOMWAR_01_C_TITLE@~2023-10-27 21:12:37": "Fienden vid gränsen",
		"KINGDOMWAR_01_C_DESC@~2023-10-27 21:08:43": "Fienden står vid rikets tröskel! Kungen erbjuder stål, mynt och fat av sin finaste öl till dem som är villiga att ansluta sig till kampen.",
		"KINGDOMWAR_02_A_TITLE@~2023-10-27 21:13:28": "Reparera rutter",
		"KINGDOMWAR_02_A_DESC@~2023-10-27 21:08:58": "Din bataljon vann strider, men kriget fortsätter!\n\nFienden störde handelsvägarna och er kung lovade hjälp för deras varor. Att stödja honom ger större belöningar, inklusive vanliga kläder.",
		"KINGDOMWAR_02_B_TITLE@~2023-10-27 21:13:37": "Att fånga adelsmän",
		"KINGDOMWAR_02_B_DESC@~2023-10-27 21:09:15": "Din bataljon vann strider, men kriget fortsätter!\n\nEr kung vet att han är emot rika adelsmän; om ni tillfångatar dem lovar han er en stor kista med deras juveler.",
		"KINGDOMWAR_02_C_TITLE@~2023-10-27 21:13:52": "Brytande linjer",
		"KINGDOMWAR_02_C_DESC@~2023-10-27 21:09:29": "Din bataljon vann strider, men kriget fortsätter!\n\nDin kung vill slå till bakom fiendens linjer; han lovar en avsevärd andel av deras verktyg om du stör deras leveranser.",
		"KINGDOMWAR_02_CHOICE_A_TITLE@~2023-10-30 18:53:23": "Låt oss ta tillbaka våra rutter!",
		"KINGDOMWAR_02_CHOICE_B_TITLE@~2023-10-30 18:54:51": "Deras rikedomar kommer att bli våra!",
		"KINGDOMWAR_02_CHOICE_C_TITLE@~2023-10-30 18:54:55": "De kommer inte att veta vad som hände!",
		"KINGDOMWAR_02_CHOICE_TOOLTIP@~2023-10-30 18:55:02": "Din bataljon kommer att gå vidare till ett andra uppdrag.",
		"KINGDOMWAR_03_A_TITLE@~2023-10-27 21:17:28": "Sista kungen som står upp",
		"KINGDOMWAR_03_A_DESC@2025-01-14 22:58:01": "Er kung förklarar att segern är nära, och det är tack vare er bataljon!\n\nDin Liege kommer att leda de kommande striderna, och att slåss tillsammans med honom kommer att ge dig kungliga gåvor, inklusive hans värdefulla knivar.",
		"KINGDOMWAR_03_B_TITLE@~2023-10-27 21:16:51": "Samla fiender",
		"KINGDOMWAR_03_B_DESC@2025-01-14 22:58:01": "Er kung förklarar att segern är nära, och det är tack vare er bataljon!\n\nÄndå samlar fienden sina kvarvarande styrkor för att försöka bryta er framryckning! Din kung erbjuder fint utformade spjut i utbyte mot en sista attack.",
		"KINGDOMWAR_03_C_TITLE@~2023-10-27 21:17:06": "Sista anfallet",
		"KINGDOMWAR_03_C_DESC@2025-01-14 22:58:01": "Er kung förklarar att segern är nära, och det är tack vare er bataljon!\n\nDin kung planerar ett sista bakhåll för att besegra fienden; han erbjuder värdefulla belöningar och sin rivals finaste bågar i utbyte mot din hjälp.",
		"KINGDOMWAR_03_CHOICE_A_TITLE@~2024-04-16 15:17:47": "Mina kombattanter är dina!",
		"KINGDOMWAR_03_CHOICE_B_TITLE@~2023-10-30 18:56:10": "Vi ska krossa dem!",
		"KINGDOMWAR_03_CHOICE_C_TITLE@~2023-10-30 18:56:14": "De kommer att få sig en överraskning!",
		"KINGDOMWAR_03_CHOICE_TOOLTIP@~2023-10-30 18:56:19": "Din bataljon kommer att gå vidare till ett slutuppdrag.",
		"KINGDOMWAR_02_CHOICE_NO_TITLE@~2023-10-30 18:56:38": "Ack, kalla tillbaka min bataljon.",
		"KINGDOMWAR_03_CHOICE_NO_TITLE@~2023-10-30 18:56:42": "Det här är för mycket, jag kan inte.",
		"KINGDOMWAR_CHOICE_NO_TOOLTIP@~2023-10-30 18:57:09": "Din bataljon kommer att avbryta sin pågående kampanj.",
		"EVENT_KINGDOMWAR_OPPORTUNITY_WAIT@~2023-10-30 19:02:50": "Din kung kallar till krig",
		"EVENT_KINGDOMWAR_OPPORTUNITY_DESC@~2023-10-30 19:02:57": "Er kung kräver att ni förbereder er för krig!",
		"KINGDOMBOARD_T1_A_TITLE": "Strategisk patrullering",
		"KINGDOMBOARD_T1_A_DESC": "Den förste konstapeln erbjuder en belöning i form av mynt till den som kan skicka ett kompani för att patrullera strategiska vägar som korsar dina marker.",
		"KINGDOMBOARD_T2_A_TITLE": "Försvinn odjur",
		"KINGDOMBOARD_T2_A_DESC@2025-01-14 22:58:01": "Ett närliggande samhälle med bönder plågas av farliga djur. De erbjuder en del av sina varor till den som kan driva bort varelserna.",
		"KINGDOMBOARD_T2_B_TITLE": "Skirmish-säsongen",
		"KINGDOMBOARD_T2_B_DESC": "Flera bosättningar erbjuder en del av sin skörd till den som kan skicka soldater för att säkra deras mark.",
		"KINGDOMBOARD_T2_C_TITLE": "Garnisonsjobb",
		"KINGDOMBOARD_T2_C_DESC@2025-01-14 22:58:01": "Den förste konstapeln har brist på vakter till utposter nära er by. Hon lovar rättvis ersättning till alla krigare som är villiga att hjälpa till under en tid.",
		"KINGDOMBOARD_T3_A_TITLE": "Eskort för konvoj",
		"KINGDOMBOARD_T3_A_DESC": "Konvojer av köpmän är på väg genom en ökänt farlig del av riket. De kommer att dela med sig av vissa varor till den som kan garantera deras säkerhet.",
		"KINGDOMBOARD_T3_B_TITLE": "Fienden i rörelse",
		"KINGDOMBOARD_T3_B_DESC@2025-01-14 22:58:01": "Kungliga arméns spejare har upptäckt välbeväpnade fiendekompanier nära vårt land. Den som besegrar dem kan göra anspråk på fiendens vapen för egen del.",
		"KINGDOMBOARD_T3_C_TITLE": "Befria spannmålsmagasinen",
		"KINGDOMBOARD_T3_C_DESC@2025-01-14 22:58:01": "Gränsbyarna har tagits över av fienden. Deras Äldste erbjuder en del av deras sädesmagasin till den som kan befria dem.",
		"KINGDOMBOARD_T4_A_TITLE": "Håll linjen",
		"KINGDOMBOARD_T4_A_DESC@2025-01-14 22:58:01": "Den första konstapeln planerar att bygga en linje av fort längs rikets gränser. Hon erbjuder mynt och överblivet material till stridande som är villiga att hålla linjen.",
		"KINGDOMBOARD_T4_B_TITLE": "Byvandring",
		"KINGDOMBOARD_T4_B_DESC@2025-01-14 22:58:01": "Den kungliga armén avancerar djupt in i fiendeland, vilket öppnar nya möjligheter för räder mot byar som ryktas vara fulla av varor.",
		"KINGDOMBOARD_T4_C_TITLE": "Fest på fortet",
		"KINGDOMBOARD_T4_C_DESC": "Den förste konstapeln har ögonen på en rad fiendefort som är kända för att stå emot långa belägringar. Den som erövrar dem kan behålla förnödenheterna där inne.",
		"KINGDOMBOARD_T4_D_TITLE": "Ädel räddning",
		"KINGDOMBOARD_T4_D_DESC@2025-01-14 22:58:01": "En adelsman har tagits som gisslan av en bitter rival och utlovar en förmögenhet till den som kan befria honom. Saken är bara den att ingen vet vart han har förts."
	},
	"COMPANY_WARNINGS": {
		"SOLDIER_WARNING_MISSING_WEAPON@~2024-04-16 15:48:30": "Den stridande har inget vapen utrustat",
		"COMPANY_WARNING_MISSING_WEAPON@~2024-04-16 15:48:35": "Minst en av kombattanterna har inget vapen utrustat",
		"SOLDIER_WARNING_WOUNDED@~2024-04-16 15:49:03": "Den stridande är skadad och behöver vila",
		"COMPANY_WARNING_WOUNDED@~2024-04-16 15:48:45": "Minst en stridande är skadad",
		"SOLDIER_WARNING_UNTRAINED@~2024-04-16 15:48:51": "Kombattanten är otränad och behöver övning",
		"COMPANY_WARNING_UNTRAINED@~2024-04-16 15:49:09": "Minst en av kombattanterna är otränad",
		"SOLDIER_WARNING_UNTRAINED_PATROL@~2024-04-25 20:23:48": "Stridande är inte fullt utbildad för patrullering",
		"COMPANY_WARNING_UNTRAINED_PATROL@~2024-04-25 20:23:53": "Minst en kombattant är inte fullt utbildad för patrullering",
		"SOLDIER_WARNING_LOW_HAPPINESS@~2024-04-16 15:49:13": "Stridande har mindre än {1}% lycka",
		"COMPANY_WARNING_LOW_HAPPINESS@~2024-04-16 15:49:20": "Minst en kombattant har mindre än {1}% lycka"
	}
}