﻿{
	"MILITARY_GENERAL": {
		"NOT_ENOUGH_GUARD_DESC|NOT_ENOUGH_PATROLLERS@~2024-11-19 16:27:57": "Inte tillräckligt med vakter! Tillsätt fler vakter eller kombattanter till kompanier med patrullerande tjänst.",
		"CURRENT_GUARD_RATIO_X_PERCENT@~2024-05-07 14:31:19": "Nuvarande vakttäckning: {1}",
		"TOTAL_NUMBER_PATROLLERS@~2024-04-25 20:34:55": "Totalt antal väktare och kombattanter i patrulltjänst: {1}",
		"TOTAL_NUMBER_GUARD_LOCATIONS@~2024-04-25 20:35:13": "Totalt antal aktiva befästningar: {1}",
		"ACTIVE_FORTIFICATION@~2024-05-07 15:06:33": "Aktiv {1} Befästning",
		"ACTIVE_FORTIFICATION_DESC@2024-11-06 17:21:00": "Täck ett område med {1} Fortifikation. Väktare och stridande i patrulltjänst prioriterar utkik framför patrullering.",
		"LIGHT_X_FORTIFICATION@~2024-05-07 15:07:34": "Lätt",
		"HEAVY_X_FORTIFICATION@~2024-05-07 15:07:46": "Tung",
		"PASSIVE_FORTIFICATION@~2024-05-07 15:06:39": "Passiv {1} Befästning",
		"PASSIVE_FORTIFICATION_DESC@2024-11-06 17:21:00": "Täck ett område med {1} Fortifikation utan att ta någon tid från väktare eller stridande.",
		"NEW_COMPANY_X_FORMED@~2025-01-09 21:37:53": "Ett nytt kompani {1} har bildats!"
	}
}