﻿{
	"RULE_MODIFIERS": {
		"RULE_MODIFIERS": "Regelmodifierare",
		"BAILIFF_MODIFIER": "På grund av fogde {IMG1}",
		"RULES_DAYS_LEFT": "{IMG1} dag(ar) kvar",
		"EVENT": "På grund av händelsen {IMG1}",
		"HAPPINESS_MODIFIER": "Lycka påverkas mindre med {IMG1}.",
		"LEARNING_SPEED": "Hastighet för jobbinlärning ökas med {IMG1}.",
		"MARKET_REV_SHARE": "Marknadsintäkter ökar med {IMG1}.",
		"MILITARY_TRAINING@~2024-04-16 15:49:30": "Stridande träningshastighet ökas med {IMG1}.",
		"YIELDS_INCREASE": "Avkastningen på {IMG1} ökas med {IMG2}.",
		"YIELDS_DECREASE": "Avkastningen på {IMG1} minskas med {IMG2}.",
		"REASON_UNLOCKABLE": "På grund av upplåsningsbar {IMG1}.",
		"TRADE_BONUS": "Handelsbonus",
		"TRADE_BONUS_OF_X_WITH_Y": "Handelsprisbonus på {IMG1} från byar med {IMG2} lojalitet.",
		"TRADE_QUANTITY_BONUS_OF_X_WITH_Y": "Handelsmängdsbonus på {IMG1} från byar med {IMG2} lojalitet.",
		"TRADE_BONUS_OF_X_WHEN_BUYING_Y": "Handelsbonus på {1} när du köper {2}.",
		"TRADE_BONUS_OF_X_WHEN_SELLING_Y": "Handelsbonus på {1} när du säljer {2}.",
		"TRADE_BONUS_OF_X_WHEN_BUYING_AND_SELLING_Y": "Handelsbonus på {1} när du köper och säljer {2}.",
		"RIGHT_STATUS_FOR_JOB": "{IMG1} är den rätta statusen för {IMG2} jobb.",
		"WRONG_STATUS_FOR_JOB": "{IMG1} är inte den rätta statusen för {IMG2} jobb.",
		"WORK_EFFICIENCY": "Arbetseffektivitet {IMG1}",
		"WILL_APPLY_EFFECT": "Kommer att tillämpa effekt:",
		"OPTIONAL_EFFECT": "Valfri effekt",
		"APPLY_EFFECT": "Ger effekt:",
		"BONUS": "Bonus",
		"CONDITION": "Skick",
		"EFFECT_BECAUSE_DESC": "{IMG1} eftersom {IMG2}",
		"WRONG_STATUS_FOR_CURRENT_JOB": "Fel status för nuvarande jobb",
		"RIGHT_STATUS_FOR_CURRENT_JOB": "Rätt status för nuvarande jobb",
		"NEED_FILLNESS_BONUS_INCREASED@2024-11-06 17:21:00": "{IMG1} Behovstillfredsställelse varar {IMG2} längre.",
		"NEED_FILLNESS_BONUS_INCREASED_X_PROFILE_OR_STATUS@2024-11-06 17:21:00": "{1} Behovstillfredsställelse för {2} varar {3} längre.",
		"NEED_FILLNESS_BONUS_REDUCED@2024-11-06 17:21:00": "{IMG1} Behovstillfredsställelse varar {IMG2} kortare tid.",
		"NEED_FILLNESS_BONUS_REDUCED_X_PROFILE_OR_STATUS@2024-11-06 17:21:00": "{1} Behovstillfredsställelse för {2} varar {3} kortare tid.",
		"GAIN_VALUE_ESTATE_INFLUENCE_PER_WEEK@2024-11-06 17:21:00": "Få {IMG1} {IMG2} Influence per vecka.",
		"X_SPLENDOR_IMPACT_INCREASED_BY_Y@2024-11-06 17:21:00": "{1} och {2} ömsesidig negativ inverkan på Prakt ökas med {3}.",
		"X_SPLENDOR_IMPACT_REDUCED_BY_Y@2024-11-06 17:21:00": "{1} och {2} ömsesidig negativ påverkan på Prakt minskas med {3}.",
		"SOLDIER_RECOVERY_SPEED_INCREASED@~2024-04-16 15:49:34": "Stridande återhämtningshastighet ökas med {IMG1}.",
		"SOLDIER_RECOVERY_SPEED_REDUCED@~2024-04-16 15:49:38": "Stridsdeltagarens återhämtningshastighet minskas med {IMG1}.",
		"SOLDIER_HAPPINESS_AFFECT_STRENGTH@2024-11-06 17:21:00": "Lycka påverkar Combatants styrka.",
		"BUILDING_STAT_X_INCREASED_BY_Y": "Denna byggnads {IMG1} ökas med {IMG2}.",
		"BUILDING_STAT_X_DECREASED_BY_Y": "Denna byggnads {IMG1} minskas med {IMG2}.",
		"MULTIPLIES_PRODUCTION_BY_X": "Multiplicerar produktion med {1}.",
		"ADD_RESOURCE_TO_INPUT": "Lägger till {1} till behövda resurser.",
		"REMOVE_RESOURCE_FROM_INPUT": "Tar bort {1} från resurser som behövs.",
		"ADD_PRODUCED_RESOURCE": "Lägger till {1} ​​till resurser som produceras.",
		"REMOVE_PRODUCED_RESOURCE": "Tar bort {1} från producerade resurser.",
		"VILLAGER_HAPPINESS_FOR_STATUS_X": "Lyckobonus om {1} för bybor med {2}-status.",
		"VILLAGER_HAPPINESS_FOR_PROFILE_X": "Lyckobonus om {1} för bybor med {2}-profil.",
		"VILLAGER_HAPPINESS_FOR_STATUS_X_OR_PROFILE_Y": "Lyckobonus om {1} för bybor med {2}-status eller {3}-profil.",
		"X_Y_MIGHT_LEAVE": "{1} {2} kanske lämnar byn med denna effekt tillämpad",
		"TAXATION_VILLAGER_HAPPINESS_MODIFIER": "På grund av beskattning av bybor.",
		"INFLUENCE_MODIFIER_ESTATE_X": "På grund av Inflytande med {IMG1}",
		"MODIFY_DEFAULT_INFLUENCE_FOR_ESTATE@2024-11-06 17:21:00": "Ändra {1}:s standardinställning Influence med {2}.",
		"BECAUSE_OF_MULTIPLE_TAXES": "På grund av flera skatter",
		"BUILDING_UPKEEP_COST_REDUCED_FOR_ESTATE_X": "{1} byggnads underhåll minskade med {2}.",
		"BUILDING_UPKEEP_COST_INCREASED_FOR_ESTATE_X": "{1} byggnads underhåll ökade med {2}.",
		"BECAUSE_OF_EDICT_X@~2024-10-07 19:32:27": "På grund av förordnande: {1}",
		"BECAUSE_OF_PRIVILEGE_X@~2024-10-07 19:32:31": "På grund av privilegier: {1}",
		"TRADE_COMPLETED_WITH_X_GIVE_Y_INFLUENCE@2024-11-06 17:21:00": "Varje gång du handlar med en by med {1} lojalitet får du {2} inflytande med dess gods.",
		"HAVE_X_CONCURRING_TAXES_WITHOUT_PENALTY": "Du kan ha ytterligare {1} skatter utan är bestraffas.",
		"TAXATION_CUMULATION_SPEED_INCREASED_X": "Kumuleringshastigheten för beskattning ökas med {1}.",
		"TAXATION_CUMULATION_SPEED_DECREASED_X": "Kumuleringshastigheten för beskattning minskas med {1}.",
		"TAXATION_CUMULATION_SPEED_INCREASED_X_SUB@2024-11-06 17:21:00": "Kumuleringshastigheten för beskattning ökas med {1}.",
		"TAXATION_RESIDENTIAL_HAPPINESS_INCREASED_X@2024-11-06 17:21:00": "Bostadsbeskattning Happiness-effekten ökas med {1}.",
		"TAXATION_RESIDENTIAL_HAPPINESS_DECREASED_X@2024-11-06 17:21:00": "Bostadsbeskattning Happiness effekt minskas med {1}.",
		"TAXATION_RESIDENTIAL_HAPPINESS_INCREASED_X_FOR_Y@2024-11-06 17:21:00": "Bostadsbeskattning Happiness-effekten ökas med {1} för {2}.",
		"TAXATION_RESIDENTIAL_HAPPINESS_DECREASED_X_FOR_Y@2024-11-06 17:21:00": "Bostadsbeskattning Lyckoeffekten minskas med {1} för {2}.",
		"FREE_TERRITORY_AFTER_X_BOUGHT@2024-11-06 17:21:00": "För varje {1} territorium du köper medan denna effekt är aktiv, lös in {2} gratis.",
		"MANDATE_TIME_INCREASED_BY_X": "Öka tiden för {1} mandat med {2}.",
		"MANDATE_TIME_DECREASED_BY_X": "Minska tiden för {1} mandat med {2}.",
		"MANDATE_COST_INCREASED_BY_X": "Öka kostnaden för {1} mandat med {2}.",
		"MANDATE_COST_DECREASED_BY_X": "Minska kostnaden för {1} mandat med {2}.",
		"IMMIGRATION_FACTOR_IGNORED_X": "Nykomlingar ignorerar {1} invandringsfaktorn.",
		"KNIGHT_IMMIGRATION": "immigrerar en ny till din by.",
		"CONSTRUCTION_RESOURCE_REFUND@2024-11-06 17:21:00": "Återbetalning {1} av den {2} som används efter uppförande av en byggnadsdel.",
		"UPKEEP_CATEGORY_X_BUILDING_PARTS_INCREASED_Y@2024-11-06 17:21:00": "Upkeep av {1} byggnadsdelar ökas med {2}",
		"UPKEEP_CATEGORY_X_BUILDING_PARTS_DECREASED_Y@2024-11-06 17:21:00": "Underhållet av {1} byggnadsdelar minskas med {2}"
	},
	"RULESET": {
		"RULE_PRESET@~2024-08-09 14:29:11": "Förval för spelregler",
		"PRESET_CUSTOM@~2024-08-09 14:29:57": "Anpassat",
		"PRESET_CREATIVE@~2024-08-09 14:29:59": "Kreativt",
		"PRESET_CASUAL@~2024-08-09 14:30:02": "Avslappnat",
		"PRESET_CLASSIC@~2024-08-09 14:30:06": "Klassiskt",
		"PRESET_CHALLENGE@~2024-08-09 14:30:04": "Utmaning",
		"RULESET_EVER_HAPPY_TOGGLE@~2024-08-09 14:30:24": "Alltid lycklig befolkning",
		"RULESET_INVINCIBLE_ARMY_TOGGLE@~2024-08-09 14:30:32": "Osårbar armé",
		"RULESET_NO_EVENT_TOGGLE@~2024-12-11 15:48:44": "Valfria evenemang",
		"RULESET_PROSPECT_ALL_MINERALS_TOGGLE@~2024-08-09 14:30:53": "Prospektering av alla mineraler",
		"RULESET_UNLOCK_AND_UPGRADE_TRADE_ROUTES_TOGGLE@~2024-08-09 14:41:54": "Uppgradera handelsvägarna",
		"RULESET_MINIMUM_HAPPINESS_LEAVING_SCALE@~2024-12-11 15:48:59": "Bybors lycka för att lämna",
		"RULESET_RESOURCE_REGROWTH_SCALE@2025-01-14 22:58:01": "Återväxt av miljöresurser",
		"RULESET_EVENT_INFLUENCE_REWARDS_SCALE@~2024-12-11 15:49:10": "Påverkan av belöningskvantitet",
		"RULESET_EVENT_RESOURCE_REWARDS_SCALE@~2024-12-11 15:49:14": "Resurs Belöning Kvantitet",
		"RULESET_TERRITORY_UPKEEP_SCALE@~2024-12-11 15:49:19": "Kostnad för upprätthållande av territorium",
		"RULESET_UNLOCK_ALL_UNLOCKABLES@~2024-09-11 22:08:40": "Lås upp alla upplåsbara",
		"RULESET_UNLOCK_ALL_TERRITORIES@~2024-09-27 17:11:39": "Äg alla territorier",
		"RULESET_MILITARY_IMPAIRMENT_CHANCE@2024-12-11 15:49:23": "Faror i samband med militära uppdrag",
		"RULESET_TRADE_SCALING_FACTOR@~2024-12-11 15:49:28": "Resursvolym för handelsvägar",
		"RULESET_MAX_TAX_PENALTY@~2024-12-11 15:49:32": "Intäkter från bostadsbeskattning",
		"RULESET_PRODUCTION_CYCLE_DURATION@~2024-12-11 15:49:36": "Produktionstid för arbetsplats",
		"RULESET_INSTANT_BUILD@~2024-12-11 15:49:40": "Kosmetisk konstruktion",
		"VALUE_CHOICE_LOW@~2024-08-09 15:27:49": "Nedsatt",
		"VALUE_CHOICE_MEDIUM@~2024-12-19 01:52:50": "Balanserad",
		"VALUE_CHOICE_HIGH@~2024-12-11 15:49:47": "Generös",
		"VALUE_CHOICE_ULTRA@~2024-12-11 15:49:53": "Överdådig",
		"BECAUSE_OF_RULESET_X@~2024-10-07 19:22:14": "På grund av regel: {1}",
		"PRESET_CUSTOM_DESC@~2024-12-11 15:49:58": "Skräddarsy spelreglerna för att skapa din perfekta upplevelse.",
		"PRESET_CREATIVE_DESC@2024-12-11 15:50:02": "Bygg fritt och fokusera på skapande utan ekonomiska begränsningar.",
		"PRESET_CASUAL_DESC@2025-01-30 23:32:11": "Njut av en avslappnad och lättsam upplevelse med minimal utmaning.",
		"PRESET_CLASSIC_DESC|PREST_CLASSIC_DESC@2025-01-14 22:58:01": "Spela spelet som det är tänkt. Perfekt för din första genomspelning.",
		"PRESET_CHALLENGE_DESC|PRESET_CHALLENGE_DEC@2024-12-11 15:50:14": "Ett svårt läge som lämpar sig för noggranna strateger.",
		"RULESET_EVER_HAPPY_TOGGLE_DESC@2025-01-30 23:32:11": "Maximera dina bybors lycka.",
		"RULESET_INVINCIBLE_ARMY_TOGGLE_DESC": "Förhindra att dina kombattanter drabbas av förluster eller skador.",
		"RULESET_NO_EVENT_TOGGLE_DESC": "Aktivera valfria narrativa händelser.",
		"RULESET_PROSPECT_ALL_MINERALS_TOGGLE_DESC@2025-01-14 22:58:01": "Börja med att prospektera alla mineralfyndigheter. Du måste fortfarande säkra deras territorier för att bygga stenbrott.",
		"RULESET_UNLOCK_AND_UPGRADE_TRADE_ROUTES_TOGGLE_DESC@2025-01-14 22:58:01": "Lås upp och uppgradera alla handelsvägar till nivå 4.",
		"RULESET_MINIMUM_HAPPINESS_LEAVING_SCALE_DESC": "Justera den lägsta lyckonivån som får din befolkning att lämna.",
		"RULESET_RESOURCE_REGROWTH_SCALE_DESC": "Justera regenereringstiden för miljöresurser som bär, fisk, vildsvin och träd.",
		"RULESET_EVENT_INFLUENCE_REWARDS_SCALE_DESC": "Justera mängden Influence som tjänas in från narrativa händelser.",
		"RULESET_EVENT_RESOURCE_REWARDS_SCALE_DESC": "Justera resursbelöningarna som erhålls från narrativa händelser.",
		"RULESET_TERRITORY_UPKEEP_SCALE_DESC": "Justera underhållskostnaden för dina territorier.",
		"RULESET_UNLOCK_ALL_UNLOCKABLES_DESC": "Börja med alla upplåsningsbara objekt från Progression Screen upplåsta.",
		"RULESET_UNLOCK_ALL_TERRITORIES_DESC": "Börja med att äga alla territorier på kartan, utan några kostnader för att underhålla territoriet.",
		"RULESET_MILITARY_IMPAIRMENT_CHANCE_DESC": "Justera risken för att dina kombattanter skadas, dödas eller förlorar sina vapen.",
		"RULESET_TRADE_SCALING_FACTOR_DESC": "Justera volymen av resurser som handelsvägar kommer att köpa och sälja.",
		"RULESET_MAX_TAX_PENALTY_DESC": "Justera intäkterna från bostadsbeskattningen.",
		"RULESET_PRODUCTION_CYCLE_DURATION_DESC": "Justera produktionshastigheten på arbetsplatserna.",
		"RULESET_INSTANT_BUILD_DESC@2025-01-14 22:58:01": "Slutför konstruktioner direkt och gör det möjligt att justera synligheten för deras konstruktionssteg.",
		"VALUE_CHOICE_LOW_TOLERANCE@~2024-12-11 16:01:39": "Känslig",
		"VALUE_CHOICE_HIGH_TOLERANCE": "Tolerant",
		"VALUE_CHOICE_ULTRA_TOLERANCE@~2024-12-11 16:00:20": "Tillåtande",
		"VALUE_CHOICE_LOW_TIME": "Snabb",
		"VALUE_CHOICE_HIGH_TIME": "Långsam",
		"VALUE_CHOICE_ULTRA_TIME": "Långsammast",
		"VALUE_CHOICE_LOW_RISK": "Rättvist",
		"VALUE_CHOICE_HIGH_RISK": "Knepigt",
		"VALUE_CHOICE_ULTRA_RISK": "Farligt",
		"VALUE_CHOICE_LOW_COST": "Överkomligt",
		"VALUE_CHOICE_HIGH_COST": "Dyrt",
		"VALUE_CHOICE_ULTRA_COST": "Orimligt",
		"RULESET_UNDEPLETABLE_SMALL_MINERAL_TOGGLE|RULESET_UNLIMITED_SMALL_MINERALS@2025-01-27 18:44:39": "Icke-utvinningsbara små mineralfyndigheter",
		"RULESET_UNDEPLETABLE_SMALL_MINERAL_TOGGLE_DESC@2025-01-27 18:44:39": "Små mineralfyndigheter är inte utvinningsbara.",
		"CUSTOMIZE_RULES@~2025-01-15 22:08:38": "Anpassa regler",
		"TUTORIAL@~2025-01-15 22:08:26": "Handledning",
		"RULESET_UNLIMITED_RESOURCES_TOGGLE@~2025-01-28 20:19:18": "Obegränsade resurser",
		"RULESET_UNLIMITED_COINS_TOGGLE@~2025-01-28 20:19:22": "Obegränsade mynt",
		"RULESET_UNLIMITED_RESOURCES_TOGGLE_DESC@~2025-01-28 20:19:26": "Börja med en obegränsad mängd av alla resurser.",
		"RULESET_UNLIMITED_COINS_TOGGLE_DESC@~2025-01-28 20:19:29": "Börja med en obegränsad mängd mynt."
	}
}