﻿{
	"RULE_MODIFIERS": {
		"NEW_BAILIFF_MODIFIER@~2024-12-17 01:19:58": "Ny fogdeeffekt!",
		"NEW_INFLUENCE_MODIFIER@~2024-12-17 01:20:01": "Ny inflytelseeffekt!",
		"HAPPINESS_VILLAGERS_OVERRIDEN_X_VALUE@~2024-08-09 17:48:50": "Din befolknings lycka är inställd på {1}.",
		"X_REPLENISH_DURATION_Y_MORE@~2024-08-09 17:48:16": "{1} förnyelse tar {2} mer tid.",
		"X_REPLENISH_DURATION_Y_LESS@~2024-08-09 17:48:20": "{1} förnyelse tar {2} mindre tid.",
		"ALL_REPLENISHABLE_RESOURCES@~2024-12-17 01:39:48": "Alla miljöresurser",
		"YOUR_ARMY_IS_INVINCIBLE@~2024-08-09 17:48:00": "Dina kombattanter kommer inte att dö, bli skadade eller få sina vapen trasiga.",
		"ALL_MINERAL_DEPOSITS_ARE_PROSPECTED@~2024-08-09 17:49:37": "Alla mineralfyndigheter är prospekterade.",
		"TERRITORY_UPKEEP_INCREASED_BY_X@~2024-08-09 17:38:48": "Territoriets Upkeep ökade med {1}.",
		"TERRITORY_UPKEEP_DECREASED_BY_X@~2024-08-09 17:38:51": "Territoriets Upkeep minskade med {1}.",
		"NO_OPTIONAL_EVENTS@~2024-08-09 17:49:16": "Valfria händelser är inaktiverade.",
		"X_TRADING_VILLAGES_ARE_UNLOCKED_AND_UPGRADED@~2024-08-09 17:45:07": "{1} Handelsvägar är upplåsta och uppgraderade.",
		"X_TRADING_VILLAGE_IS_UNLOCKED_AND_UPGRADED@~2024-08-09 17:45:10": "{1} Handelsvägen är upplåst och uppgraderad.",
		"ALL_TRADING_VILLAGES_ARE_UNLOCKED_AND_UPGRADED@~2024-08-09 17:45:13": "Alla handelsvägar är upplåsta och uppgraderade.",
		"MINIMUM_HAPPINESS_LEAVING_X|X_MINIMUM_HAPPINESS_LEAVING_MORE@~2024-08-14 21:22:19": "Befolkningsminimum Happiness för att lämna är {1}.",
		"EVENTS_RESOURCES_REWARDS_SCALED@~2024-08-09 17:49:26": "Belöningar för eventresurser multipliceras med {1}.",
		"EVENTS_INFLUENCE_REWARDS_SCALED@~2024-08-09 17:49:29": "Event Influence-belöningar multipliceras med {1}.",
		"ALL_UNLOCKABLES_ARE_UNLOCKED@~2024-10-07 21:13:25": "Alla Progression Unlockables är upplåsta.",
		"ALL_TERRITORIES_ARE_UNLOCKED@~2024-10-07 19:24:13": "Alla territorier ägs och är fria från underhåll.",
		"MILITARY_MISSION_IMPAIRMENT_DECREASED_BY_X@~2024-10-07 21:08:08": "Försämring av militära uppdrag minskade med {1}.",
		"MILITARY_MISSION_IMPAIRMENT_INCREASED_BY_X@~2024-10-07 21:08:11": "Försämring av militära uppdrag ökade med {1}.",
		"TRADE_SCALING_FACTOR_INCREASED_X@2025-01-14 22:58:01": "Volymen av handelsvägar ökade med {1}.",
		"TRADE_SCALING_FACTOR_DECREASED_X@2025-01-14 22:58:01": "Volymen av handelsvägar minskade med {1}.",
		"RESIDENTIAL_MAX_TAX_REVENUE_INCREASED_BY_X@~2024-10-10 17:10:11": "Intäkterna från bostadsbeskattningen ökade med {1}.",
		"RESIDENTIAL_MAX_TAX_REVENUE_DECREASED_BY_X@~2024-10-10 17:10:20": "Intäkterna från bostadsbeskattningen minskade med {1}.",
		"PRODUCTION_CYCLE_DURATION_INCREASED_BY_X@~2024-10-10 17:20:13": "Produktionstiden för arbetsplatsen ökade med {1}.",
		"PRODUCTION_CYCLE_DURATION_DECREASED_BY_X@~2024-10-10 17:20:18": "Produktionstiden för arbetsplatsen minskade med {1}.",
		"ALL_BUILDINGS_WILL_BE_INSTANTALY_BUILD@~2024-12-17 01:30:52": "Byggnader färdigställs direkt. Du kan anpassa byggstegen för att justera framstegen, vilket pausar funktionaliteten.",
		"UNLIMITED_RESOURCES_EFFECT@~2025-01-28 20:19:34": "Alla resurser är obegränsade.",
		"UNLIMITED_COINS_EFFECT@~2025-01-28 20:19:37": "Mynten är obegränsade."
	},
	"EDICTS_PRIVILEGES": {
		"PRIVILEGE_UNLOCKABLE_TITLE": "{1} Privilegium",
		"EDICT_DOUBLEMINERALPRODUCTION_TITLE": "Främjande av stenarbete",
		"EDICT_TRADEQUANTITY_TITLE": "Bulkhandel",
		"EDICT_NOMAINTENANCE_TITLE": "Robust material",
		"EDICT_TOOLSHALVED_TITLE": "Noggrann planering",
		"EDICT_BAILIFFIMPROVEMENT_TITLE": "Avtalsenlig lön",
		"EDICT_DOUBLEMINERALPRODUCTION_UNLOCKABLE": "Stenarbete Promotion Edict",
		"EDICT_TRADEQUANTITY_UNLOCKABLE": "Påbud om bulkhandel",
		"EDICT_NOMAINTENANCE_UNLOCKABLE": "Edict för robust material",
		"EDICT_TOOLSHALVED_UNLOCKABLE": "Försiktig planering Påbud",
		"EDICT_BAILIFFIMPROVEMENT_UNLOCKABLE": "Avtalsenlig lönediktat",
		"PRIVILEGE_CLERGY_WINEIMPORT_TITLE": "Prestigeförsegling",
		"PRIVILEGE_CLERGY_TRADEINFLUENCE_TITLE": "God granne",
		"PRIVILEGE_CLERGY_CHURCHTAXES_TITLE": "Tiondeskatter",
		"PRIVILEGE_CLERGY_MONASTERYFOODHALVED_TITLE": "Pious Fasta",
		"PRIVILEGE_CLERGY_TRADEBONUS_TITLE": "Handelsavtal",
		"PRIVILEGE_CLERGY_UPKEEP_HIGH_TITLE": "Församlingsbidrag",
		"PRIVILEGE_LABOUR_IMMIGRATIONFACTOR_TITLE": "Rättvist rykte",
		"PRIVILEGE_LABOUR_EXTRATAXES_TITLE": "Ytterligare beskattning",
		"PRIVILEGE_LABOUR_HIGHTAXES_TITLE": "Plikttrogna betalare",
		"PRIVILEGE_LABOUR_TRADEINFLUENCE_TITLE": "Familjeföretag",
		"PRIVILEGE_LABOUR_TRADETAXATION_TITLE": "Skatt på handelsvaror",
		"PRIVILEGE_LABOUR_TRADEBONUS_TITLE": "Köpmannaförbundet",
		"PRIVILEGE_LABOUR_UPKEEP_HIGH_TITLE": "Medborgerliga sysslor",
		"PRIVILEGE_KINGDOM_BONUSTERRITORY_TITLE": "Ärvd mark",
		"PRIVILEGE_KINGDOM_KNIGHT_TITLE": "Kungens utmärkelse",
		"PRIVILEGE_KINGDOM_TAXSPEED_TITLE": "Skydd Beskattning",
		"PRIVILEGE_KINGDOM_TRADEBONUS_TITLE": "Ekonomisk allians",
		"PRIVILEGE_KINGDOM_UPKEEP_HIGH_TITLE": "Ståtligt bidrag",
		"MARKET_TAXATION_UNLOCKED@2025-01-14 22:58:01": "Lås upp varuskatter på marknadsstånd.",
		"CHURCH_TAXATION_UNLOCKED@2025-01-14 22:58:01": "Lås upp tionde skatter på kyrkor."
	}
}