﻿{
	"CONTROLS_ACTION": {
		"LEFT_CLICK": "Vänsterklick",
		"LEFT_CLICK_DRAG": "Vänsterklicka dra",
		"RIGHT_CLICK": "Högerklick",
		"HOLD_KEY": "Håll {1}",
		"HORIZONTAL_MOUSE_MOVEMENT": "Horisontell musrörelse",
		"MOUSE_WHEEL": "Mushjul"
	},
	"CONTROLS": {
		"X_TO_SELECT_PLACE_BUILDING_PART": "{1} för att välja/placera en del",
		"X_ON_VERTICAL_ARROWS_TO_RESCALE_PART": "{1} på vertikala pilar för att skala om en del vertikalt",
		"X_TO_DELETE_PART": "{1} för att radera en del",
		"X_AND_Y_TO_ROTATE_PART": "{1} och {2} för att rotera en del",
		"X_AND_Y_TO_MOVE_BRIDGE": "{1} och {2} för att flytta bron",
		"X_AND_Y_TO_KEEP_PART_SELECTION@2024-11-06 17:21:00": "{1} och {2} för att placera en byggnadsdel och behålla valet",
		"X_ON_WALL_NODE_TO_SELECT_PLACE_NEW_NODE": "{1} på murnod för att flytta/placera ny nod",
		"X_ON_WALL_SECTION_TO_TOGGLE_WALL_CURVING": "{1} på mursektion för att växla murböjning",
		"X_AND_Y_TO_EXTEND_EXISTING_WALL": "{1} och {2} för att förlänga befintlig mur",
		"X_AND_Y_TO_REMOVE_WALL_NODE_SECTION": "{1} och {2} för att ta bort väggnod/-sektion",
		"X_TO_CANCEL_SELECTION": "{1} för att avbryta",
		"X_TO_PAINT": "{1} för att måla",
		"X_TO_ERASE": "{1} för att sudda",
		"X_AND_Y_TO_RESIZE_BRUSH_SIZE@2024-11-06 17:21:00": "{1} och {2} för att ändra borststorlek",
		"X_TO_INCREASE_BRUSH_SIZE": "{1} för att öka penselstorleken",
		"X_TO_DECREASE_BRUSH_SIZE": "{1} för att minska penselstorleken"
	}
}