﻿{
	"UNLOCKABLES": {
		"TAVERN_ADDITIONAL_PARTS": "Raffinerad arkitektur för värdshus",
		"MONASTERY_STONE_SET": "Monastisk stenarkitektur",
		"CHURCH_ADDITIONAL_RUSTIC_PARTS": "Rustik kyrkoarkitektur",
		"WINE_PRODUCTION_SET": "Monastisk vinframställning",
		"BEEKEEPING_PRODUCTION_SET": "Monastisk biodling",
		"MONASTERY_ABBATIAL_SET": "Monastisk klosterkyrka",
		"STONE_CHURCH_SET": "Stenkyrka",
		"MANOR_HOUSE_STONE_SET@~2024-10-24 20:28:25": "Herrgårdsbyggnad Stadsarkitektur",
		"CLOTHING": "Kläder",
		"DAIRY_FARMING": "Mjölkproduktion",
		"BEER_PRODUCTION": "Produktion av öl",
		"COMMON_GOODS": "Gemensamma varor",
		"BUILDING_X_SPLENDOR_PACKAGE@2025-01-14 22:58:01": "{1} Praktpaketet",
		"STAINED_GLASS_PRODUCTION_SET": "Glasbearbetning",
		"COMMONWARES_TECH": "Förbättring av vanliga varor",
		"CANDLE_TECH": "Stearinljus Förbättring",
		"CITY_FORTIFICATION@~2023-09-22 17:15:08": "Stadsbefästningar",
		"SPEAR_WARFARE@~2024-01-12 16:44:39": "Spjutkrigföring",
		"BOW_WARFARE@~2024-01-12 16:44:55": "Bågkrigföring",
		"SWORD_WARFARE@~2024-01-12 16:45:07": "Svärdkrigföring",
		"UNLOCKABLE_CLOTHING_DESC@2025-01-14 23:02:04": "Låser upp produktionen av Common Clothes, en Goods-resurs.",
		"UNLOCKABLE_EDICT_SLOT_DESC@~2024-07-15 18:09:17": "Låser upp en Edict-plats för din by.",
		"UNLOCKABLE_TOOLING_DESC@2025-01-14 23:02:04": "Låser upp produktionen av verktyg, en materialresurs.",
		"UNLOCKABLE_BEER_DESC@2025-01-14 23:02:04": "Låser upp produktionen av öl, en underhållningsresurs.",
		"UNLOCKABLE_COMMONWARES_DESC@2025-01-14 23:02:04": "Låser upp produktionen av Common Wares, en resurs för varor.",
		"UNLOCKABLE_GLASS_PRODUCTION_DESC@~2023-01-01 01:01:01": "Låser upp skapandet av Stained Glass.",
		"UNLOCKABLE_CANDLES_DESC@2025-01-14 23:02:04": "Låser upp produktionen av Candles, en Goods-resurs.",
		"UNLOCKABLE_COOPERAGE_DESC@2025-01-14 23:02:04": "Låser upp produktionen av Barrels, en materialresurs.",
		"UNLOCKABLE_DAIRY_DESC@2025-01-14 23:02:04": "Låser upp produktionen av ost, en raffinerad livsmedelsresurs.",
		"UNLOCKABLE_JEWELRY_DESC@2025-01-14 23:02:04": "Låser upp produktionen av smycken, en lyxresurs.",
		"UNLOCKABLE_SCULPTURE_DESC@2025-01-14 22:58:01": "Låser upp skapandet av skulpturer.",
		"UNLOCKABLE_CANDLE_TECH_DESC@~2024-07-24 18:41:13": "Låser upp en förbättring för Candle Workshop.",
		"UNLOCKABLE_COMMONWARES_TECH_DESC@~2024-07-24 18:41:19": "Låser upp en förbättring för Common Wares Workshop.",
		"UNLOCKABLE_PRIVILEGE_SLOT_DESC@~2024-07-15 18:09:09": "Låser upp en Estate Privilege-plats för din by.",
		"UNLOCKABLE_MONASTERY_DESC@~2023-01-01 01:01:01": "Låser upp klostermonumentet, som gör att du kan ägna bybor åt ett klosterliv.",
		"UNLOCKABLE_CHURCH_ARCHITECTURE_DESC@~2023-01-01 01:01:01": "Låser upp ytterligare delar till din rustika kyrka.",
		"UNLOCKABLE_APIARY_DESC@2025-01-14 23:02:04": "Låser upp produktionen av vax och honung, en material- respektive lyxresurs.",
		"UNLOCKABLE_BAILIFF_MONASTIC_DESC@~2024-07-15 18:05:06": "Låser upp Sändebudshus för ditt kloster, vilket gör att du kan nominera en Monastiskt sändebud.",
		"UNLOCKABLE_CLOISTER_DESC@2025-01-14 23:02:04": "Låser upp ett kloster till ditt kloster, vilket uppfyller behovet av ett kloster.",
		"UNLOCKABLE_HOSPITIUM_DESC@2025-01-14 23:02:04": "Låser upp Hospitium för ditt kloster, så att pilgrimer kan vila där.",
		"UNLOCKABLE_MONASTERY_KITCHEN_DESC@~2023-01-01 01:01:01": "Låser upp produktionen av Monastic Food från ett urval av recept.",
		"UNLOCKABLE_CLERGY_SPLENDOR_DESC@2025-01-14 22:58:01": "Låser upp Prakt-dekorationer för dina prästerskapsmonument.",
		"UNLOCKABLE_MONASTERY_MODEST_DESC@~2023-01-01 01:01:01": "Låser upp Modest Parts för ditt kloster.",
		"UNLOCKABLE_WINE_PRODUCTION_DESC@2025-01-14 23:02:04": "Låser upp produktionen av vin, en underhållningsresurs.",
		"UNLOCKABLE_STONE_CHURCH_DESC@~2023-01-01 01:01:01": "Låser upp stenkyrkan för din by.",
		"UNLOCKABLE_ABBATIAL_DESC@~2023-01-01 01:01:01": "Låser upp Abbatial Church för ditt kloster.",
		"UNLOCKABLE_CASTLE_DESC@~2023-01-01 01:01:01": "Låser upp slottsmonumentet, som låter dig rekrytera, utbilda och utplacera stridande.",
		"UNLOCKABLE_CASTLE_ARCHITECTURE_DESC@~2023-01-01 01:01:01": "Låser upp ytterligare delar till ditt slott.",
		"UNLOCKABLE_KINGDOM_SPLENDOR_DESC@2025-01-14 22:58:01": "Låser upp Prakt-dekorationer för dina kungarikesmonument.",
		"UNLOCKABLE_BAILIFF_KINGDOM_DESC@~2024-07-15 18:01:51": "Låser upp det kungliga kontoret för ditt slott, där du kan nominera en kunglig hovman.",
		"UNLOCKABLE_PROVISIONER_DESC@~2023-01-01 01:01:01": "Låser upp produktionen av krigsransoner från ett urval av recept.",
		"UNLOCKABLE_SPEAR_WARFARE_DESC@2025-01-14 22:58:01": "Låser upp bildandet av spjutföretag vid ditt slott och produktionen av spjut.",
		"UNLOCKABLE_BOW_WARFARE_DESC@2025-01-14 22:58:01": "Låser upp bildandet av bågkompanier vid ditt slott och produktionen av kortbågar.",
		"UNLOCKABLE_SWORD_WARFARE_DESC@2025-01-14 22:58:01": "Låser upp bildandet av svärdskompanier vid ditt slott och produktionen av järnsvärd.",
		"UNLOCKABLE_CASTLE_MODEST_DESC@~2023-01-01 01:01:01": "Låser upp Modest Parts för ditt slott.",
		"UNLOCKABLE_MESSHALL_DESC@2025-01-14 23:02:04": "Låser upp mässhallen för ditt slott, där du kan ge mat till de stridande.",
		"UNLOCKABLE_HEALINGHOUSE_DESC@2025-01-14 23:02:04": "Låser upp läkarhuset för ditt slott, vilket gör att stridande kan läka snabbare.",
		"UNLOCKABLE_QUARTERS_DESC@2025-01-14 22:58:01": "Låser upp de privata kvarteren för ditt slott, som låter riddare och adelsmän uppfylla sina komfortbehov.",
		"UNLOCKABLE_SPEAR_2_DESC@2025-01-14 22:58:01": "Låser upp produktionen av Polearms i din Spearmaker's Hut.",
		"UNLOCKABLE_BOW_2_DESC@2025-01-14 22:58:01": "Låser upp tillverkningen av Recurve Bows i din Bowyer's Hut.",
		"UNLOCKABLE_SWORD_2_DESC@2025-01-14 22:58:01": "Låser upp tillverkningen av stålsvärd hos din svärdssmed.",
		"UNLOCKABLE_MARKET_GOODS_DESC@2025-01-14 22:58:01": "Låser upp varumarknaden, där du kan sälja varor till dina bybor.",
		"UNLOCKABLE_TAVERN_DESC@2025-01-14 22:58:01": "Låser upp värdshus, som låter dina bybor uppfylla sina underhållningsbehov genom att förbruka resurser.",
		"UNLOCKABLE_MANOR_STONE_DESC@~2024-10-24 20:28:29": "Låser upp City Parts för ditt Manor House.",
		"UNLOCKABLE_MARKET_LUXURY_DESC@~2023-01-01 01:01:01": "Låser upp lyxmarknaden, där du kan sälja lyxresurser till dina bybor.",
		"UNLOCKABLE_TAVERN_KITCHEN_DESC@2025-01-14 22:58:01": "Låser upp produktionen av värdshusmåltider, som förbättrar lyckan hos de bybor som besöker värdshuset.",
		"UNLOCKABLE_TAVERN_STONE_DESC@~2024-12-17 01:40:54": "Låser upp ytterligare delar till ditt värdshus.",
		"UNLOCKABLE_ADDITIONAL_TAXATION_DESC@~2023-01-01 01:01:01": "Låser upp ytterligare en skatt för din by.",
		"UNLOCKABLE_TREASURY_MONASTERY_DESC@~2024-07-15 17:59:13": "Låser upp skattkammaren för ditt kloster.",
		"UNLOCKABLE_TREASURY_CASTLE_DESC@~2024-07-15 17:59:08": "Låser upp skattkammaren för ditt slott.",
		"X_PRIVILEGE_SLOT_CLERGY@~2024-07-15 18:15:49": "{1} prästerskapets privilegier",
		"X_PRIVILEGE_SLOT_LABOR@2025-01-14 22:58:01": "{1} Arbetstagarprivilegier",
		"X_PRIVILEGE_SLOT_KINGDOM@~2024-07-15 18:16:02": "{1} Kungarikesprivilegie",
		"UNLOCKABLE_WHEATFARM_TECH_DESC@~2024-07-24 18:40:58": "Låser upp förbättringar för vetegården.",
		"UNLOCKABLE_STONEMASON_TECH_DESC@~2024-07-24 20:52:27": "Låser upp förbättringar för stenhuggarstugan.",
		"UNLOCKABLE_STORAGE_TECH_DESC@~2024-07-25 15:00:21": "Låser upp förbättringar för spannmålsmagasinet och lagerlokalen.",
		"UNLOCKABLE_PAVED_ROAD@~2024-09-25 18:47:24": "Asfalterade vägar",
		"UNLOCKABLE_PAVED_ROAD_DESC@2025-01-14 22:58:01": "Låser upp Paviour's Yard för att uppgradera grusvägar till stenbelagda vägar.",
		"UNLOCK_CITY_MARKET_DESC@~2024-12-11 17:11:41": "Låser upp marknadshallen för din City Market, som gör att du kan förse tätbefolkade områden med resurser.",
		"UNLOCK_CITY_BELFRY_DESC@2025-01-14 22:58:01": "Låser upp det prestigefyllda City Belfry för City Market, som kan öka lyckan för bybor som bor i närheten.",
		"UNLOCKABLE_TAVERN_LODGE_DESC@~2024-12-17 02:42:31": "Låser upp värdshuslogi för ditt värdshus, som låter resenärer vila i din by.",
		"CITY_FENCE@~2024-12-12 21:12:00": "Stadsstängsel",
		"UNLOCKABLE_ENCAMPMENT_HQ_DESC@2025-01-14 23:02:04": "Låser upp kommandoposten för borgen och varje läger, vilket utökar deras kompanis storlek.",
		"RUSTIC_CHURCH_SET@~2025-01-20 18:10:07": "Rustik kyrkoarkitektur",
		"UNLOCKABLE_KNIGHT_STATUE_DESC@~2025-01-21 00:04:58": "Låser upp den majestätiska hjältarnas domstol, som kan stärka alla stridande parters lycka."
	},
	"NOTIFICATIONS": {
		"CLERGY_T1_DESC": "Prästerskapet har visat intresse för er mark.",
		"CLERGY_T2_DESC": "Din mark är uppskattad av prästerskapet.",
		"CLERGY_T3_DESC": "Ert lands förtjänster beundras av prästerskapet.",
		"CLERGY_T4_DESC": "Prästerskapet hyllar ditt lands prestige.",
		"CLERGY_T5_DESC": "Din berömda mark är omtyckt av prästerskapet.",
		"KINGDOM_T1_DESC": "Några adelsmän har lagt märke till ert land.",
		"KINGDOM_T2_DESC": "Kungariket har ett intresse av din mark.",
		"KINGDOM_T3_DESC": "Namnet på ert land är välkänt bland adeln.",
		"KINGDOM_T4_DESC": "Ditt land är beundrat av rikets adelsmän.",
		"KINGDOM_T5_DESC": "Kungen själv lovordar ert land."
	}
}