﻿{
	"UNLOCKABLES": {
		"EXTRA_EDICT_SLOT@~2024-04-26 15:45:08": "Förordnande om utökad by",
		"UNLOCK": "Lås upp",
		"UNLOCK_X": "Lås upp {1}",
		"UNLOCK_X_DESC": "Lås upp {1}",
		"UNLOCK_FREE": "Lås upp kostnadsfritt",
		"UNLOCK_PART_X_FOR_BUILDING_Y": "Lås upp {1} för {2}",
		"X_MUST_BE_UNLOCKED": "{1} måste vara upplåst.",
		"PAY_X_TO_UNLOCK": "Betala {1} för att låsa upp",
		"UNLOCKED_DESC": "Detta har redan låsts upp.",
		"ACTIVE_BONUS_EFFECT": "Denna bonuseffekt är för närvarande aktiv.",
		"UNLOCK_NEW_PARTS_FOR_X": "{1}: {2}",
		"UNLOCK_NEW_PARTS_FOR_X_DESC": "Lås upp nya delar för {1}",
		"UNLOCK_NEW_PARTS_FOR_X_BOUGHT": "Nya delar för {1} är tillgängliga!",
		"X_PART_IS_NOW_AVAILABLE_FOR_Y": "{1} är nu tillgängligt för {2}!",
		"UNLOCK_TRADE_BONUS": "Handelsbonus",
		"UNLOCK_TRADE_BONUS_DESC": "Få en handelsbonus på {IMG1} med byar med {IMG2} lojalitet.",
		"UNLOCK_BUILDING_FUNCTION_DESC@2024-11-06 17:21:00": "Funktion som kan tilldelas byggnadsdelar.",
		"AVAILABLE_IN_X_DAYS": "Tillgänglig om {1} dag(ar).",
		"BUILDING_FUNCTION_AVAILABLE": "{1} byggfunktionen är nu tillgänglig",
		"FARMING": "Jordbruk",
		"TOOLING": "Verktygstillverkning",
		"FISHING": "Fiske",
		"HUNTING": "Jakt",
		"BUTCHERING": "Slakt",
		"UNLOCK_NEW_TAXATION_TYPES": "Nya skatteformer",
		"ADD_TAXATION_TYPES_X": "Lägg till skatteformer: {1}",
		"REMOVE_TAXATION_TYPES_X": "Ta bort skatteformer: {1}",
		"ADD_MANDATE_TYPES_X": "Lägg till mandattyper: {1}",
		"REMOVE_MANDATE_TYPES_X": "Ta bort mandattyper: {1}",
		"TAXATION_FUNCTION_DESC": "{1}skatter",
		"VILLAGE_FORTIFICATION@~2023-09-22 17:15:02": "Byns befästningar",
		"BUILDING_X_ARCHITECTURE@~2024-05-14 21:43:01": "{1} Rustik arkitektur",
		"DECORATIVE_X@~2024-05-15 20:11:25": "{1} Dekoration",
		"UNLOCKABLE_MANOR_HOUSE_DESC@2024-11-06 17:21:00": "Låser upp monumentet Stadshus, som låter dig styra över dina bybor.",
		"UNLOCKABLE_FORTIFICATION_DESC@~2023-01-01 01:01:01": "Låser upp befästningar för din bys säkerhet.",
		"UNLOCKABLE_FISHING_DESC@2024-12-20 21:00:41": "Låser upp Fiskproduktion, en Rustik matresurs.",
		"UNLOCKABLE_FENCE_DESC@~2023-01-01 01:01:01": "Låser upp dekorativa staket.",
		"UNLOCKABLE_STORAGE_DESC@~2023-01-01 01:01:01": "Låser upp lager för dina resurser.",
		"UNLOCKABLE_BRIDGE_DESC@~2023-01-01 01:01:01": "Låser upp en bro för din by.",
		"UNLOCKABLE_BUTCHERING_DESC@2024-12-20 20:58:36": "Låser upp Köttproduktion, en Förädlad matresurs.",
		"UNLOCKABLE_FARMING_DESC@2024-12-20 20:58:40": "Låser upp Brödproduktion, en Förädlad matresurs.",
		"UNLOCKABLE_STONEMASON_DESC@2024-12-20 21:04:51": "Låser upp produktion av byggnadsstenar, en materialresurs.",
		"UNLOCKABLE_TREASURY_DESC@~2023-01-01 01:01:01": "Låser upp Skattkammere för monument.",
		"UNLOCKABLE_BEAUTIFICATION_DECO_DESC@~2023-01-01 01:01:01": "Låser upp Försköningsdekorationer för din by.",
		"UNLOCKABLE_BAILIFF_LABOR_DESC@~2024-07-15 18:05:14": "Låser upp fogdehus för din Herrgård, där du kan nominera en fogde.",
		"UNLOCKABLE_TREASURY_MANOR_HOUSE_DESC@~2024-07-15 17:59:17": "Låser upp skattkammaren för din herrgård.",
		"X_IMPROVEMENT@~2024-07-22 16:45:01": "{1} Förbättring",
		"UNLOCKABLE_WOODCUTTER_TECH_DESC@~2024-11-28 16:03:06": "Låser upp förbättringar för timmerläger.",
		"MANOR_HOUSE_VILLAGE_SET@~2024-10-24 20:28:11": "Herrgård Village Arkitektur",
		"UNLOCKABLE_MANOR_VILLAGE_DESC@~2024-10-24 20:28:02": "Låser upp bydelar till ditt herrgårdshus."
	},
	"NOTIFICATIONS": {
		"TIER_1_TITLE": "Nivå 1",
		"TIER_2_TITLE": "Nivå 2",
		"TIER_3_TITLE": "Nivå 3",
		"TIER_4_TITLE": "Nivå 4",
		"TIER_5_TITLE": "Nivå 5",
		"COMMON_T1_DESC@2024-11-06 17:21:00": "Din nyförvärvade mark håller fortfarande på att finna sig till rätta.",
		"COMMON_T2_DESC": "Ditt folk arbetar hårt för att förbättra marken.",
		"COMMON_T3_DESC": "Din mark växer till en underbar plats.",
		"COMMON_T4_DESC": "Dina gator är fulla av bybor av alla de slag.",
		"COMMON_T5_DESC": "Alla har en möjlighet i ditt land.",
		"COMMON_T6_DESC": "Ert land är ett exempel på skönhet och välstånd.",
		"LABOUR_T1_DESC@2024-11-06 17:21:00": "Folk i allmänhet har hört talas om ert land.",
		"LABOUR_T2_DESC": "Folk säger bra saker om din mark.",
		"LABOUR_T3_DESC": "Din mark finns i varje bondes tankar.",
		"LABOUR_T4_DESC": "Folk drömmer om att bosätta sig i ditt land.",
		"LABOUR_T5_DESC": "Ditt land är en del av rikets folksägner.",
		"TIER_UNLOCKED@2024-11-06 17:21:00": "Din bys prakt har låst upp en ny nivå av saker.",
		"TIER_LOCKED": "En nivå av upplåsningsbara saker har låsts.",
		"X_TIER_REACHED@~2024-10-08 21:12:44": "{1} {2} uppnådd!",
		"NEW_CONTENT_AVAILABLE_UNLOCK": "Nytt innehåll finns att låsa upp"
	}
}