﻿{
	"VICTORY_CONDITIONS": {
		"VICTORY_CONDITIONS_LIST": "Lista över bysträvanden",
		"EDIT_VICTORY_CONDITIONS": "Redigera bysträvanden",
		"REACH_TOP_CLERGY": "Gå hela vägen i Prästerskapets Riktning",
		"REACH_TOP_KINGDOM": "Gå hela vägen i Kungadömets Riktning",
		"REACH_TOP_LABOUR": "Gå hela vägen i Allmogens Riktning"
	},
	"VICTORY_CONDITIONS_CELEBRATIONS": {
		"VC_COMPLETED@2025-01-14 23:02:04": "Bysträvan lyckades",
		"VC_FAILED@2025-01-14 23:02:04": "Bysträvan misslyckades",
		"VC_COMPLETED_DESC@2025-01-14 22:58:01": "Vi ska vara stolta över genomförandet av följande bedrifter:",
		"VC_FAILED_DESC": "Tyvärr har vi inte lyckats uppnå följande strävan:",
		"VC_KINGDOM_FORTRESS_SUCCESS@2025-01-14 22:58:01": "Tack vare dina krigsinsatser och din strategiska insikt har du gjort ditt slott till en ointaglig fästning för riket, vilket har bringat ära och glans till din kung. Du är sannerligen en hjälte av riket!",
		"VC_CLERGY_PROSPEROUS_PRIORY_SUCCESS@~2024-07-02 19:52:51": "När prästerskapet inviger din klosterkyrka funderar du över vad du har åstadkommit. Ni uppfostrade ett troende kloster och samlade en respektfull klostergemenskap. Det råder ingen tvekan om att ni har gjort detta land till en bättre plats.",
		"VC_LABOR_COMMUNE_SUCCESS@2025-01-14 23:02:04": "När du passerar stadens Klocktorn kan du inte låta bli att känna stolthet. Med tiden har du förvandlat detta lilla livegenskap till en blomstrande by av fritt folk!"
	},
	"CONDITIONS": {
		"WARN_FAIL_VC_PROSPEROUS_PRIORY_TITLE@~2024-03-18 19:54:31": "Maximal bybefolkning",
		"WARN_FAIL_VC_PROSPEROUS_PRIORY_DESC@~2024-03-18 19:56:14": "Du har nått den maximala bybefolkningen för din nuvarande Bysträvan. Accepteras en ny bybo kommer du Bysträvan att misslyckas.\n\nVill du fortsätta?"
	}
}