﻿{
	"VICTORY_CONDITIONS": {
		"VICTORY_CONDITION": "Bysträvan",
		"VICTORY_CONDITIONS": "Bysträvanden",
		"VICTORY_CONDITIONS_DESC@2024-11-06 17:21:00": "Bysträvanden är frivilliga mål som du kan slutföra på dina egna villkor medan du hanterar din by. Om du spårar de du är intresserad av läggs de till i din lista över uppdrag.",
		"TRACKED_VICTORY_CONDITIONS": "Spårade bysträvanden",
		"NO_VICTORY_CONDITIONS_TRACKED": "Ingen bysträvan spåras.",
		"BUILD_ABBATIAL": "Bygg abottliga klosterkyrkan",
		"VC_PROSPEROUS_PRIORY@~2023-12-05 18:40:56": "Ett välmående priorat",
		"VC_KINGDOM_FORTRESS@~2024-10-25 14:08:07": "En mäktig fästning",
		"WALL_LENGTH_CONDITION_X_Y@2025-01-20 19:29:10": "Ha {1} {2} meter av mur",
		"WALL_LENGTH_CONDITION_Y_X@2025-01-20 19:29:09": "Ha {2} {1} meter av mur",
		"FORTIFIED_WALL_LENGTH_CONDITION_X_Y@2025-01-20 19:29:07": "Ha {1} {2} meter av befäst mur",
		"FORTIFIED_WALL_LENGTH_CONDITION_Y_X@2025-01-20 19:29:05": "Ha {2} {1} meter av befäst mur",
		"CONDITION_NEVER_BUILD_MONASTERY@~2024-06-14 14:41:36": "Bygg aldrig ett kloster",
		"CONDITION_NEVER_BUILD_CASTLE@~2024-06-14 14:41:30": "Bygg aldrig ett slott",
		"CONDITION_LOW_VILLAGER_POP@~2024-06-14 14:42:30": "Håll bybefolkningen under 75",
		"CONDITION_NEVER_PROMOTE_VILLAGER@~2024-06-14 14:41:49": "Befordra aldrig en bybo",
		"VC_PROSPEROUS_PRIORY_GOAL@~2024-12-11 18:49:37": "Bygg ett välmående priorat!",
		"VC_KINGDOM_FORTRESS_GOAL@~2024-12-11 18:49:32": "Bygg en mäktig fästning!",
		"VC_NO_ASPIRATION_GOAL@~2024-12-11 18:49:26": "Koppla av och spela på egen hand!",
		"VC_NO_ASPIRATION_DESC@2025-01-14 22:58:01": "För spelare som vill följa sina egna mål och se vart resan tar dem.",
		"I_ASPIRE_TO@~2024-06-14 14:59:44": "Jag strävar efter att...",
		"VC_CAPITAL@~2024-10-25 14:08:26": "En majestätisk huvudstad",
		"VC_CAPITAL_GOAL@~2024-12-11 18:49:03": "Bygg en majestätisk huvudstad!",
		"VC_LABOR_COMMUNE@~2024-10-25 14:08:42": "En prestigefylld borg",
		"VC_LABOR_COMMUNE_GOAL@~2024-12-11 18:49:16": "Bygg en prestigefylld borg!",
		"CONDITION_NEVER_OWN_MORE_THAN_X_TERRITORY|CONDITION_NEVER_TEN_TERRITORY@2025-01-20 19:28:41": "Äg aldrig mer än {1} territorium",
		"VC_KINGDOM_FORTRESS_DESC@~2024-10-25 15:09:27": "För erfarna spelare som vill fördjupa sig i spelets militära sida.",
		"VC_CAPITAL_DESC@~2024-10-25 15:20:30": "För spelare som vill bygga en balanserad gemenskap mellande tre ständerna.",
		"VC_LABOR_COMMUNE_DESC@2024-11-06 17:21:00": "För nybörjare som vill spela med beskattning och arbetskraft.",
		"VC_PROSPEROUS_PRIORY_DESC@2024-11-06 17:21:00": "För spelare som vill fokusera på ett kloster och handel.",
		"ASPIRATION_WILL_FAIL_IN_X@~2025-01-07 18:02:51": "Strävan misslyckas om {1} på grund av en begränsning.",
		"VC_WARNING_FAILING@~2025-01-10 21:33:06": "Strävan misslyckas på grund av en begränsning"
	}
}