location,source,target,id,fuzzy,context,translator_comments,developer_comments
,101,…och snart fungerar ingen av våra besvärjelser.,,False,,,
,102,Så ta skriftrullen och använd den senare.,,False,,,
,103,"Ta skriftrullen, Random…",,False,,,
,104,…använd den i dina uppdrag.,,False,,,
,105,Brynton...,,False,,,
,106,...lös uppdraget med dina födelsestenar!,,False,,,
,107,Kom sedan tillbaka hit.,,False,,,
,108,"Vad gör du här igen, Burton?",,False,,,
,109,Du måste hitta Zanthia i Feeskogen.,,False,,,
,110,"Välkommen tillbaka, Branson.",,False,,,
,111,"Hej igen, Darm.",,False,,,
,112,Du borde återvända till Feeskogen och slutföra dina uppdrag!,,False,,,
,113,Där finns redan en skriftrulle.,,False,,,
,114,Är inte det här pokalen från förra årets trestafett under Kyrandia-dagarna?,,False,,,
,115,Jag bar honom.,,False,,,
,116,Rör inte dem.,,False,,,
,117,Han får ett utbrott om han ser dig.,,False,,,
,118,Mörk skog,,False,,,
,119,En hög klippa,,False,,,
,120,FROG.WSA,,False,,,
,121,"Är du hungrig, lille vän?",,False,,,
,122,NEJ!,,False,,,
,123,SLURP,,False,,,
,124,Zanthias bostad,,False,,,
,125,En prins?,,False,,,
,126,En naturskön platå,,False,,,
,127,LIFTDOWN.WSA,,False,,,
,128,"Ha, jag skulle vilja se jordekorrarna försöka ta sig till mina blommor nu.",,False,,,
,129,Min gamla sandlåda fungerar utmärkt som planteringslåda.,,False,,,
,130,Åtminstone behöver jag inte putsa fönstren i dag.,,False,,,
,131,"Fin, stor skylt…",,False,,,
,132,…men vi borde nog ha använt brädorna till en ytterdörr.,,False,,,
,133,Jag låter den här vara på.,,False,,,
,134,Jag antar att malarna inte kommer att störa honom nu.,,False,,,
,135,Utanför Brandons hem,,False,,,
,136,LIFTUP.WSA,,False,,,
,137,"Hmm, jag tror att jag nästan kan se slottet härifrån.",,False,,,
,138,Vilken utsikt!,,False,,,
,139,SEALED.WSA,,False,,,
,140,Ingången är av massiv is.,,False,,,
,141,HA HA HA,,False,,,
,142,Vad i hela friden är det där?,,False,,,
,143,TOSS.WSA,,False,,,
,144,MALENTER.WSA,,False,,,
,145,SHUFFLE2.WSA,,False,,,
,146,JUGGLE.WSA,,False,,,
,147,JUGLTALK.WSA,,False,,,
,148,BEHIND.WSA,,False,,,
,149,JESTTALK.WSA,,False,,,
,150,BRANTALK.WSA,,False,,,
