source,target
1001,Den här diamanten glittrar i solljuset.
1002,Den här smaragden har min favoritfärg.
1003,Den här pärlan måste komma från havet.
1004,Det var farligt att få tag på den här rubinen.
1005,"Hmm, är inte det här Di Magno Ferro, Sil Quad Oxylate?"
1006,Hmm? Ett korundumkonundrum!
1007,Vilken märklig färgkombination.
1008,Ser ut som en enorm halstablett.
1009,Det här är den mörkaste ädelsten jag någonsin har sett.
1010,Den här stenen är varm vid beröring.
1011,Den här ädelstenen lyser med ett eget inre sken.
1012,Den här sällsynta ädelstenen har en liten regnbåge inuti.
1013,Luktar underbart!
1014,"En sällsynt, exotisk blomma."
1015,"Åh, titta, den har en halv mask i sig."
1016,Den här rosen kittlar i min hand.
1017,Jag skulle vilja behålla den här!
1018,Det här verkar viktigt!
1019,Åh nej! Kåda!
1020,Jag tror att jag håller på att bli tokig.
1021,Jag undrar hur en golvnöt smakar?
1022,Den lyser väldigt starkt!
1023,Den blir svagare.
1024,Åh nej! Den lyser jättesvagt!
1025,Oj då! Den slocknar nästan!
1026,Hjälp!!
1027,Inget mer kött.
1028,Jag älskar de här!
1029,Kan den här vara snidad av smaragd?
1030,Det kittlar!
1031,Uppenbarligen ett magiskt klot.
1032,Det här känns som en vattenmelon.
1033,Vad ÄR klockan?
1034,Var ska det här?
1035,Vad tänker jag på? Den är tom!
1036,Ingenting i den.
1037,Den här saken är tung.
1038,Det här är alldeles för stort för mitt huvud!
1039,Uppenbarligen ett kungligt föremål.
1040,Det här leder nog inte till toaletten!
1041,Ganska gott! Jag började bli hungrig.
1042,Det finns inget mer kött kvar på den här.
1043,"Sniff, sniff."
1044,Det känns som om jag är helt viktlös.
1045,Varför måste jag göra allt?
1046,Jag önskar att jag hade en häst att rida på.
1047,Jag kan inte tro att de lät det här hända!
1048,Synd att jag inte kan ta en snabb tupplur!
1049,Jag tror att jag får utslag!
1050,Var är alla?
